Genome,Ave_fit_x,Std_fit_x,Ave_thr_x,Std_thr_x,Seed_x,Num_Learning_x,Num_Mating_x,Ave_fit_y,Std_fit_y,Sum_fit,Ave_thr_y,Std_thr_y,Seed_y,Num_Learning_y,Num_Mating_y
"[1, 0, 0, 0, 0, 0, 0, 0, 0, 0]",1.12525960199059,4.31567466409719,10.2277716273911,2.20975149813494,35414,1,9,2.009841138163347,22.50325216784806,42.147453150007294,10.099085900826688,2.2648065162671323,39256,1,9
"[1, 0, 0, 0, 0, 0, 0, 0, 0, 1]",1.0928335954465345,4.19839384956132,10.1203411024808,2.21039438759102,99796,2,8,1.7163047310728756,20.247000254610125,34.96149821688216,9.900624928643053,2.206448159409225,54608,2,8
"[1, 0, 0, 0, 0, 0, 0, 0, 1, 0]",1.092537126703911,4.30756824822172,10.0153239719197,2.18236653996006,15562,2,8,1.778058406434764,21.52369487400988,35.6712385411737,10.128393490106497,2.142379292903817,95328,2,8
"[1, 0, 0, 0, 0, 0, 0, 0, 1, 1]",1.0941676213531593,4.51226819493627,10.0895693820631,2.13887469543274,56031,3,7,1.5603165141507422,19.67838927845961,30.51242493242177,10.229059567982826,2.2581995501755388,93231,3,7
"[1, 0, 0, 0, 0, 0, 0, 1, 0, 0]",1.0978535382889874,4.58201026514436,10.1307405115154,2.23191928208107,17371,2,8,1.7976135379453066,21.25792931362215,36.56603543181637,9.9995648040138,2.10979512699866,45171,2,8
"[1, 0, 0, 0, 0, 0, 0, 1, 0, 1]",1.084616322440367,5.06107944104003,10.0396830323781,2.17378063674774,3899,3,7,1.55971548634217,20.71517733396476,29.45630357190957,10.2841976310215,2.2619021157257677,22095,3,7
"[1, 0, 0, 0, 0, 0, 0, 1, 1, 0]",1.117427046231238,4.94933483731457,10.2277716273911,2.20975149813494,35414,3,7,1.547160464440873,19.675342408170597,30.092280199757997,10.08385544457454,2.1830698517689613,3638,3,7
"[1, 0, 0, 0, 0, 0, 0, 1, 1, 1]",1.066631573960482,5.03988896677818,10.1203411024808,2.21039438759102,99796,4,6,1.3190197605887803,18.924195182026665,23.504808897460293,10.026695564253204,2.236072705336013,52915,4,6
"[1, 0, 0, 0, 0, 0, 1, 0, 0, 0]",1.0877559856646877,4.1916509308235,10.0153239719197,2.18236653996006,15562,2,8,1.7355330192593608,21.11820134176236,34.70881486713043,9.965065508350476,2.287716019536244,88298,2,8
"[1, 0, 0, 0, 0, 0, 1, 0, 0, 1]",1.0982341683235477,4.48924231158766,10.0895693820631,2.13887469543274,56031,3,7,1.5840131728916498,19.83162941120711,31.12143693601784,10.150444858196876,2.156162460315704,54203,3,7
"[1, 0, 0, 0, 0, 0, 1, 0, 1, 0]",1.0906524081334876,4.54905928051654,10.1307405115154,2.23191928208107,17371,3,7,1.568594210118844,20.940613554866545,29.516469901171988,10.08790180173736,2.244839371944463,15125,3,7
"[1, 0, 0, 0, 0, 0, 1, 0, 1, 1]",1.0816311678472315,5.18417421903791,10.0396830323781,2.17378063674774,3899,4,6,1.3380457036451827,18.84770836765161,24.193304598795358,10.06930521169904,2.146734403988894,16453,4,6
"[1, 0, 0, 0, 0, 0, 1, 1, 0, 0]",1.1116241996762124,4.92971453914441,10.2277716273911,2.20975149813494,35414,3,7,1.483414606561301,19.426838482367003,28.290266502675134,10.080434333346052,2.158572122910193,11699,3,7
"[1, 0, 0, 0, 0, 0, 1, 1, 0, 1]",1.0641714099020705,4.9357249241633,10.1203411024808,2.21039438759102,99796,4,6,1.2982130650860626,18.33650280600541,23.4232107937306,10.009181844814744,2.24967616229159,10689,4,6
"[1, 0, 0, 0, 0, 0, 1, 1, 1, 0]",1.0644488597445065,5.03948135156621,10.0153239719197,2.18236653996006,15562,4,6,1.292271588896833,18.202752928097603,23.365840777150645,10.143636517701651,2.1675776277876824,79845,4,6
"[1, 0, 0, 0, 0, 0, 1, 1, 1, 1]",1.0699273390170456,5.42013439288933,10.0895693820631,2.13887469543274,56031,5,5,1.1251928021408206,16.844941376939893,19.34921690536805,10.128009013215111,2.25552074172233,26137,5,5
"[1, 0, 0, 0, 0, 1, 0, 0, 0, 0]",1.1096695345350747,4.30495634768103,10.1307405115154,2.23191928208107,17371,2,8,1.7488804994641174,20.947364084493376,35.30900148593264,10.223804467442132,2.117832344060566,94009,2,8
"[1, 0, 0, 0, 0, 1, 0, 0, 0, 1]",1.0779359671702688,4.6403400233514,10.0396830323781,2.17378063674774,3899,3,7,1.5289400213547812,20.27676493958818,28.90475935720914,10.182085576155258,2.1563690875508765,57169,3,7
"[1, 0, 0, 0, 0, 1, 0, 0, 1, 0]",1.1166813457612825,4.84458826702409,10.2277716273911,2.20975149813494,35414,3,7,1.5510160135300313,19.957985809117844,29.93365852533858,10.168730032087046,2.1530326474759094,51728,3,7
"[1, 0, 0, 0, 0, 1, 0, 0, 1, 1]",1.0751091559891794,5.01454170182284,10.1203411024808,2.21039438759102,99796,4,6,1.3369544130699627,18.29810692455693,24.70780241899415,10.231048049920888,2.088440026335803,21288,4,6
"[1, 0, 0, 0, 0, 1, 0, 1, 0, 0]",1.0864666606840265,4.42896467334045,10.0153239719197,2.18236653996006,15562,3,7,1.5582169585685341,19.23409964098824,30.88917801356221,10.130770442797251,2.2287421113972457,72058,3,7
"[1, 0, 0, 0, 0, 1, 0, 1, 0, 1]",1.0835967561575937,4.98946322823384,10.0895693820631,2.13887469543274,56031,4,6,1.3466098479454691,19.656714502115253,23.659781913716845,10.1399044419928,2.4870529126747827,56541,4,6
"[1, 0, 0, 0, 0, 1, 0, 1, 1, 0]",1.0806887252060482,5.13864496410624,10.1307405115154,2.23191928208107,17371,4,6,1.3224438954955884,18.50269755816261,24.03645091663259,10.032637073238108,2.2312440602973505,69971,4,6
"[1, 0, 0, 0, 0, 1, 0, 1, 1, 1]",1.0215788451959924,5.95890917082033,10.0396830323781,2.17378063674774,3899,5,5,1.1183923941706886,17.082399172272442,18.89300989480152,10.057325729981995,2.146205950878151,10339,5,5
"[1, 0, 0, 0, 0, 1, 1, 0, 0, 0]",1.109491291580263,4.91251527151891,10.2277716273911,2.20975149813494,35414,3,7,1.6139369287543213,20.692390454860337,31.223235512399505,10.369633298754486,2.214995060044108,6070,3,7
"[1, 0, 0, 0, 0, 1, 1, 0, 0, 1]",1.0695583841413103,5.01426044761431,10.1203411024808,2.21039438759102,99796,4,6,1.3381462588803839,20.05845861306535,22.985788920908217,10.1185946834453,2.2287111696033053,77424,4,6
"[1, 0, 0, 0, 0, 1, 1, 0, 1, 0]",1.0614699201955113,5.00314585898349,10.0153239719197,2.18236653996006,15562,4,6,1.301079854706529,19.85269231980272,21.99923750908781,10.030810749277236,2.176063076990913,37189,4,6
"[1, 0, 0, 0, 0, 1, 1, 0, 1, 1]",1.0709518659545936,5.37073092010825,10.0895693820631,2.13887469543274,56031,5,5,1.1183476039097169,17.085964499537152,18.888003795971237,10.141952387998373,2.132324789781211,85395,5,5
"[1, 0, 0, 0, 0, 1, 1, 1, 0, 0]",1.0758215749838178,5.29650220018029,10.1307405115154,2.23191928208107,17371,4,6,1.3568900639809698,18.763283879437097,24.883896989457007,10.172797246316891,2.2191089045457195,72449,4,6
"[1, 0, 0, 0, 0, 1, 1, 1, 0, 1]",1.0211375037703305,6.14997932741456,10.0396830323781,2.17378063674774,3899,5,5,1.1001407155353329,18.165693917172693,17.222612082596715,10.140010964152095,2.2284446111435727,25287,5,5
"[1, 0, 0, 0, 0, 1, 1, 1, 1, 0]",1.0771722546434463,5.97835013414351,10.2277716273911,2.20975149813494,35414,5,5,1.125844808906336,16.988767054621547,19.22636437649013,10.1318210820485,2.224818782468694,63100,5,5
"[1, 0, 0, 0, 1, 0, 0, 0, 0, 0]",1.088859459767047,4.09692938725122,10.0153239719197,2.18236653996006,15562,2,8,1.784468418590647,21.62920533380776,35.77191940620489,9.91137457826478,2.249719874602901,27065,2,8
"[1, 0, 0, 0, 1, 0, 0, 0, 0, 1]",1.0936031337266368,4.72040841185784,10.0895693820631,2.13887469543274,56031,3,7,1.5629168613842364,21.302718042398244,28.971741726096884,10.009501555396405,2.2501191069622863,75623,3,7
"[1, 0, 0, 0, 1, 0, 0, 0, 1, 0]",1.0970192868662207,4.56897782478129,10.1307405115154,2.23191928208107,17371,3,7,1.4988670330592715,20.67595735519348,27.538206951103792,10.043666625854966,2.27537692137974,33358,3,7
"[1, 0, 0, 0, 1, 0, 0, 0, 1, 1]",1.074679846784163,4.90123409515984,10.0396830323781,2.17378063674774,3899,4,6,1.3433638526392278,19.279285268261383,23.9327969816836,10.067687095261384,2.217876670846334,32587,4,6
"[1, 0, 0, 0, 1, 0, 0, 1, 0, 0]",1.1059761807960118,4.91964293023207,10.2277716273911,2.20975149813494,35414,3,7,1.596973522764946,18.819030272570654,32.55093258680374,10.052747009558006,2.2710529769140004,12937,3,7
"[1, 0, 0, 0, 1, 0, 0, 1, 0, 1]",1.067925218389012,4.6555192707776,10.1203411024808,2.21039438759102,99796,4,6,1.283037887920418,17.952457939873735,23.31911463794106,10.080176266033384,2.1332179792234345,74798,4,6
"[1, 0, 0, 0, 1, 0, 0, 1, 1, 0]",1.0738791158343903,4.892670152637489,10.0153239719197,2.18236653996006,15562,4,6,1.3148014778418151,19.002140225798197,23.291174047343844,10.066106387206489,2.197455266906373,38801,4,6
"[1, 0, 0, 0, 1, 0, 0, 1, 1, 1]",1.0537713754837195,5.56573562599908,10.0895693820631,2.13887469543274,56031,5,5,1.0700241446162728,17.54387896392397,16.87566511994012,9.91813863705434,2.171903074125161,88757,5,5
"[1, 0, 0, 0, 1, 0, 1, 0, 0, 0]",1.1002177999739504,4.55050332899755,10.1307405115154,2.23191928208107,17371,3,7,1.547763257496821,20.194095885104517,29.592916810671195,9.93535383273941,2.1414707785191376,38455,3,7
"[1, 0, 0, 0, 1, 0, 1, 0, 0, 1]",1.0758621166850268,5.0824971922531,10.0396830323781,2.17378063674774,3899,4,6,1.363980496865989,19.830902101303096,24.04435723524756,10.031994959820215,2.211769662295513,54902,4,6
"[1, 0, 0, 0, 1, 0, 1, 0, 1, 0]",1.1032776349237678,5.13120775088198,10.2277716273911,2.20975149813494,35414,4,6,1.3709470953336202,19.920098775475715,24.179255638067065,10.139407856352372,2.140667820851765,65072,4,6
"[1, 0, 0, 0, 1, 0, 1, 0, 1, 1]",1.0428624979459722,5.606663046087751,10.1203411024808,2.21039438759102,99796,5,5,1.1392824202214746,17.560076531150273,19.08730351544392,9.988298732840985,2.0992474928133764,84675,5,5
"[1, 0, 0, 0, 1, 0, 1, 1, 0, 0]",1.0657425285957804,4.95079196099688,10.0153239719197,2.18236653996006,15562,4,6,1.3011330547061324,18.08190205314521,23.771739063981965,10.156707110949194,2.2583887237715383,30914,4,6
"[1, 0, 0, 0, 1, 0, 1, 1, 0, 1]",1.0586814560012348,5.74927607486961,10.0895693820631,2.13887469543274,56031,5,5,1.1527494638606328,17.972598491040433,19.107976922732657,10.057662665214236,2.186523255473932,2170,5,5
"[1, 0, 0, 0, 1, 0, 1, 1, 1, 0]",1.0413027784346633,5.65991052812033,10.1307405115154,2.23191928208107,17371,5,5,1.0550371978268163,17.36752023775394,16.569937644319612,10.064197455370191,2.1930292563658207,61825,5,5
"[1, 0, 0, 0, 1, 1, 0, 0, 0, 0]",1.110375935360218,4.94105467408339,10.2277716273911,2.20975149813494,35414,3,7,1.5535516646766758,20.32761614431757,29.645592664045687,10.117768352616244,2.225905204791976,19825,3,7
"[1, 0, 0, 0, 1, 1, 0, 0, 0, 1]",1.0663825529158497,4.84925205299901,10.1203411024808,2.21039438759102,99796,4,6,1.3137059980436914,19.48872923384979,22.76934666136011,10.236667864783705,2.157917923954872,49779,4,6
"[1, 0, 0, 0, 1, 1, 0, 0, 1, 0]",1.0642560677919346,4.8294408713333,10.0153239719197,2.18236653996006,15562,4,6,1.319487744076978,19.047374379412982,23.396683358800825,9.918301107017312,2.1138589056828865,89844,4,6
"[1, 0, 0, 0, 1, 1, 0, 0, 1, 1]",1.0568748801072272,5.55600471609715,10.0895693820631,2.13887469543274,56031,5,5,1.08419817079644,18.230307442261264,16.645173567333664,10.0081660881851,2.17411989693462,39582,5,5
"[1, 0, 0, 0, 1, 1, 0, 1, 0, 0]",1.0829941344496417,5.15928599316263,10.1307405115154,2.23191928208107,17371,4,6,1.3686690670869563,20.592236220799567,23.43384069330094,10.17853084471472,2.277720260612947,75641,4,6
"[1, 0, 0, 0, 1, 1, 0, 1, 0, 1]",1.0081933245878056,5.74399397881988,10.0396830323781,2.17378063674774,3899,5,5,1.0905894235202194,16.913203225352724,18.167865673061407,10.032204229621628,2.1478237105346434,66062,5,5
"[1, 0, 0, 0, 1, 1, 0, 1, 1, 0]",1.0707150112206696,5.98053917362965,10.2277716273911,2.20975149813494,35414,5,5,1.134783326127085,16.92939725489018,19.573260106427764,10.104488203393482,2.148029888504128,6749,5,5
"[1, 0, 0, 0, 1, 1, 1, 0, 0, 0]",1.0519822854008136,4.84403082077642,10.0153239719197,2.18236653996006,15562,4,6,1.3400017456509323,19.579219255434825,23.52471385574488,9.906243637632144,2.2819993686380413,2145,4,6
"[1, 0, 0, 0, 1, 1, 1, 0, 0, 1]",1.0560637281072294,5.69537624301989,10.0895693820631,2.13887469543274,56031,5,5,1.086059998250969,17.666465371393738,17.268905176647717,10.09019206007173,2.086144274524726,49167,5,5
"[1, 0, 0, 0, 1, 1, 1, 0, 1, 0]",1.0555849359719334,5.57819112810507,10.1307405115154,2.23191928208107,17371,5,5,1.0771391644425863,18.38083916905769,16.267574272382614,10.085331718432377,2.218022632402438,36904,5,5
"[1, 0, 0, 0, 1, 1, 1, 1, 0, 0]",1.0653794494027913,6.00621096010516,10.2277716273911,2.20975149813494,35414,5,5,1.1163775161604357,18.407474512992795,17.50312182733435,10.071524763373349,2.219184830406138,30308,5,5
"[1, 0, 0, 1, 0, 0, 0, 0, 0, 0]",1.1068940714423223,4.29229225706856,10.1307405115154,2.23191928208107,17371,2,8,1.7449005574412266,21.44361409177029,34.684728395627786,9.923404040096251,2.173274266621921,38303,2,8
"[1, 0, 0, 1, 0, 0, 0, 0, 0, 1]",1.0843813632771198,4.97762606933534,10.0396830323781,2.17378063674774,3899,3,7,1.5057477267945154,19.654028026573013,28.78146805297385,9.91625487132938,2.1938262097390715,98322,3,7
"[1, 0, 0, 1, 0, 0, 0, 0, 1, 0]",1.1166913144004236,4.74477260084918,10.2277716273911,2.20975149813494,35414,3,7,1.5620190604561843,21.019401730528937,29.22617841055114,10.133953549745709,2.2394178511750424,89998,3,7
"[1, 0, 0, 1, 0, 0, 0, 0, 1, 1]",1.0774694722845406,4.93028546097312,10.1203411024808,2.21039438759102,99796,4,6,1.3124893841448506,18.82797008408369,23.39097090381137,10.116295450050693,2.1570206301092982,44588,4,6
"[1, 0, 0, 1, 0, 0, 0, 1, 0, 0]",1.0851384700557458,4.50423303418397,10.0153239719197,2.18236653996006,15562,3,7,1.588770580178997,20.967708569167677,30.13838964250223,10.267068994520915,2.2990842661851443,50348,3,7
"[1, 0, 0, 1, 0, 0, 0, 1, 0, 1]",1.0745372245140992,5.26450742925543,10.0895693820631,2.13887469543274,56031,4,6,1.3122209317379576,19.5472526419403,22.66305301795776,10.005718218530795,2.218267136089798,84911,4,6
"[1, 0, 0, 1, 0, 0, 0, 1, 1, 0]",1.0646348263870364,5.24008481988835,10.1307405115154,2.23191928208107,17371,4,6,1.311103801269501,18.718539151509464,23.45583169177728,9.936419561120772,2.1602176917106317,38773,4,6
"[1, 0, 0, 1, 0, 0, 0, 1, 1, 1]",1.0446075458607176,6.13623511237634,10.0396830323781,2.17378063674774,3899,5,5,1.1439310333397557,17.546104135445145,19.250808185685603,10.16704868521936,2.1742311059473614,14717,5,5
"[1, 0, 0, 1, 0, 0, 1, 0, 0, 0]",1.1036005302172882,4.93396862686646,10.2277716273911,2.20975149813494,35414,3,7,1.5407028625518933,20.64047671160616,28.919423749105373,10.047374323457024,2.351248513684839,33364,3,7
"[1, 0, 0, 1, 0, 0, 1, 0, 0, 1]",1.0736150904245314,4.70523634595892,10.1203411024808,2.21039438759102,99796,4,6,1.3331990872435617,19.318446212621737,23.566665293346496,10.079222626591342,2.228490903948771,57735,4,6
"[1, 0, 0, 1, 0, 0, 1, 0, 1, 0]",1.0540194673386936,5.0778750450661,10.0153239719197,2.18236653996006,15562,4,6,1.3180638515967948,19.72839057525536,22.669864710519462,10.081644560439331,2.142276842146259,49293,4,6
"[1, 0, 0, 1, 0, 0, 1, 0, 1, 1]",1.0600838870262832,5.46551931960012,10.0895693820631,2.13887469543274,56031,5,5,1.058204327101573,16.946331312050127,17.09300384656926,10.095525936791878,2.2310529485353183,546,5,5
"[1, 0, 0, 1, 0, 0, 1, 1, 0, 0]",1.069626708303221,5.291197795901,10.1307405115154,2.23191928208107,17371,4,6,1.3387657173589615,18.665244180547457,24.398929519128824,10.06655815827624,2.068329769466125,84474,4,6
"[1, 0, 0, 1, 0, 0, 1, 1, 0, 1]",1.041232138231206,6.28840382665096,10.0396830323781,2.17378063674774,3899,5,5,1.0557812743934933,16.469736089694795,17.491656557138388,9.988729683222193,2.237372301577086,5953,5,5
"[1, 0, 0, 1, 0, 0, 1, 1, 1, 0]",1.0744996605552737,6.01214414201481,10.2277716273911,2.20975149813494,35414,5,5,1.0989649150479215,17.541786367993193,17.80869757241997,10.107242545230015,2.1449608468799526,53067,5,5
"[1, 0, 0, 1, 0, 1, 0, 0, 0, 0]",1.076638702313359,4.48909945368032,10.0153239719197,2.18236653996006,15562,3,7,1.609290028199167,20.90527123383321,30.860877547032096,10.108569379668136,2.078908345006772,61468,3,7
"[1, 0, 0, 1, 0, 1, 0, 0, 0, 1]",1.0757038604780365,5.15089622037965,10.0895693820631,2.13887469543274,56031,4,6,1.3137819113836235,18.53803865607124,23.722479149037127,10.071120516721283,2.120998146518956,96728,4,6
"[1, 0, 0, 1, 0, 1, 0, 0, 1, 0]",1.0874122240757624,4.77286173822462,10.1307405115154,2.23191928208107,17371,4,6,1.353746323666747,20.621911395333026,22.924144551401103,10.135048812862776,2.127367180490595,21002,4,6
"[1, 0, 0, 1, 0, 1, 0, 0, 1, 1]",1.0244999476878922,5.68910643220357,10.0396830323781,2.17378063674774,3899,5,5,1.1040486465488049,18.28242599236621,17.23158670708064,9.99593812181758,2.2172504341201744,75138,5,5
"[1, 0, 0, 1, 0, 1, 0, 1, 0, 0]",1.0828311271515212,5.49399695367601,10.2277716273911,2.20975149813494,35414,4,6,1.3201968829094535,19.042662299370186,23.424206358979184,10.12861018131324,2.1814797584466072,53470,4,6
"[1, 0, 0, 1, 0, 1, 0, 1, 0, 1]",1.034931183047676,5.52048803753583,10.1203411024808,2.21039438759102,99796,5,5,1.116082596525579,18.54306712387753,17.358042515215605,10.260323506947357,2.214366923239391,56830,5,5
"[1, 0, 0, 1, 0, 1, 0, 1, 1, 0]",1.0319492199531164,5.68693934729402,10.0153239719197,2.18236653996006,15562,5,5,1.111331952193711,17.075653320698265,18.67264199842817,9.924241968778444,2.2185182049117538,11984,5,5
"[1, 0, 0, 1, 0, 1, 1, 0, 0, 0]",1.0863263662447027,4.94029490134805,10.1307405115154,2.23191928208107,17371,4,6,1.3281957322143132,18.34524479591147,24.378923426801972,10.03315564337421,2.205686371081604,90808,4,6
"[1, 0, 0, 1, 0, 1, 1, 0, 0, 1]",1.030303998756805,5.86878905049248,10.0396830323781,2.17378063674774,3899,5,5,1.098967532316947,18.20524808922377,17.145320041071518,9.954435842018992,2.089069135084588,16332,5,5
"[1, 0, 0, 1, 0, 1, 1, 0, 1, 0]",1.071276779114024,5.95984888835313,10.2277716273911,2.20975149813494,35414,5,5,1.1026295439664462,18.486310009969124,16.98205431402866,10.149499776159418,2.23287312538963,39916,5,5
"[1, 0, 0, 1, 0, 1, 1, 1, 0, 0]",1.0284519885492591,5.57144929166392,10.0153239719197,2.18236653996006,15562,5,5,1.108221484021647,18.113569632805124,17.534671031565644,10.02573006867298,2.1989561803495588,73080,5,5
"[1, 0, 0, 1, 1, 0, 0, 0, 0, 0]",1.1056146177420063,4.90607489496394,10.2277716273911,2.20975149813494,35414,3,7,1.5886330175068895,20.311676286052705,30.78999693718986,10.151695450604642,2.20350048687788,1181,3,7
"[1, 0, 0, 1, 1, 0, 0, 0, 0, 1]",1.0793646741922651,4.58879180141575,10.1203411024808,2.21039438759102,99796,4,6,1.3161336860353414,19.873214869456238,22.462952641041863,10.031567532345392,2.176361937245754,4368,4,6
"[1, 0, 0, 1, 1, 0, 0, 0, 1, 0]",1.0642928648351015,4.956331434288471,10.0153239719197,2.18236653996006,15562,4,6,1.2923618210931342,18.87232181245475,22.69917439838087,9.898534015769512,2.219655026133181,85466,4,6
"[1, 0, 0, 1, 1, 0, 0, 0, 1, 1]",1.0488547199476783,5.7995796683824,10.0895693820631,2.13887469543274,56031,5,5,1.1502150246217187,18.057774833273044,18.941275090116868,10.133576007965686,2.257022453500603,66928,5,5
"[1, 0, 0, 1, 1, 0, 0, 1, 0, 0]",1.072117883525785,5.17082075983717,10.1307405115154,2.23191928208107,17371,4,6,1.2781873715666434,18.949458891814263,22.1660867754787,9.85733130767156,2.169313486682983,39702,4,6
"[1, 0, 0, 1, 1, 0, 0, 1, 0, 1]",1.0369939119755278,6.00363609179206,10.0396830323781,2.17378063674774,3899,5,5,1.110300249625446,17.949201914231857,17.765906553730048,10.167950368154854,2.2223029876113283,12471,5,5
"[1, 0, 0, 1, 1, 0, 0, 1, 1, 0]",1.0633122326022093,6.0274349140280705,10.2277716273911,2.20975149813494,35414,5,5,1.105685622207973,18.540115585030595,17.02655382889176,10.02195087728076,2.125397029566583,12514,5,5
"[1, 0, 0, 1, 1, 0, 1, 0, 0, 0]",1.0552409203839261,5.0205903865373,10.0153239719197,2.18236653996006,15562,4,6,1.362732458696671,18.939127991844508,24.895985610609088,10.349404590259244,2.212387740704433,254,4,6
"[1, 0, 0, 1, 1, 0, 1, 0, 0, 1]",1.0478450665164338,5.79255947836924,10.0895693820631,2.13887469543274,56031,5,5,1.0937464013325242,17.4900063559942,17.69261327613854,9.789850010745283,2.171502537107627,19943,5,5
"[1, 0, 0, 1, 1, 0, 1, 0, 1, 0]",1.0499982694097,5.54715763131248,10.1307405115154,2.23191928208107,17371,5,5,1.1133660752491328,17.610523649329487,18.203203453304223,10.156238625036243,2.1295049330684344,41192,5,5
"[1, 0, 0, 1, 1, 0, 1, 1, 0, 0]",1.0578130893852924,6.14927548208679,10.2277716273911,2.20975149813494,35414,5,5,1.1013493195351498,18.446719778510484,16.98046347357227,10.025619861379814,2.183931970165601,74789,5,5
"[1, 0, 0, 1, 1, 1, 0, 0, 0, 0]",1.1003933965860972,4.78850972653863,10.1307405115154,2.23191928208107,17371,4,6,1.3200753423097187,18.80421524737691,23.65874380570645,10.176413367669138,2.3014183048962304,7720,4,6
"[1, 0, 0, 1, 1, 1, 0, 0, 0, 1]",1.0212834948413265,5.62541708024638,10.0396830323781,2.17378063674774,3899,5,5,1.1548450019165468,18.40429672115775,18.743686016887278,10.087874385127751,2.1033335904875403,72741,5,5
"[1, 0, 0, 1, 1, 1, 0, 0, 1, 0]",1.077313068462117,5.96027035994261,10.2277716273911,2.20975149813494,35414,5,5,1.069427544078131,17.293430367803964,17.106922823381346,10.187225885036446,2.215708274215133,37763,5,5
"[1, 0, 0, 1, 1, 1, 0, 1, 0, 0]",1.0283532825040762,5.68357317045026,10.0153239719197,2.18236653996006,15562,5,5,1.1566283671520299,18.960907355334868,18.24444102127932,10.18807187152652,2.204745024746173,46443,5,5
"[1, 0, 0, 1, 1, 1, 1, 0, 0, 0]",1.0602774208506058,6.33039013125176,10.2277716273911,2.20975149813494,35414,5,5,1.073130254215174,18.156099188499844,16.363359347581607,9.935269267322264,2.1082930293474558,31858,5,5
"[1, 0, 1, 0, 0, 0, 0, 0, 0, 0]",1.0914077245633278,4.28021156615537,10.0153239719197,2.18236653996006,15562,2,8,1.7998884455355473,21.980169433653327,35.916972428846506,10.164866971035664,2.2822642676302727,26867,2,8
"[1, 0, 1, 0, 0, 0, 0, 0, 0, 1]",1.09359213509641,4.53556324358042,10.0895693820631,2.13887469543274,56031,3,7,1.5670279528479854,20.423338219255808,29.98336332582096,10.101834977670796,2.0533472754010136,4450,3,7
"[1, 0, 1, 0, 0, 0, 0, 0, 1, 0]",1.0989657093748886,4.46711074038112,10.1307405115154,2.23191928208107,17371,3,7,1.560558495498902,19.82254186013494,30.376056182281797,10.006310602383088,2.070976748274199,68454,3,7
"[1, 0, 1, 0, 0, 0, 0, 0, 1, 1]",1.082703093241278,5.02515846346864,10.0396830323781,2.17378063674774,3899,4,6,1.3458803551288183,19.37396282567513,23.91906794193968,10.020695390213405,2.227679799547084,48077,4,6
"[1, 0, 1, 0, 0, 0, 0, 1, 0, 0]",1.110923263361839,4.75624535241486,10.2277716273911,2.20975149813494,35414,3,7,1.5306549196574784,20.04663996164485,29.19004759294064,9.87681916271124,2.0953196509896475,87801,3,7
"[1, 0, 1, 0, 0, 0, 0, 1, 0, 1]",1.077065307042337,4.69785670552306,10.1203411024808,2.21039438759102,99796,4,6,1.325762750142248,19.12535093613705,23.520555376220408,10.19589185112498,2.1852606583401144,60345,4,6
"[1, 0, 1, 0, 0, 0, 0, 1, 1, 0]",1.0645916364844683,5.19077977478757,10.0153239719197,2.18236653996006,15562,4,6,1.3838249082645648,20.02047583624169,24.493120117653763,10.074514626575017,2.2128641771741613,67780,4,6
"[1, 0, 1, 0, 0, 0, 0, 1, 1, 1]",1.069158879052484,5.32624771180512,10.0895693820631,2.13887469543274,56031,5,5,1.1149276091827724,18.13790561469184,17.72605146297355,10.034694059450109,2.0881215703567544,38526,5,5
"[1, 0, 1, 0, 0, 0, 1, 0, 0, 0]",1.0968829196708008,4.46709076595273,10.1307405115154,2.23191928208107,17371,3,7,1.5466519838271942,22.606880996125017,27.14438527911111,10.159461611414269,2.2555535994384046,58082,3,7
"[1, 0, 1, 0, 0, 0, 1, 0, 0, 1]",1.0779217361413909,5.26690345737755,10.0396830323781,2.17378063674774,3899,4,6,1.3572346704133194,19.877488552759612,23.78077729617864,10.083894651389512,2.329479766473012,72037,4,6
"[1, 0, 1, 0, 0, 0, 1, 0, 1, 0]",1.0981417757881131,5.06468474314355,10.2277716273911,2.20975149813494,35414,4,6,1.3112927886159687,19.13023940031128,23.05021061262389,10.055107255529911,2.1806464898488733,46840,4,6
"[1, 0, 1, 0, 0, 0, 1, 0, 1, 1]",1.0558686509758537,5.74632190200801,10.1203411024808,2.21039438759102,99796,5,5,1.0953998277604078,17.30493848974369,17.930867029932152,10.186031710794506,2.270709793335197,41103,5,5
"[1, 0, 1, 0, 0, 0, 1, 1, 0, 0]",1.0663297015382867,5.00858113574391,10.0153239719197,2.18236653996006,15562,4,6,1.3167906789253883,19.55237048740567,22.80493056092476,10.027750279548918,2.1469783429707654,98065,4,6
"[1, 0, 1, 0, 0, 0, 1, 1, 0, 1]",1.0626983148685998,5.65196731532214,10.0895693820631,2.13887469543274,56031,5,5,1.1269609318484717,17.36955327815089,18.881480560400043,10.041017741019392,2.2485395511058783,64893,5,5
"[1, 0, 1, 0, 0, 0, 1, 1, 1, 0]",1.0338364933042208,5.74962844353122,10.1307405115154,2.23191928208107,17371,5,5,1.14120716212294,17.693669394512902,19.015623964094743,10.006236753391976,2.12325080888515,13968,5,5
"[1, 0, 1, 0, 0, 1, 0, 0, 0, 0]",1.1120757640347385,4.7168749213127,10.2277716273911,2.20975149813494,35414,3,7,1.5588045951759704,19.689962182930955,30.45221802089065,10.038932885260904,2.02803818584825,86216,3,7
"[1, 0, 1, 0, 0, 1, 0, 0, 0, 1]",1.0765150550655844,4.91438152772184,10.1203411024808,2.21039438759102,99796,4,6,1.352606431699261,20.243328081852933,23.266060877483635,10.031792433909365,2.152575610218489,5072,4,6
"[1, 0, 1, 0, 0, 1, 0, 0, 1, 0]",1.0731972522956812,5.02073487036903,10.0153239719197,2.18236653996006,15562,4,6,1.3557200471422808,20.1145090398574,23.495035812727405,10.06172736882314,2.25813096046829,1325,4,6
"[1, 0, 1, 0, 0, 1, 0, 0, 1, 1]",1.0658344501423989,5.23703745618398,10.0895693820631,2.13887469543274,56031,5,5,1.1021428100303263,17.02129404808139,18.43141347017449,10.17887781659982,2.1947438504974004,56439,5,5
"[1, 0, 1, 0, 0, 1, 0, 1, 0, 0]",1.082644397839502,5.13041238722014,10.1307405115154,2.23191928208107,17371,4,6,1.2902565624369817,19.109540186229697,22.39423601708276,10.121243748321158,2.252550551975638,73895,4,6
"[1, 0, 1, 0, 0, 1, 0, 1, 0, 1]",1.0360794382615552,5.83351906483647,10.0396830323781,2.17378063674774,3899,5,5,1.1416261106580232,19.027919529203643,17.694850177245975,10.248406143916334,2.309970526596593,48634,5,5
"[1, 0, 1, 0, 0, 1, 0, 1, 1, 0]",1.071435905494822,5.8582701405921,10.2277716273911,2.20975149813494,35414,5,5,1.0917636831385293,16.844955458366577,18.273885934155917,10.049692031366874,2.1674154334137645,92703,5,5
"[1, 0, 1, 0, 0, 1, 1, 0, 0, 0]",1.0698580523673713,4.87364283413912,10.0153239719197,2.18236653996006,15562,4,6,1.3301264972488582,18.67859834361413,24.10767693767035,10.1321561983992,2.2781209907180373,15984,4,6
"[1, 0, 1, 0, 0, 1, 1, 0, 0, 1]",1.0634298515233633,5.44712088905395,10.0895693820631,2.13887469543274,56031,5,5,1.1156205737875367,17.315279075216147,18.570968645031694,10.2069827748945,2.184576102607733,72216,5,5
"[1, 0, 1, 0, 0, 1, 1, 0, 1, 0]",1.0510935354469135,5.47225456232822,10.1307405115154,2.23191928208107,17371,5,5,1.108171153502013,17.789346048127374,17.857275630776545,9.981841027576072,2.228183914888179,83194,5,5
"[1, 0, 1, 0, 0, 1, 1, 1, 0, 0]",1.0660838724350716,5.7816141082599,10.2277716273911,2.20975149813494,35414,5,5,1.1198706042511881,19.213537459346675,16.80942129834591,10.13821175997441,2.1061275773523342,45400,5,5
"[1, 0, 1, 0, 1, 0, 0, 0, 0, 0]",1.0956532280071645,4.6325294117877,10.1307405115154,2.23191928208107,17371,3,7,1.540755988308664,21.3711067442795,28.190502616494108,10.208711633826711,2.249706583505566,48327,3,7
"[1, 0, 1, 0, 1, 0, 0, 0, 0, 1]",1.0755569365763986,4.99004223366613,10.0396830323781,2.17378063674774,3899,4,6,1.257494614300716,18.55584477662244,21.894075470426653,9.892868174214948,2.1688943777796923,80129,4,6
"[1, 0, 1, 0, 1, 0, 0, 0, 1, 0]",1.0930575795575268,5.12332409378752,10.2277716273911,2.20975149813494,35414,4,6,1.3333051237937577,18.87122185861832,24.017300532732584,10.086218530179412,2.186362757770905,675,4,6
"[1, 0, 1, 0, 1, 0, 0, 0, 1, 1]",1.0572812072730526,5.62001648231621,10.1203411024808,2.21039438759102,99796,5,5,1.0603398999556173,17.66448057820098,16.443549706938597,9.990961688660148,2.1273905972028886,99969,5,5
"[1, 0, 1, 0, 1, 0, 0, 1, 0, 0]",1.0620819408499367,4.99943883362112,10.0153239719197,2.18236653996006,15562,4,6,1.3451046662286512,19.30359203576665,23.96448709086978,10.169889282338104,2.161934261072134,3678,4,6
"[1, 0, 1, 0, 1, 0, 0, 1, 0, 1]",1.0364297304477752,5.79061615367865,10.0895693820631,2.13887469543274,56031,5,5,1.0780334783791243,19.24551894126314,15.431661961283869,10.305565882561556,2.388726259262631,43796,5,5
"[1, 0, 1, 0, 1, 0, 0, 1, 1, 0]",1.0418241757283235,5.69171812576441,10.1307405115154,2.23191928208107,17371,5,5,1.1045819551017648,18.882919073776023,16.648248600482628,10.102090815372744,2.201311927028408,74486,5,5
"[1, 0, 1, 0, 1, 0, 1, 0, 0, 0]",1.0848089514271029,5.20169968871555,10.2277716273911,2.20975149813494,35414,4,6,1.3590786452285937,18.673293215820827,25.04428790442528,10.155232940986917,2.162681148211611,73912,4,6
"[1, 0, 1, 0, 1, 0, 1, 0, 0, 1]",1.0602950940872167,5.19857864016706,10.1203411024808,2.21039438759102,99796,5,5,1.147582247741731,18.298801965094093,18.61555923389679,10.119679885104004,2.159515171443537,79420,5,5
"[1, 0, 1, 0, 1, 0, 1, 0, 1, 0]",1.0346488551160127,5.47203550442896,10.0153239719197,2.18236653996006,15562,5,5,1.1359438342931854,17.921791943894142,18.618195567573917,10.23525872638674,2.117628230634106,70019,5,5
"[1, 0, 1, 0, 1, 0, 1, 1, 0, 0]",1.0396112738811456,5.72093906822662,10.1307405115154,2.23191928208107,17371,5,5,1.160102326681093,20.04705742312556,17.27003806102612,10.069405284843098,2.1960603437985533,70489,5,5
"[1, 0, 1, 0, 1, 1, 0, 0, 0, 0]",1.0626685775228808,4.68281971432852,10.0153239719197,2.18236653996006,15562,4,6,1.3647430304821515,19.43964524509845,24.46014256545813,10.112813098129996,2.2428935497143763,15939,4,6
"[1, 0, 1, 0, 1, 1, 0, 0, 0, 1]",1.0281082440378102,5.72573788229057,10.0895693820631,2.13887469543274,56031,5,5,1.1325447953477508,18.9095165061578,17.521133873607393,9.98391868226384,2.1938070819214435,88499,5,5
"[1, 0, 1, 0, 1, 1, 0, 0, 1, 0]",1.0773477176881143,5.4159907553625,10.1307405115154,2.23191928208107,17371,5,5,1.131355726941755,18.33654082144186,18.055860708869957,9.94676547348871,2.226623504895539,73887,5,5
"[1, 0, 1, 0, 1, 1, 0, 1, 0, 0]",1.0519705244531052,5.88571401053897,10.2277716273911,2.20975149813494,35414,5,5,1.1075255049380535,18.14212371147133,17.48372934335836,10.179512104961171,2.160071655901971,24341,5,5
"[1, 0, 1, 0, 1, 1, 1, 0, 0, 0]",1.0671822445890113,5.63745950322795,10.1307405115154,2.23191928208107,17371,5,5,1.1239301301554454,19.1127390989484,17.040802722242514,10.133967186396204,2.322608775432077,75199,5,5
"[1, 0, 1, 1, 0, 0, 0, 0, 0, 0]",1.1038355998604477,4.70799935707432,10.2277716273911,2.20975149813494,35414,3,7,1.5644130204753197,20.63019095233822,29.692395873897727,10.050756852351675,2.2271130894928586,29166,3,7
"[1, 0, 1, 1, 0, 0, 0, 0, 0, 1]",1.0841841253832614,4.60807491571853,10.1203411024808,2.21039438759102,99796,4,6,1.302208382890551,19.68877908176318,22.199452194879967,10.176257505404626,2.157643405976646,24531,4,6
"[1, 0, 1, 1, 0, 0, 0, 0, 1, 0]",1.0708271091079113,5.03097015530406,10.0153239719197,2.18236653996006,15562,4,6,1.3473167356587923,19.34522938786743,23.994005536187583,10.068350547486109,2.213391166024569,38270,4,6
"[1, 0, 1, 1, 0, 0, 0, 0, 1, 1]",1.0587142923740065,5.55397541817127,10.0895693820631,2.13887469543274,56031,5,5,1.1527045606876205,18.345439817245616,18.733691192912108,10.153832299248124,2.2113229793680818,76874,5,5
"[1, 0, 1, 1, 0, 0, 0, 1, 0, 0]",1.0721921289816956,5.07871806859086,10.1307405115154,2.23191928208107,17371,4,6,1.327882295542864,18.859045877461718,23.8550400051618,9.887187224089544,2.219231275287855,57152,4,6
"[1, 0, 1, 1, 0, 0, 0, 1, 0, 1]",1.038036664239823,6.11346447568181,10.0396830323781,2.17378063674774,3899,5,5,1.1440837452998718,18.208844998529543,18.592979619272075,10.146910828338235,2.270428000565813,49429,5,5
"[1, 0, 1, 1, 0, 0, 0, 1, 1, 0]",1.069111080746123,5.88792761679125,10.2277716273911,2.20975149813494,35414,5,5,1.0874631867913858,17.74357324667921,17.23693376867267,10.100499514441244,2.0832942142951967,22144,5,5
"[1, 0, 1, 1, 0, 0, 1, 0, 0, 0]",1.0687606888763437,4.97368128985001,10.0153239719197,2.18236653996006,15562,4,6,1.3118487409077113,20.69410104960337,21.504232320927454,10.089915953368218,2.3159791612960268,39051,4,6
"[1, 0, 1, 1, 0, 0, 1, 0, 0, 1]",1.0477596820788555,5.70254382717597,10.0895693820631,2.13887469543274,56031,5,5,1.1025324956801335,18.798860694028463,16.66638187072135,10.11856042118478,2.2306772022181223,51949,5,5
"[1, 0, 1, 1, 0, 0, 1, 0, 1, 0]",1.0431514189435966,5.60903205570687,10.1307405115154,2.23191928208107,17371,5,5,1.1202871702602326,18.124361543309536,17.91199692333755,10.050836906202589,2.294795234809901,6984,5,5
"[1, 0, 1, 1, 0, 0, 1, 1, 0, 0]",1.0611446398955962,5.723686607689,10.2277716273911,2.20975149813494,35414,5,5,1.1440843455332483,18.8187948789544,17.98304904659768,10.162501061999608,2.280445371419865,28065,5,5
"[1, 0, 1, 1, 0, 1, 0, 0, 0, 0]",1.0961263446494849,4.6898609473102,10.1307405115154,2.23191928208107,17371,4,6,1.3378991069521364,19.79029879296101,23.24599858705339,10.027989553722486,2.1896547417595604,14949,4,6
"[1, 0, 1, 1, 0, 1, 0, 0, 0, 1]",1.0295549009744749,5.63412767933895,10.0396830323781,2.17378063674774,3899,5,5,1.1002323987029914,18.289075416582616,17.102179762274798,10.034125774272034,2.168126516427786,48269,5,5
"[1, 0, 1, 1, 0, 1, 0, 0, 1, 0]",1.0647400187730023,5.8478293910135,10.2277716273911,2.20975149813494,35414,5,5,1.133047290325876,18.10687062022432,18.339943551861367,10.15201828522928,2.1080283987236226,68891,5,5
"[1, 0, 1, 1, 0, 1, 0, 1, 0, 0]",1.0356553640736696,5.7833646198712,10.0153239719197,2.18236653996006,15562,5,5,1.1268841014713633,18.56230661935438,17.686255810896874,10.061905228167175,2.0802500370307757,20373,5,5
"[1, 0, 1, 1, 0, 1, 1, 0, 0, 0]",1.0471228254271132,5.8670276738602,10.2277716273911,2.20975149813494,35414,5,5,1.1125693012963342,18.805965067080766,16.98213215016092,10.018270166866948,2.200666859366745,24573,5,5
"[1, 0, 1, 1, 1, 0, 0, 0, 0, 0]",1.0662792719219518,4.89418662452326,10.0153239719197,2.18236653996006,15562,4,6,1.348505467394134,20.819400147591487,22.5580727962076,10.287858752264146,2.1333137532369006,17494,4,6
"[1, 0, 1, 1, 1, 0, 0, 0, 0, 1]",1.0307426748476982,5.87440303373504,10.0895693820631,2.13887469543274,56031,5,5,1.1283218906336605,18.893680698290364,17.401131199978952,10.182600058840086,2.309382933514098,65267,5,5
"[1, 0, 1, 1, 1, 0, 0, 0, 1, 0]",1.0550833320540016,5.50340702794207,10.1307405115154,2.23191928208107,17371,5,5,1.1116859725077892,18.8327147925366,16.926968323648726,10.356743865229824,2.3177027215392574,32323,5,5
"[1, 0, 1, 1, 1, 0, 0, 1, 0, 0]",1.0500326882005118,5.86768659171161,10.2277716273911,2.20975149813494,35414,5,5,1.1049227507659825,18.486463606869844,17.05566646617873,10.119550588625032,2.142302796115937,15504,5,5
"[1, 0, 1, 1, 1, 0, 1, 0, 0, 0]",1.0565523125720957,5.68956466744037,10.1307405115154,2.23191928208107,17371,5,5,1.122529136122866,19.282767450506945,16.82570849426594,10.088519544797906,2.2390614883103503,71831,5,5
"[1, 0, 1, 1, 1, 1, 0, 0, 0, 0]",1.0522478963210262,5.96996664687417,10.2277716273911,2.20975149813494,35414,5,5,1.1369011554646904,18.27357262438377,18.2972091064772,10.188310986265154,2.224002640777188,42406,5,5
"[1, 1, 0, 0, 0, 0, 0, 0, 0, 0]",1.1093688556027974,4.36262825860985,9.96567095238968,2.20884378110636,36920,2,8,1.8113843982021374,21.69456998981349,36.57236301392793,10.070643807073695,2.271253700966718,14505,2,8
"[1, 1, 0, 0, 0, 0, 0, 0, 0, 1]",1.1187659199392148,4.52222886837375,10.1220350472186,2.16854493010645,74887,3,7,1.5860471748511056,19.94440996451562,31.074084270913893,10.214552468479264,2.0742486735784142,35973,3,7
"[1, 1, 0, 0, 0, 0, 0, 0, 1, 0]",1.122030558144655,4.48488028289422,10.1915428534071,2.15631943373797,37561,3,7,1.5288316225931582,20.55595592743104,28.62208149855772,10.16663133593202,2.216888902813004,56188,3,7
"[1, 1, 0, 0, 0, 0, 0, 0, 1, 1]",1.0512376902818872,4.83540503789489,10.0108983131733,2.15533892885594,90603,4,6,1.314560848053959,19.876423992903195,22.409149924441568,9.9254135138097,2.0893424905973577,28813,4,6
"[1, 1, 0, 0, 0, 0, 0, 1, 0, 0]",1.1168655784385675,4.78365085385435,10.3924077357881,2.19063007834356,21768,3,7,1.5945024101203384,20.72088838893816,30.56958601119426,10.120289266374073,2.197051432015632,32995,3,7
"[1, 1, 0, 0, 0, 0, 0, 1, 0, 1]",1.0730454710243982,5.06269196182562,10.0991127472261,2.12002092919303,38038,4,6,1.3232062239727258,18.86511441169316,23.698555938386104,9.893158864798458,2.149432984397968,11858,4,6
"[1, 1, 0, 0, 0, 0, 0, 1, 1, 0]",1.0911504523967468,5.0671446195362,9.98832820771866,2.17825797706671,46359,4,6,1.3845448176433215,19.39443268016837,25.1423206508042,10.228468850755752,2.187449547034176,88273,4,6
"[1, 1, 0, 0, 0, 0, 0, 1, 1, 1]",1.0848530837820676,5.79250513218918,10.0416584561541,2.25854642531395,46084,5,5,1.104939447657602,17.40482225284784,18.1378449103216,10.18704173963782,2.2519463566523963,11347,5,5
"[1, 1, 0, 0, 0, 0, 1, 0, 0, 0]",1.097298257431313,4.40316309498044,10.0765461043807,2.20498084878759,52954,3,7,1.5148432693113973,21.40117117869556,27.326901875120186,10.114744758960205,2.208813342090387,6011,3,7
"[1, 1, 0, 0, 0, 0, 1, 0, 0, 1]",1.093591391804188,5.18282046839981,10.160299219054,2.20955333831816,67549,4,6,1.3129868240190865,18.749478653994835,23.485463518328142,10.032378593808362,2.152121562738573,2432,4,6
"[1, 1, 0, 0, 0, 0, 1, 0, 1, 0]",1.0964606901528573,5.28125777321546,10.1243126035319,2.22417812454084,68950,4,6,1.3472451567664752,19.630736264216253,23.70619617643034,10.036616341690902,2.132369084570492,98042,4,6
"[1, 1, 0, 0, 0, 0, 1, 0, 1, 1]",1.0490835635865052,5.8462610032352,9.97946651209355,2.26046104652013,25820,5,5,1.1481226196275356,18.44342330048188,18.4883200800595,10.101054557146954,2.2045232874493887,25104,5,5
"[1, 1, 0, 0, 0, 0, 1, 1, 0, 0]",1.099540616658443,5.16607776893029,10.1102108223218,2.22226455981435,32756,4,6,1.2709719877725867,19.765214289113725,21.118233605590564,9.92498279907588,2.264230501637412,64288,4,6
"[1, 1, 0, 0, 0, 0, 1, 1, 0, 1]",1.0457124484567528,5.74875743784368,10.0632466930318,2.25172697844557,40353,5,5,1.1246153209537315,17.2883715032568,18.887210899921097,10.095228829621494,2.20670841669715,24240,5,5
"[1, 1, 0, 0, 0, 0, 1, 1, 1, 0]",1.0623163938992137,5.37025332761406,10.1196637272406,2.24138124379688,83298,5,5,1.1372202627660812,19.382839426709573,17.198207051804964,10.125245213293889,2.234267705932456,5964,5,5
"[1, 1, 0, 0, 0, 1, 0, 0, 0, 0]",1.095822590619296,4.71218014574402,10.0220304579765,2.26071326152488,82328,3,7,1.5500918237508667,21.2402654459409,28.62165040901732,10.030073874594718,2.231946478904009,70615,3,7
"[1, 1, 0, 0, 0, 1, 0, 0, 0, 1]",1.0772357851412784,4.75952435681417,10.2012276027164,2.15796195764368,44239,4,6,1.3300623087452519,18.40340879423981,24.38080173080466,10.09294251463562,2.198313912979755,49370,4,6
"[1, 1, 0, 0, 0, 1, 0, 0, 1, 0]",1.094021678056044,4.78372917990351,10.0782901881146,2.25752603876553,58145,4,6,1.3209416774619442,19.216354427003605,23.274472091607013,10.131931825608106,2.1021291837876843,37374,4,6
"[1, 1, 0, 0, 0, 1, 0, 0, 1, 1]",1.0557331735097415,5.59658344955512,10.0150215393356,2.16291966714192,95831,5,5,1.13713447299674,18.20181872982414,18.376468142972485,10.184389507487326,2.1803710895668926,99465,5,5
"[1, 1, 0, 0, 0, 1, 0, 1, 0, 0]",1.0996591071980104,5.44463093065078,10.1635070527013,2.22552529895459,34585,4,6,1.3280721813496024,20.401411112011083,22.31878284109741,10.06342093170564,2.257422535122705,25556,4,6
"[1, 1, 0, 0, 0, 1, 0, 1, 0, 1]",1.0291799836449027,5.49568625651183,9.86775152535613,2.24996709176713,64091,5,5,1.1393612703430296,18.214660118706878,18.435256305452757,9.995032637395862,2.242788963285735,44826,5,5
"[1, 1, 0, 0, 0, 1, 0, 1, 1, 0]",1.0489751851796534,5.56614128098329,10.1290287043316,2.09388937917228,61456,5,5,1.1728548964529892,17.437722636244548,20.289585682500448,10.208196649573615,2.2252119043670016,30015,5,5
"[1, 1, 0, 0, 0, 1, 1, 0, 0, 0]",1.0842126078231578,4.6813674831725,9.93034366385577,2.16545011952562,14649,4,6,1.2545876571912329,19.030899900719717,21.32551204664924,9.965316150497982,2.152868678343108,35921,4,6
"[1, 1, 0, 0, 0, 1, 1, 0, 0, 1]",1.0555008085703828,5.62474379934731,9.93484911525818,2.16110459845632,96418,5,5,1.1605878060330481,18.709049736967916,18.62366219662605,10.18082907754219,2.245081273807739,2150,5,5
"[1, 1, 0, 0, 0, 1, 1, 0, 1, 0]",1.076855096566442,5.33234977026439,10.1077314538704,2.29005639162341,35709,5,5,1.0822174269430807,17.015701505482834,17.796064773259925,10.140664673015142,2.140614362453092,14385,5,5
"[1, 1, 0, 0, 0, 1, 1, 1, 0, 0]",1.0586098764888923,5.6981687700285,10.1561502790029,2.2469206885277,65446,5,5,1.122240371868818,18.4562350625924,17.642952181526333,9.960792751752685,2.22817193534802,76283,5,5
"[1, 1, 0, 0, 1, 0, 0, 0, 0, 0]",1.0932470595307509,4.51570852978637,10.0599073497289,2.27578235649113,29904,3,7,1.5411142327773037,21.50314114607708,28.069991890440843,9.96864734595092,2.1313430258524715,18386,3,7
"[1, 1, 0, 0, 1, 0, 0, 0, 0, 1]",1.092209482741947,4.83979881830163,10.0693355087021,2.29713656145661,84858,4,6,1.324531628427216,20.366389131557792,22.239915599511654,10.150842617844168,2.258088402529962,15968,4,6
"[1, 1, 0, 0, 1, 0, 0, 0, 1, 0]",1.0882820624108565,5.28378923086849,10.1570410546778,2.23005564597069,23276,4,6,1.3035261566354137,18.656788733421788,23.273831466622827,10.049607201004518,2.238186761687006,23607,4,6
"[1, 1, 0, 0, 1, 0, 0, 0, 1, 1]",1.0486834192381067,5.42875673871016,9.99730551232366,2.10937866808772,6470,5,5,1.1151186065505092,18.50741871217999,17.362682191633425,10.009500433792311,2.314986305188389,67775,5,5
"[1, 1, 0, 0, 1, 0, 0, 1, 0, 0]",1.095664965387681,4.936631624512,10.1583303385077,2.25753479710053,51347,4,6,1.31542327040168,18.91415109399435,23.39916442541205,10.17096243516799,2.149845924011965,95435,4,6
"[1, 1, 0, 0, 1, 0, 0, 1, 0, 1]",1.075403732963167,5.32712787870001,10.1048023228044,2.16231971523959,85173,5,5,1.078974819871761,17.677238741245798,17.030222361207723,10.010851475877622,2.290603665537267,12655,5,5
"[1, 1, 0, 0, 1, 0, 0, 1, 1, 0]",1.0672154997182193,5.73269877874285,10.1307405115154,2.23191928208107,17371,5,5,1.1275005799874267,17.865166228789338,18.403226510494807,10.178781281281475,2.2056198267813976,73448,5,5
"[1, 1, 0, 0, 1, 0, 1, 0, 0, 0]",1.1171610670548184,5.26666770993061,10.2277716273911,2.20975149813494,35414,4,6,1.2888046128138295,20.986862243830167,20.470208990895287,9.98159733390766,2.3113792996344227,35507,4,6
"[1, 1, 0, 0, 1, 0, 1, 0, 0, 1]",1.0572224229921907,5.30478284560629,10.1203411024808,2.21039438759102,99796,5,5,1.1267672371378923,17.75014503109229,18.494658215688226,9.786943792875128,2.033383973699624,53541,5,5
"[1, 1, 0, 0, 1, 0, 1, 0, 1, 0]",1.0603673656382087,5.37151315394486,10.0153239719197,2.18236653996006,15562,5,5,1.1137869338767372,19.331360057581687,16.49590483497835,10.16906158165688,2.1189114148282355,97710,5,5
"[1, 1, 0, 0, 1, 0, 1, 1, 0, 0]",1.063987189738397,5.77980820757248,10.1307405115154,2.23191928208107,17371,5,5,1.08044519960709,18.47781973756199,16.27693917623048,10.11149406843104,2.246736125435301,24752,5,5
"[1, 1, 0, 0, 1, 1, 0, 0, 0, 0]",1.0883971239806371,4.4811594121104,10.0153239719197,2.18236653996006,15562,4,6,1.343378069591779,20.164419601399143,23.04811996628724,10.088889171967264,2.1494314561770587,36757,4,6
"[1, 1, 0, 0, 1, 1, 0, 0, 0, 1]",1.071264545365433,5.66484772384414,10.0895693820631,2.13887469543274,56031,5,5,1.0912265764486007,18.212256723377845,16.889307519386154,9.921593363150508,2.1228982943460672,1788,5,5
"[1, 1, 0, 0, 1, 1, 0, 0, 1, 0]",1.0800160428936363,5.43275198897709,10.1307405115154,2.23191928208107,17371,5,5,1.1188676456298088,18.264171124549364,17.726525390597992,10.129742400571942,2.1164822178277376,92236,5,5
"[1, 1, 0, 0, 1, 1, 0, 1, 0, 0]",1.087186628503849,5.79187688987548,10.2277716273911,2.20975149813494,35414,5,5,1.1834652264772991,18.42755418442054,19.64105738795062,10.14397832747152,2.1664400449542454,20975,5,5
"[1, 1, 0, 0, 1, 1, 1, 0, 0, 0]",1.0774736147563686,5.64729219427395,10.1307405115154,2.23191928208107,17371,5,5,1.0853241819200463,18.606196227660813,16.305505263222212,10.18294294347486,2.300761641119974,19798,5,5
"[1, 1, 0, 1, 0, 0, 0, 0, 0, 0]",1.1341174447841753,4.81316976867476,10.2277716273911,2.20975149813494,35414,3,7,1.565256252711461,21.711960488958635,28.637750649631226,10.210076551554716,2.2826431279067085,65657,3,7
"[1, 1, 0, 1, 0, 0, 0, 0, 0, 1]",1.0791476366755204,4.6831070383981,10.1203411024808,2.21039438759102,99796,4,6,1.3343211037691487,19.07459734024766,23.846606152485148,10.187131843836063,2.180812333531118,38448,4,6
"[1, 1, 0, 1, 0, 0, 0, 0, 1, 0]",1.08751092231539,4.91245801261271,10.0153239719197,2.18236653996006,15562,4,6,1.3683832351646286,21.093262858122085,22.923619679850898,10.148929277653124,2.2664934144876923,51696,4,6
"[1, 1, 0, 1, 0, 0, 0, 0, 1, 1]",1.0715739750603432,5.61698511884059,10.0895693820631,2.13887469543274,56031,5,5,1.0722420147086482,17.54602711367079,16.944859357933687,9.963158985897747,2.2201554059276973,57828,5,5
"[1, 1, 0, 1, 0, 0, 0, 1, 0, 0]",1.0877674764537206,5.33465459955049,10.1307405115154,2.23191928208107,17371,4,6,1.336768190670548,20.11869203091643,22.881227083238134,10.339453364511357,2.230726078679842,70770,4,6
"[1, 1, 0, 1, 0, 0, 0, 1, 0, 1]",1.0679719664464193,5.93585288901108,10.0396830323781,2.17378063674774,3899,5,5,1.0891155509525252,17.845935714039097,17.187723018844668,9.914208462644742,2.192064857139828,14701,5,5
"[1, 1, 0, 1, 0, 0, 0, 1, 1, 0]",1.0972924117261884,5.993285004571,10.2277716273911,2.20975149813494,35414,5,5,1.0744999686094936,17.068877579688586,17.4946406584237,9.924739193205216,2.260598079105374,4274,5,5
"[1, 1, 0, 1, 0, 0, 1, 0, 0, 0]",1.0951636519753611,4.77178088404025,10.0153239719197,2.18236653996006,15562,4,6,1.297406725201592,19.274015155535743,22.45976085079197,10.126716111729802,2.239087591443892,90526,4,6
"[1, 1, 0, 1, 0, 0, 1, 0, 0, 1]",1.05826652854546,5.61456861035524,10.0895693820631,2.13887469543274,56031,5,5,1.1308568482901635,18.58287457814807,17.793479486480525,10.190049993114227,2.1927529338660183,33263,5,5
"[1, 1, 0, 1, 0, 0, 1, 0, 1, 0]",1.0618155642670628,5.67786050675388,10.1307405115154,2.23191928208107,17371,5,5,1.075879424123492,18.227469338259954,16.38042194518471,10.16598558474202,2.1680996403873385,75379,5,5
"[1, 1, 0, 1, 0, 0, 1, 1, 0, 0]",1.079982525029641,6.1783184355156,10.2277716273911,2.20975149813494,35414,5,5,1.1388036007714517,18.51825524028769,18.11372258641157,10.04905058999262,2.353095353150975,82258,5,5
"[1, 1, 0, 1, 0, 1, 0, 0, 0, 0]",1.106862390157149,4.89577837017036,10.1307405115154,2.23191928208107,17371,4,6,1.2780126924676154,18.708197290892144,22.40172946118308,9.996009540036194,2.1641809679347768,92255,4,6
"[1, 1, 0, 1, 0, 1, 0, 0, 0, 1]",1.0478808118312104,5.56202511939656,10.0396830323781,2.17378063674774,3899,5,5,1.1024715277471295,18.11596490031622,17.347316504521174,10.0736187137564,2.207217028867412,40989,5,5
"[1, 1, 0, 1, 0, 1, 0, 0, 1, 0]",1.1054815892501724,5.97521215226741,10.2277716273911,2.20975149813494,35414,5,5,1.0913351042606074,17.780540675464366,17.32451458928123,9.9919958164716,2.1968874941526746,45587,5,5
"[1, 1, 0, 1, 0, 1, 0, 1, 0, 0]",1.073134255831529,5.41953132506426,10.0153239719197,2.18236653996006,15562,5,5,1.0994258653366715,18.534432389574896,16.830878972129582,10.06171116060019,2.069601486665188,61073,5,5
"[1, 1, 0, 1, 0, 1, 1, 0, 0, 0]",1.084632846361441,6.25356180354379,10.2277716273911,2.20975149813494,35414,5,5,1.1188208522946557,18.244370599380964,17.744820711168693,10.046951706266237,2.2380132170777185,98114,5,5
"[1, 1, 0, 1, 1, 0, 0, 0, 0, 0]",1.0900098041149646,4.76422560894981,10.0153239719197,2.18236653996006,15562,4,6,1.2988273505816923,19.613210049546822,22.166263316175105,10.074695312951452,2.2221794285141434,49119,4,6
"[1, 1, 0, 1, 1, 0, 0, 0, 0, 1]",1.0714151737046966,5.73024996951243,10.0895693820631,2.13887469543274,56031,5,5,1.121828297147629,18.598792939773052,17.48713906697259,9.978130075435898,2.2683052465034064,99688,5,5
"[1, 1, 0, 1, 1, 0, 0, 0, 1, 0]",1.0616821891214334,5.67924976585751,10.1307405115154,2.23191928208107,17371,5,5,1.1404094702902134,18.89811527439793,17.78551867330761,10.140050849459598,2.1238360076153304,80200,5,5
"[1, 1, 0, 1, 1, 0, 0, 1, 0, 0]",1.0741818831222383,6.05905422283753,10.2277716273911,2.20975149813494,35414,5,5,1.113664612994653,19.02339598014691,16.799934207748322,10.143688576805634,2.18213881656056,31745,5,5
"[1, 1, 0, 1, 1, 0, 1, 0, 0, 0]",1.068738409310053,5.76351860639832,10.1307405115154,2.23191928208107,17371,5,5,1.0893481537012626,17.974684902781654,17.066455979551236,9.926464510413028,2.158653865809062,39126,5,5
"[1, 1, 0, 1, 1, 1, 0, 0, 0, 0]",1.095143217980327,6.04145792856988,10.2277716273911,2.20975149813494,35414,5,5,1.0952526280412862,17.995161721188406,17.235908814471482,10.121911205403228,2.233173615488005,630,5,5
"[1, 1, 1, 0, 0, 0, 0, 0, 0, 0]",1.1104141296647532,4.49824577832313,10.1307405115154,2.23191928208107,17371,3,7,1.5370221737414658,21.42199079779218,28.01951267962985,10.1018301360907,2.212466430103195,87967,3,7
"[1, 1, 1, 0, 0, 0, 0, 0, 0, 1]",1.0975270433137598,5.28630304155785,10.0396830323781,2.17378063674774,3899,4,6,1.3133758655574614,19.742916350834665,22.5045401488032,10.010150368866604,2.29836151265826,95588,4,6
"[1, 1, 1, 0, 0, 0, 0, 0, 1, 0]",1.1154299173103712,5.10133598658477,10.2277716273911,2.20975149813494,35414,4,6,1.3273267225714822,20.72746255265728,21.968752173996084,9.838124147497656,2.207206622392958,64082,4,6
"[1, 1, 1, 0, 0, 0, 0, 0, 1, 1]",1.0685051290687746,5.76999600632666,10.1203411024808,2.21039438759102,99796,5,5,1.1768901086836077,18.23659462595899,19.620514656585133,10.222540976780657,2.2039467101686747,11838,5,5
"[1, 1, 1, 0, 0, 0, 0, 1, 0, 0]",1.088539067599894,5.04551142140138,10.0153239719197,2.18236653996006,15562,4,6,1.3655389933002837,19.90342085295807,24.02197075116304,10.142196850190963,2.2089005135085493,33093,4,6
"[1, 1, 1, 0, 0, 0, 0, 1, 0, 1]",1.0649328330831502,5.70896144270348,10.0895693820631,2.13887469543274,56031,5,5,1.1100197157429808,17.965631558921245,17.740452955344743,10.116799327700663,2.162753149774698,42281,5,5
"[1, 1, 1, 0, 0, 0, 0, 1, 1, 0]",1.0701837775075704,5.69976816272024,10.1307405115154,2.23191928208107,17371,5,5,1.1143251167057886,17.92359867923559,17.920977979327965,10.156522082345026,2.350503644031149,79576,5,5
"[1, 1, 1, 0, 0, 0, 1, 0, 0, 0]",1.1014686953828596,5.3236983630178,10.2277716273911,2.20975149813494,35414,4,6,1.3217539064757755,20.16510416718028,22.351849380888897,10.094766415865935,2.1574007574470646,80960,4,6
"[1, 1, 1, 0, 0, 0, 1, 0, 0, 1]",1.0673494152910172,5.49636579985854,10.1203411024808,2.21039438759102,99796,5,5,1.1134639408384992,18.491245785539697,17.32562936658845,10.090067166065957,2.203878273860058,85994,5,5
"[1, 1, 1, 0, 0, 0, 1, 0, 1, 0]",1.0652424057864234,5.63995216030961,10.0153239719197,2.18236653996006,15562,5,5,1.1479840829109471,18.46832545142182,18.458961608532924,10.250898512534512,2.2077094847683805,34493,5,5
"[1, 1, 1, 0, 0, 0, 1, 1, 0, 0]",1.069589883718986,5.68001838302622,10.1307405115154,2.23191928208107,17371,5,5,1.1184735154830043,18.609205177254942,17.36881332494199,10.074422944622048,2.160733466657054,64821,5,5
"[1, 1, 1, 0, 0, 1, 0, 0, 0, 0]",1.0892287618909557,4.85348301671748,10.0153239719197,2.18236653996006,15562,4,6,1.346710568669288,19.97584102861709,23.34389527802597,9.993116077621522,2.146659116134395,54663,4,6
"[1, 1, 1, 0, 0, 1, 0, 0, 0, 1]",1.0607946227042304,5.59516888679954,10.0895693820631,2.13887469543274,56031,5,5,1.1032699612395886,18.526302603188302,16.962662069573476,9.971605007929847,2.224752304400232,17393,5,5
"[1, 1, 1, 0, 0, 1, 0, 0, 1, 0]",1.0782510639533123,5.37602542164619,10.1307405115154,2.23191928208107,17371,5,5,1.105029125655338,18.639185125502856,16.90636671630861,10.1515277920151,2.0726052979607026,10393,5,5
"[1, 1, 1, 0, 0, 1, 0, 1, 0, 0]",1.088804486649557,5.67890944036919,10.2277716273911,2.20975149813494,35414,5,5,1.1584549337699241,18.674190398718626,18.589913278458685,10.183638915360328,2.113917009870203,19356,5,5
"[1, 1, 1, 0, 0, 1, 1, 0, 0, 0]",1.0695613062360774,5.50239408179251,10.1307405115154,2.23191928208107,17371,5,5,1.1024234198236333,18.73611158451052,16.725622329270827,9.993593893150353,2.0772848530006933,26104,5,5
"[1, 1, 1, 0, 1, 0, 0, 0, 0, 0]",1.1076119129529116,5.10812801574023,10.2277716273911,2.20975149813494,35414,4,6,1.3793968922490385,21.224498933594703,23.146660708730305,10.076399370294377,2.2219502540820413,52666,4,6
"[1, 1, 1, 0, 1, 0, 0, 0, 0, 1]",1.0623913537165048,5.448923629295,10.1203411024808,2.21039438759102,99796,5,5,1.0989468676332736,18.436880478932224,16.913022928988106,9.92200927182452,2.1476058243811216,14985,5,5
"[1, 1, 1, 0, 1, 0, 0, 0, 1, 0]",1.0467221597661374,5.54257031312184,10.0153239719197,2.18236653996006,15562,5,5,1.0855896640697082,17.938498340613023,16.98174293378773,10.08582493444837,2.351541974541049,85049,5,5
"[1, 1, 1, 0, 1, 0, 0, 1, 0, 0]",1.0534423551539098,5.81842100895035,10.1307405115154,2.23191928208107,17371,5,5,1.1221156758456916,18.148706400146263,17.946469737973896,10.279384124850118,2.1373511297639367,52321,5,5
"[1, 1, 1, 0, 1, 0, 1, 0, 0, 0]",1.0585119662563824,5.44090065325571,10.0153239719197,2.18236653996006,15562,5,5,1.098530557876493,18.694667498484925,16.64184444336602,9.987487540017504,2.245386606252935,8842,5,5
"[1, 1, 1, 0, 1, 1, 0, 0, 0, 0]",1.0690900654579705,5.70825105169534,10.1307405115154,2.23191928208107,17371,5,5,1.109331862351276,17.852803959318784,17.83115432512507,10.040396150653274,2.1470732142793443,13552,5,5
"[1, 1, 1, 1, 0, 0, 0, 0, 0, 0]",1.100122860239235,4.78193217543334,10.0153239719197,2.18236653996006,15562,4,6,1.3500559559341656,21.166529133673773,22.260818487181584,10.178997430936816,2.259106462785,20660,4,6
"[1, 1, 1, 1, 0, 0, 0, 0, 0, 1]",1.0612999931459428,5.73732437406547,10.0895693820631,2.13887469543274,56031,5,5,1.117985897532112,18.04009240438658,17.92224085590131,10.135450581984747,2.252824190021141,72119,5,5
"[1, 1, 1, 1, 0, 0, 0, 0, 1, 0]",1.0705591620188644,5.50399227430991,10.1307405115154,2.23191928208107,17371,5,5,1.110463839749292,18.16772602225564,17.552644661056956,9.987487540017504,2.245386606252935,8842,5,5
"[1, 1, 1, 1, 0, 0, 0, 1, 0, 0]",1.079861912165884,5.85400179209445,10.2277716273911,2.20975149813494,35414,5,5,1.1099298615719089,18.05647736540225,17.646716803241265,10.000165108721276,2.311847316975977,46149,5,5
"[1, 1, 1, 1, 0, 0, 1, 0, 0, 0]",1.0656170319052471,5.706737364839,10.1307405115154,2.23191928208107,17371,5,5,1.1513354627341386,18.52137656923317,18.513714567990764,10.183638915360328,2.113917009870203,19356,5,5
"[1, 1, 1, 1, 0, 1, 0, 0, 0, 0]",1.0933468823523853,5.76706395461426,10.2277716273911,2.20975149813494,35414,5,5,1.1710437338505857,18.335340961624134,19.333707558638626,10.003856571447324,2.1414161203954327,86934,5,5
"[1, 1, 1, 1, 1, 0, 0, 0, 0, 0]",1.0684573527034154,5.62691084297993,10.1307405115154,2.23191928208107,17371,5,5,1.0853695823862868,17.753327565063945,17.159834325901688,10.17166655470864,2.220420875705642,40586,5,5
