Generation,Average Fitness,Stddev Fitness,Average Threshold,Stdev Threhold,Male's Mu: 5,Male Sigma: 1,Mating length: 5,Mutation sigma: 1,Starting range: 4
0,2.9521622833301913,2.4175128050746215,3.8,2.925747767665559
1,5.02026445706335,0.4131747703784847,0.7691280448016367,1.0099129695562894
2,5.0930548701468155,0.4804700687405444,1.7067196463907053,1.0480541107420362
3,4.9474501913757285,0.48210395879359796,1.5411776319249193,1.203516904592165
4,4.719106355392636,0.21762929478368626,0.19486336168541557,1.8336700700431572
5,4.9657358247279095,0.5457980620041196,-0.19051907845729713,3.2106257245606042
6,4.589774421587833,2.3456151500824522,3.5276368366043434,3.525315197215374
7,4.774333778356265,2.4549401903361456,5.277295978761946,0.947202854318263
8,3.303888682935301,2.718961832744156,5.089912748543658,1.7832728111935956
9,5.376964865604259,0.6857740539345467,3.770399256058866,1.439017354141184
10,4.556206317493647,2.4336474073809233,5.108417641085146,1.2553020859538242
11,4.1061844060153385,2.732116075505043,5.248506919494727,1.134552007100255
12,3.8532621300312635,2.551778795795486,5.210501043497943,1.673484154728612
13,4.969563265119106,0.5979215153018893,3.09675826943005,0.9233141011666901
14,5.167808860940765,0.3471639281683687,2.730051052519979,1.103990929422288
15,4.915431544823752,0.4237704571086629,1.6066167524320427,1.2243393184954832
16,5.026937485830012,0.5510507106775033,1.198468709003128,1.0470872465717127
17,5.178452862183464,0.44132274746610156,1.3278426880809768,1.546807437699925
18,4.773768462652368,0.4432114780113355,0.8655965128158487,1.2076632231300453
19,4.9094111827419935,0.5079611264682492,0.7846076688348662,1.5259983897520908
20,5.024727102675999,0.48554825871055857,-0.4568572046662672,1.7289979993327276
21,4.978450396857289,0.6027124676539055,0.4537281626073876,2.849931163062994
22,5.081191978564268,0.5439585899210856,-3.0067454854581213,1.5921522065005307
23,5.1106515690105505,0.28510607128413457,-1.3625164637888132,2.012342975363036
24,5.093353877023338,0.5894619533104674,-1.4642716600910985,1.6916681923504153
25,4.929161460090075,0.3289129068841928,-1.7240968677349624,1.598959723524542
26,5.056530741140589,0.31460411349124456,-1.797890779270671,1.8580680131299705
27,5.0613127683675545,0.3264653227468945,-3.4333928938707245,1.1324719345943683
28,4.911146512796458,0.5138333133154311,-1.5516274360775304,1.1681729630350535
29,5.177436748637293,0.4895260208394877,-1.8405961918644589,1.0200014743183747
30,5.125123984396591,0.5181866535163628,-2.3181144497541397,1.0424647111222411
31,4.826994438542817,0.3202960898492891,-2.072354426014673,0.6596628120245682
32,4.9684941461064485,0.4628867594041599,-2.444700176583663,1.1507370063827316
33,4.960216924485004,0.5457940321446715,-2.9964435279713753,1.3090773948653296
34,5.0416675136931755,0.5011963815979709,-3.068060452334238,1.7397075558886748
35,5.109682334325649,0.4778665339081274,-3.225392127457006,1.3993872940429166
36,5.03967242510999,0.2901869570902047,-3.8080031447848697,1.0110075205452853
37,5.023019683037748,0.512041868524626,-3.6471024602453923,1.2290500045391974
38,5.00975186953575,0.3547779986423494,-2.835035775728538,2.309767672309483
39,5.077508547879875,0.26758701196156515,-1.6445560013745648,1.6719308141434404
40,5.09388369889311,0.36489203637007145,-1.4244570297231982,1.2962688742567694
41,4.9613274631482875,0.5536428523730744,-0.739432638646868,0.9971593498153014
42,4.794878268809584,0.5082811506356713,-1.87423639126987,1.7774532288959202
43,5.334296948841699,0.23029362872839268,-2.7282117587927486,3.2591174495353212
44,4.747206407324713,0.5273773625344311,-4.35774705984137,1.2975697589141884
45,5.006768952002239,0.40583137281608683,-4.243604379215528,2.5112379645286325
46,5.011541268665899,0.3912951365436726,-3.3949423278037982,2.7694722189076924
47,4.784726839868481,0.5501572936545155,-1.44013640339762,2.4271037273843197
48,4.915728999867335,0.5684618364971653,-0.7534354427174327,1.4743950175215383
49,4.940752435252316,0.32755581985596144,-1.222088868955019,1.4310396794020044
50,4.895419586843476,0.5699521597885702,-2.812848930070318,1.4140522422113964
51,4.827953977673214,0.5147813427694953,-1.6569747419081537,1.3198269971423107
52,4.932576027810102,0.5095068535779695,-1.3932753607821051,2.282653569704946
53,4.998580755373467,0.4264910139566764,-0.8806827004828722,2.4890042943242925
54,5.09607183257792,0.5492472002501603,-0.9456748528497002,3.149130093142727
55,4.9079107562947835,0.5465096959200285,-1.466081194384358,3.0201267516132986
56,5.095819342131284,0.6652385727767955,-0.36594707022726575,2.024191437356943
57,4.806027636644236,0.453807689125425,-0.4258943525273053,1.8019512613732327
58,5.045459721339804,0.3428718408367765,-0.22686743282441785,1.7192623964769524
59,5.026847588103059,0.5810617234679024,-0.03689971227639819,1.8356655506431534
60,4.945698251888782,0.357406500014729,1.6953332007360475,1.479415070497864
61,5.000412618822672,0.325795453578966,0.26248845934237924,2.5262673728034266
62,4.97903319264087,0.3396221679027993,2.289109424726448,1.230931514829783
63,5.058747557794607,0.3426490418340842,2.271107490658784,0.7145316792654295
64,5.036895039649054,0.4472947450021701,2.8493317714335107,1.423956799211667
65,5.358378050254366,0.7035576800441172,4.265459119918513,0.8506245422132804
66,5.790222193177451,0.5942995494058071,4.753802166237591,0.6803279162517313
67,5.095571243678551,1.7826772349728657,5.1279412423728585,0.6930405930056033
68,4.075449340754776,2.6902389482765288,5.439112403499623,0.7994764366918216
69,3.436384059942296,2.8175580593094347,5.931880079752275,1.4207931942306908
70,2.8839864742012895,2.9327746121263902,6.0260025562219095,1.0740616160864251
71,3.5013845672428117,2.885132680247067,5.699762185654166,1.0582611997777587
72,4.639245275901503,2.441405859483199,5.379726701076946,1.1664370925940577
73,1.8000252553177227,2.7803663145543913,6.427015351672073,1.4625207419745003
74,1.242761593984076,2.513539397452394,7.049120774926271,1.1321077855877857
75,3.9075800963083793,3.2555481218938387,6.631240468964694,1.8389788685429627
76,3.699486090726026,3.071140216883907,5.798292697486659,0.7164691822761496
77,4.568252082207515,2.329470903896485,4.955485576014014,0.8302555804729159
78,4.593765592803287,2.3402711472501307,4.902176118318639,1.0703069768798037
79,5.521164066440948,0.6236104711370118,4.181433399777498,1.196895005156588
80,4.926810006751618,1.6978628705177927,4.677734998265455,1.2805069137492158
81,4.154496724898651,2.1027457728445627,4.454721540206037,1.1619898735611633
82,5.051893816766883,0.3677570036418936,3.308230734298873,1.2851882322797819
83,4.108669787106987,2.108314029072276,3.9471694497973844,1.704099506121903
84,5.182713273519888,0.611365136006125,3.0543143237029855,1.570244929068232
85,5.259824098824536,0.260183687985639,3.3404852624293726,0.88903485943813
86,5.42937248814049,0.6563420836459866,3.995799519554255,0.8215565580120202
87,4.90435790723925,1.7076657816394458,3.9443266847296305,1.0412276874668693
88,4.298843146165948,2.1815810731041805,4.2780903056206245,1.857923664793265
89,5.715545149838211,0.36936293649258656,4.853326833545047,0.8000247626123388
90,4.168327095100205,2.765436978528522,5.3616526243686495,0.8793854332561817
91,5.229028300832351,1.8314254618570327,5.105798996499617,0.9148078390910093
92,3.845379043979753,2.556712031943872,5.1826959525630265,1.1984609038212992
93,5.217550437319987,1.8563985158618324,5.29393834531752,1.1801586895077798
94,2.478825199085163,3.0407402606233283,6.309314500605509,0.8693334322110474
95,4.669041406881005,2.4204044048530995,5.304599312139758,1.0679528300725163
96,3.6649255657825974,3.0475533485595867,5.876292307918422,1.0847729238402182
97,3.8671584478883916,2.6000775037027393,4.589792205042048,1.3685534597502242
98,5.375118711909252,0.6332019333507155,3.2526801614800376,1.539938170969548
99,5.199324917841769,0.5570170362329107,2.7132647287331424,1.7554396781579746
100,4.497509446860667,1.591449391955635,2.519709507742923,2.3393756943344473
101,4.1036296388948745,2.0616013131618613,3.624147889052955,2.097371657100959
102,5.163269609766026,0.426853321831778,3.5179189894282956,0.6554295770813664
103,5.277763711637947,0.5018480960181414,3.4687848011429985,1.2373873501417803
104,5.802928279965364,0.884527333122169,4.757885232523068,1.2146231741425724
105,5.801325442183685,0.827517430066669,4.670607297564304,0.8174248857400204
106,4.0398167068910364,2.7092803335452715,5.349430509298981,1.244522814712584
107,4.374587477603595,2.2371657436454124,4.581683391227159,0.8562958342629716
108,4.99431434246627,1.8263505336632737,4.610358334541419,1.4329327641421064
109,4.700809755176124,1.6645425891629086,4.03657591094484,1.1531211366569023
110,5.195475908778679,1.803794707293787,4.66461199927966,0.8798706895657503
111,4.775266355432561,2.398519879586055,4.885206537345253,1.6660935102193992
112,5.282550238671474,1.8119155386908175,5.065260479412747,0.7791749633083668
113,3.942690676414295,2.6230658936476665,5.329596928464366,0.7677676610354602
114,5.839307029631049,0.5762366624714242,4.747068824150856,0.5570919809158514
115,5.204202713344452,1.8215441455070862,5.0698049649500145,1.12535156856153
116,5.157921530420614,0.36736591576360417,3.405665437661926,0.819111461243135
117,5.223486493460554,0.5156765605320158,3.7720192010567666,0.9450664340057111
118,5.133714622120435,0.3005334706361038,3.385546085270019,1.003623571454514
119,5.3511328355573,0.6180770482512811,3.094570691474496,1.3102951204919469
120,4.865378079043966,1.7669791105540424,4.112646898290657,2.0798918668333863
121,3.960814746815739,2.6379407767510434,5.080803897616307,1.2699223838182803
122,3.3495956283286814,2.7823504055620387,5.948166498109564,1.6833965108220634
123,3.4332221543501227,2.8387038460620064,5.5392796336454,1.5365681076160662
124,2.9700863154974053,2.9824981507842354,6.232434346372883,1.2552116870822256
125,2.877987370982286,2.8801006678280037,5.408713870602536,0.7068452751517464
126,3.0108803346029847,3.0305917056722698,5.733402196930234,0.7022449636890098
127,2.375585280597572,2.919499593713448,6.472140408267739,1.2643485347809957
128,2.990998436527628,3.0695870192169106,5.7444112645807035,1.6101391240956002
129,3.435499899741797,2.9429501144748396,5.213198309246095,1.6516489697607823
130,4.251564969408095,2.230203744563848,4.597608199695564,1.8971848497251491
131,4.10461035480668,2.1085673516480665,4.02609932277397,2.307091360271043
132,4.065536266913577,2.0636267051999972,3.10781533491597,1.998102432793854
133,4.9428856377346735,0.5793738938770274,1.1861674214927385,1.0903657615614117
134,5.1535674327605285,0.3194648316511684,0.23275076659372532,1.2749654128467747
135,4.6853124091227905,0.4203474515751024,0.19192626212356145,1.2556848359511117
136,4.7921445914042495,0.550737273778872,0.28220965888688554,1.7327965715201912
137,5.06733835101794,0.4260055600298594,-0.4792567933357688,0.6425503291976857
138,5.082132743640151,0.5706784071223309,-0.45094017000488423,1.3081474125893793
139,4.998985627561922,0.40838357401534664,0.2536633092300449,0.9210081548455394
140,4.8445657252630925,0.3879370698745267,0.39055847007999195,0.8077613790926103
141,5.087893447349346,0.6088299919180125,0.32855970807427376,1.4562541905190813
142,5.111689430905029,0.3908056306298615,-0.11397202785186336,1.2734365156782048
143,5.199719802151702,0.4157850534445141,-0.5396979842877133,1.6008132435796598
144,5.139110834010168,0.31858705443842866,-1.4999254746806816,1.747666074216499
145,5.173058114007743,0.3464458187751024,-2.551707808592778,2.4996635060588432
146,5.254761345482352,0.4498770737297015,-2.227046963683995,2.4499513324050453
147,4.977734307034395,0.4968364271919242,-0.573457706398979,1.6774152302087195
148,4.895059203053577,0.41647382767354013,-0.31631309347272024,1.8109483576703
149,4.847691418288505,0.6291391508535789,0.36415468029437903,1.5659250042004922
150,5.111625493528374,0.4737341388608398,-1.1206978971952288,1.8472526227820265
151,4.707390252974108,0.36637610709620844,0.5948559291449333,1.4649413811478114
152,5.052516738006284,0.5717565295221578,-1.5049489369996845,2.302079035604348
153,4.843910797806322,0.5317265751812434,-1.8370473394242282,1.7347878317110914
154,5.024889484878476,0.4243011753426427,0.16465257042732992,0.9175899857736608
155,5.029042502155788,0.384221885631303,0.3009945256388496,1.3592160726237714
156,4.973972757608637,0.3595000653398948,0.40845048551283103,1.9473825748240141
157,4.9751066199051905,0.4173201505199979,0.835686842761105,2.136947120557788
158,5.198574639591923,0.2737064090760358,0.9271224656348057,2.396941215778572
159,4.833317005676003,0.5478854751062899,0.11199986706032465,1.2537593869389123
160,4.91035663782409,0.5411746431315927,0.5577769505370826,1.5829272750478216
161,4.996435548961769,0.3212781732883829,0.6219860342015175,2.020111447660839
162,5.033758143860887,0.25470495710840557,0.4081916962689741,1.9189742713181834
163,4.958655974269837,0.575839270467398,-1.0721868255930884,1.1762100862626734
164,4.8501499044581236,0.43918759581357897,-1.4042589131251053,1.642625200374933
165,5.000520058690562,0.37942854662086173,-3.4505184034477465,2.080610427499978
166,4.9158807031472005,0.36812003022247297,-3.0563552934505767,2.485298912762814
167,5.114341203644278,0.38756731016022444,-2.2412174334054416,2.9767740019764726
168,4.961721655305363,0.549076546283715,-3.8992679737937053,2.3393583042015442
169,5.17540549062731,0.5180210433206235,-4.223806967175948,2.4443710341769327
170,4.952438285563404,0.578816094051005,-3.009314830812405,1.3286822948746124
171,5.0800387630548745,0.5248102268460675,-2.547680577061914,0.8731673892038455
172,4.8175440838157355,0.3995993706800066,-3.196848769335719,1.188229468252396
173,4.702712098243778,0.3655644364023837,-3.685217327328251,1.2353404416542437
174,5.107535348015138,0.42848448117384585,-4.155756739187665,1.1627044241650315
175,4.96453509071028,0.3650239909351392,-3.5410015094139453,0.9999225040697203
176,5.2285924685429475,0.45391274578400204,-3.6555888229041997,1.396493930853348
177,4.955955752736968,0.4011695822280937,-2.831885531982061,2.180628164582453
178,4.9224012178944925,0.44685345016178957,-2.24860148050443,1.9639124906290333
179,5.0186696605057515,0.1346683983918454,-2.2338461870060877,2.8447903046707514
180,5.103942256013299,0.34966244874064734,-2.240292053867383,1.6181780347420824
181,5.254513973112132,0.29422336381897063,-2.633443086002532,1.6761702363860225
182,5.139032316224105,0.3593347726025288,-2.581373097481888,2.016673032989289
183,4.942085500189174,0.42155530262416097,-0.9812057073316997,1.4262509928187372
184,4.865660007663886,0.22517671238776507,-0.18234138202974873,1.6001005391964689
185,5.0143258581040815,0.43415299760182513,-0.9129733203625628,1.6179263999780966
186,5.0708427419428,0.496307566295786,-1.0808567448270003,1.989408503487361
187,5.297019183745,0.31224825740246187,-1.8414719089370393,1.7393886273133405
188,5.121971361217167,0.20781557217768026,-2.137984086331799,1.5009593768373715
189,4.810901523336223,0.32876325178146143,-2.3871726937929614,2.843076795849479
190,5.07921327846024,0.2609809657045712,-4.1471499978018205,1.0411434892104405
191,4.9984207857304375,0.3856345796364947,-6.0539256793625285,1.3559955999832924
192,5.086580557003183,0.3064547318166267,-6.1102144881268,1.3694827229257012
193,5.226840504860428,0.30374276064762246,-7.615810927568537,1.398148733189949
194,5.136963199154463,0.4427576508235837,-7.55778958167681,1.10335086326868
195,5.110725795079004,0.7588073870706289,-7.730506970927495,1.1035026615567305
196,5.072747425603991,0.3832530434084271,-7.197018345435107,1.1794885849653378
197,4.900761574079694,0.23089191851628607,-7.233533999640033,0.8983350990842319
198,5.195676365682333,0.49065582121174656,-7.3086698554003915,1.0474868775847022
199,5.256661163680402,0.4711433414893768,-8.334202765056354,1.5115222383754
200,5.04351429542934,0.3856023005890698,-9.584424786486213,1.547317432455133
201,5.098471476091606,0.4363712026509154,-9.684330740580043,2.3040538184358024
202,4.852739490786009,0.26072202250020565,-10.465038371931263,1.890927700690749
203,4.861568373157002,0.32498940948779065,-10.087235947270186,2.39520302166371
204,5.113295146125967,0.3609908658854109,-10.433569316353797,2.4953275999121765
205,4.879647189893185,0.5281787066721414,-11.471472427570486,1.1338965166121193
206,5.179756352279983,0.37658463035041667,-12.387608852112034,0.7922838749984474
207,4.900167509842964,0.3938594530232721,-12.62008423272783,1.2145878048956427
208,4.998229362020826,0.28735856181132485,-11.585379257694743,0.9395524900581895
209,5.18846162519093,0.45546774771111453,-10.718683082388214,1.5574255999610591
210,4.9502915255518785,0.4227959897701374,-10.718602261257448,0.987885335691515
211,4.90164608080742,0.41114517170441944,-10.536895624120369,1.2889914385796493
212,5.034201175765103,0.4376892249399085,-11.206351648282624,1.4848482902131175
213,5.019490820512653,0.39270124482786445,-10.11604657719466,1.0848509153372414
214,5.002914011496967,0.3902361334453228,-9.45992805891662,0.772191833112196
215,5.195122197773307,0.5227838760579346,-9.469672334477611,1.0868421533351065
216,5.083482800116789,0.22550176204050285,-9.750773224292594,1.1580827059572647
217,5.00226425689545,0.33855949046953465,-9.647123005952775,1.0152771838061792
218,5.1902685322511335,0.4127181606714162,-9.841872405986877,0.5590444623661954
219,5.047442934567445,0.49831363505017784,-9.579723976847195,1.377970268086279
220,5.036516432041692,0.46126662068792335,-10.45186182807743,1.3310770283991993
221,4.870742116108913,0.27737846404216526,-9.52406450576276,0.6754046731194581
222,5.180238251928918,0.4808235056501735,-9.221737614419224,0.8999767196258622
223,5.080105572658633,0.3459183647697559,-8.503837826462112,0.5871831038764037
224,4.950571734560122,0.45975104486782925,-8.031658404593022,1.0008767946525092
225,4.857864229986052,0.5573023234302021,-7.190839063427127,1.1991765628328768
226,4.9453040441386555,0.41783512916947296,-7.116012275402818,0.7140011212417774
227,4.803265991308697,0.37805234895687245,-6.992307891694196,1.2075553106395969
228,4.85294456984211,0.3199252443218761,-8.51682263579851,1.060389769648837
229,5.238730566674874,0.3692768732061415,-8.39404562722007,0.9179321683943278
230,5.139426810541599,0.3192392167063641,-9.181271482234063,1.3721702196679628
231,5.004455378043262,0.454998164012438,-9.54130572298947,1.0196491308262485
232,5.161253286384928,0.3813544474468481,-10.188992743893232,1.2023662269671114
233,5.0117224355875445,0.28721689698606634,-9.865106325528831,1.812005487767838
234,4.985580572258606,0.3424757431006387,-8.454202724746006,1.2415298001517117
235,4.937407651982221,0.3750722325347145,-7.101971087802522,2.1213164427388165
236,5.021853867093597,0.4013811375195072,-8.339380783165277,2.4409448078194713
237,4.937579172456907,0.5364870437400084,-5.794086919283406,1.2297526627482034
238,5.211024756621654,0.2744654922771575,-5.8212461735500325,0.822904296898164
239,5.3388044592328345,0.3403772595811502,-6.193781323425371,0.9549299128486197
240,4.993017909685073,0.48106175875304824,-5.974910474699749,0.9845999422122343
241,4.903989457255472,0.2814732812656196,-5.32770604276384,0.8882021643562468
242,4.9390248027538135,0.37489008436130394,-4.485800635881421,0.8015736387591825
243,5.0001973122725545,0.2365704392632743,-3.63352691036901,1.1804716362190657
244,4.892150478493155,0.4881595764885892,-4.543064218920944,1.4183116700409222
245,5.020249344861087,0.5001362398507285,-5.147990267230275,1.2516784991558323
246,5.168612559485437,0.37667330876990307,-4.8250371754271155,1.333887447740145
247,5.02789425200028,0.32814557878343265,-6.253773520782785,0.8602405171873309
248,5.398760994182371,0.4890945343901412,-6.29699827986297,1.7233850584830266
249,4.8327874003797024,0.44312403659577176,-6.859460944730785,1.6184716837446664
250,4.971662974726473,0.3097460475068142,-5.11577271724483,0.9766465277427232
251,5.10398818359589,0.5716358212590249,-6.149694551175546,1.414332572480963
252,5.062888148427239,0.4198749256669892,-7.188976497310103,1.02642731360915
253,5.067438522285197,0.5198622868377419,-6.909139772671757,1.5277590242745493
254,5.052018907912261,0.33107658678370494,-7.635072309948603,1.6544361838231563
255,5.046667687254787,0.5886920663336134,-5.538588819371539,3.1342254508170835
256,4.977851929313362,0.38332406247547796,-6.000857446690633,3.229953236592984
257,4.79797350950004,0.4437227864625806,-5.794816309556768,3.964117197282865
258,5.0105145128344155,0.30607442203694135,-4.40286321521836,4.518017207061416
259,4.9279641812361925,0.32846172122859885,-3.2662311734609717,2.466649390776165
260,4.807861969257545,0.5672074688577058,-2.63255724258792,0.8012921010753613
261,5.012862317689313,0.49934291327500446,-2.1545323168252115,1.5624503984309788
262,4.948940209221834,0.17334959853078613,-1.921322964909854,1.511274649700317
263,5.2710726572711115,0.5284976128698119,-1.5734519937278013,1.758781139977298
264,4.69290982033199,0.4498876913415502,-2.1774130547807564,2.187738094682134
265,4.942069482010017,0.31007065309980314,-1.5284111911259024,1.4444017980871355
266,5.141417274095363,0.47127545824605344,-1.280215394426595,2.044675896878489
267,4.702961016366621,0.5735167298402686,-0.5186165612927427,3.0231429524437443
268,5.566294623601986,0.9290989266416632,1.9804140355855502,3.8878581215793955
269,4.947977410963888,2.5677148811901107,4.857237527292378,2.6814680515151075
270,3.860698511903643,3.2215612633476685,6.354406042172066,1.1363035357283655
271,4.379667948754571,2.989996532076453,5.819415793707234,0.926755035413417
272,4.279982150811657,2.9077147745236407,5.398509361740012,0.8657902653601875
273,3.5920247519469504,2.9819611274900137,5.83782903800528,1.3940021511131946
274,3.8475531288855116,3.1769421524668715,6.24671512346351,0.7658129979318158
275,2.3792294801229743,2.9711111336766676,5.627618563364916,0.9137386507820896
276,4.753298628974225,2.40073717482827,5.515267595815492,1.104793397695822
277,2.3368504265788586,2.8778808526657222,6.150692576070337,1.7393888535916482
278,3.0324676416065737,3.1176190934957,5.893541087647908,1.4292230003831539
279,4.122509467237181,2.8226165752716432,5.743564001878289,1.4574123377705717
280,4.2992774580052755,2.862871816209489,5.556476370217082,1.6432413503218268
281,4.690410560781833,2.4169725399278716,5.178483864887049,1.7478118426424956
282,4.017376037741707,3.3563633392836487,6.565974652284076,0.8811401170420687
283,1.2128517895495663,2.430097936806288,6.8585574804991065,1.1949454998530162
284,0.6999136629832794,2.099740988949838,8.040553006060021,0.8375933886612853
285,0.0,0.0,8.283189275272846,0.905339646350321
286,0.0,0.0,7.781306818362959,0.6862169678990546
287,1.4838907209796157,2.979862534965682,7.084175515353036,0.9379721818605405
288,1.9542552089379501,3.0033194575941713,7.388886797184857,1.1618856335936296
289,3.467374768605956,2.8826619024909466,5.568681344439879,1.6269883016567417
290,3.2369967910316264,2.670115611162845,5.2426075008355655,1.2279921160707181
291,5.712189028043953,0.5690021660428732,5.131324801826893,0.5601146044791057
292,5.066179451479862,1.7324665071074397,5.021740598042395,0.5005139601624747
293,4.88273198410084,1.6972347511603698,4.76121448017381,0.8256582374651249
294,3.882315201110238,2.556562613126737,4.889056316685621,1.423412200002999
295,5.543262199187332,0.6104908663457251,3.958700335303645,1.2063595029532328
296,5.55336205378354,0.6839019146481619,4.4872155083368055,1.1441165649980773
297,4.130736644827911,2.7395752314004027,5.26305853948649,0.8663814412245227
298,5.716838699207983,0.6446833494242853,4.548552154044989,0.8296947624042937
299,4.3124227393853545,2.2118292552363767,4.62754230182751,1.48124356337141
300,4.981498811057747,1.6916953197620133,3.9066699071347855,0.8995126029570233
301,5.2257971297737855,0.5632339378315878,3.7904395457480975,1.0345828068019622
302,4.450298334738564,1.5127042504440038,3.1609015723153377,1.5372952166625353
303,2.9340795034121094,2.4086100600105547,3.9410104099939844,2.8681306467542473
304,4.925655057120487,0.37686634602711944,1.512234394196073,1.3635165065946473
305,4.969201623933328,0.46023487943463465,0.9675491923735994,1.6418236624192388
306,4.511957870109816,1.553909138421498,1.5242818524192077,2.31466097434549
307,5.489605775275523,0.5064243661560719,2.7839235865331444,1.9549297728979482
308,5.811908336340887,0.6075932167447938,3.8566585660854664,1.5979107887804915
309,4.80502174499354,1.817415052336855,3.619141617262476,2.2120854831750907
310,3.4018938164603094,2.8600238871177726,4.905537542741869,1.9725240050735235
311,3.840637103854827,2.5698927784170236,5.1372393601568564,2.2075784198769446
312,3.158264499547047,3.238751391177043,6.040265872185045,1.3190684985196928
313,4.043775019550038,2.694125828218933,5.761801785381662,1.6236931259307799
314,3.2389400742624033,3.2610669814824513,7.483174462116549,2.2088118126578076
315,1.8637122306325877,2.8604271246265793,8.553987937285239,2.5267573733867046
316,2.824469816327916,2.8299908320849094,7.012572703849227,2.54618925723929
317,1.7590986560568922,2.707497480447384,7.104279240168873,1.9444677683845724
318,1.8356010264850404,2.8215005801806106,7.177694723182491,1.6340970093967229
319,4.879443526604482,1.7677726222910908,4.81504960555848,1.8005233417428743
320,5.426340479594328,0.47202158308254233,3.777104590791269,1.3685623812398626
321,4.783575743124345,1.632347662248082,2.7506031175677936,1.7947740839559052
322,5.247168019551598,0.44572088605433735,1.5407654567161946,1.6491635825616084
323,5.390606197508352,0.5232881076093306,2.8222925020012024,2.10063082808346
324,5.382485870078477,0.3916491018041726,2.794908542629247,1.846893910481401
325,5.435913631316319,0.6185421443705437,2.8660683889773626,2.120836715415379
326,5.1031443149444655,0.5392299010976834,2.429717476930569,2.3484997651238455
327,4.648136984950821,1.6414188269486227,1.7744703344802253,2.959566120866245
328,5.211122963081091,0.6520017068702025,3.089021244606733,2.0154006525023425
329,5.2377569778393225,0.5348004071307558,3.5331543887209698,0.9761448110340221
330,5.080712310500486,0.6606494748715748,3.4494521312940805,1.0943148384548065
331,5.432064911102957,0.5201631008668117,3.595759474290695,1.3091170218410666
332,4.855469082878777,1.6686793467819168,4.410407647055008,1.3615779086796902
333,5.1285204577442824,0.5417459084529108,3.6082497844217096,0.8628258460143176
334,4.108408453125754,2.8011940083496665,4.990404461958283,1.3083967799954923
335,4.611735527629599,1.5844453533879659,3.6517731921333927,1.8873567929895612
336,5.085236714346474,0.652112536997799,2.921538623434965,1.0768567549794836
337,5.248792738358679,0.4839507427655607,3.3088973965185424,0.7874723766943801
338,4.951219658516747,0.5442707261469808,2.7743200591627626,1.7088939728166954
339,5.336017352495984,0.6528825359555873,3.187515407633861,1.7729151230901237
340,4.93012924993248,0.6430597104902178,0.7588869225842343,2.0409046794804646
341,4.674435521777772,0.4804570594806551,-0.014911394969822878,0.9175366451867095
342,5.059256579811576,0.39968221783657115,0.17074896471012488,0.6517476605155454
343,4.881506231352345,0.35146047845378214,0.8252991824913238,0.8281155150027025
344,4.887000402206488,0.3999233899070005,0.808484966980134,1.0165181568367627
345,5.043115790941724,0.24464842679606622,0.4285106299314081,1.4589984545495644
346,5.008176010539484,0.3097981383678368,0.603442063763217,1.092910542583608
347,4.919093900074944,0.39645219019587974,0.4753667071231778,0.8226992906264925
348,5.159148398258171,0.37669539079375597,0.7753480419605641,1.5766667126156286
349,5.045452638834617,0.6175139434696639,0.6571399802110098,2.5158038223245165
350,5.216492559591688,0.43354957998764865,1.0799725380198486,3.0936406459821475
351,4.372145411735863,2.216858074550974,4.87136097937648,1.1930706245779399
352,4.838565859586565,1.6524056156068843,3.9357669999936866,1.712634071848661
353,4.869463357305522,1.7223955656814876,4.167277161885432,1.1834330648998683
354,5.237361784665255,1.8420071790942172,4.607680337592526,1.085704385404194
355,4.748315743078628,1.7079850782654986,4.404415801744002,0.9939805735934356
356,4.490042681249184,2.312454316288661,4.895566811735657,1.0694201373568324
357,4.079849837444792,2.7163353026342594,5.348691979606441,0.5094817746111473
358,4.655197968762574,2.373247137775468,5.4280539461193005,0.798669029023912
359,5.61794331305589,2.0223132918820315,5.259906134485488,1.044978721943744
360,4.863422887458912,2.516952745252348,5.579393194739197,1.0639604754110832
361,2.7696320974100486,2.7884312073029998,5.734729894807955,1.5834584359204746
362,3.305627073189555,2.737056015220961,6.112322437019658,1.6813671306432207
363,3.785784249682453,3.144128343579079,5.934436646265458,1.2615418891159007
364,4.158778694864412,2.1369358312833673,4.078377595794104,1.6707023888834944
365,5.339678858516924,0.7029370644897798,3.657438814161634,1.2924859764183418
366,4.9959626535582995,1.8238100445499972,3.764518944690068,1.6901643597746687
367,3.333219483455296,3.414615003631084,6.274536514421056,1.3667492114769513
368,3.3563339431017463,2.7980168369020504,5.175072332281866,2.0913395220377455
369,4.371092568387655,2.2091388668869034,3.677462269038074,2.3706781072158787
370,4.942538413613182,0.4414360935852948,2.2719368299775424,1.2149375297415599
371,5.267708356417913,0.4616388463797423,3.145711169192512,1.759609908154565
372,4.869630720544341,0.44791811542414367,0.9658742592406924,1.3380492742213936
373,5.1259356859262635,0.35384311937196455,1.4588228473412712,1.5058709457492887
374,4.818700154032287,0.3794374285527015,1.8618778659821587,1.6608028803312942
375,5.27060132020255,0.5521133619490186,2.781117551275236,1.815180660325654
376,5.319145758908582,0.5653829321116108,2.9684179186588397,1.4310598168038358
377,4.728361043405913,1.6381467016973312,3.6707160745418848,1.8929773450618812
378,4.990206519328082,1.7456952482622614,4.814295523132625,1.1911066732449673
379,3.5241221039213935,2.948146036993851,5.4297232835084905,1.2227612371720415
380,2.6121236901187515,2.648803286270866,5.00831330954497,1.842364578676428
381,2.5072075016794586,3.096473035005068,6.090998314839662,0.7495731662062076
382,4.246594491696358,2.8782794806078864,5.5231861290240625,0.9957319123732588
383,5.127534237742137,1.779004052850523,5.456066819319363,0.7505819713180432
384,3.6363860843836555,2.984554031700962,5.817331182724586,0.7432149452449299
385,2.2833100855905433,2.827148763548582,6.018261019643302,1.6643126933704804
386,3.083525080264906,3.143123519134039,6.152728480442759,1.99685577216473
387,3.971144086344193,2.632158549260855,5.2079006582773975,1.579662423232134
388,4.498597656983103,2.3190144083551862,5.104886929707594,1.2929703310862597
389,3.744275938336917,3.1067898663925235,6.314084920097661,1.0809042071963821
390,3.4681668648276203,2.8670192207846674,5.894258405467577,1.5287070852895126
391,5.683590374133901,0.6228094383374172,4.190692975996704,0.9498501705345637
392,5.5522019928224156,0.7188738780955171,4.107487176197071,1.4797924588028424
393,3.255563061398643,2.694796058879122,5.091704166545202,2.086897925917408
394,4.270100235288932,2.180310100254379,4.243765651793873,1.6174392414739938
395,5.614727033809464,0.6763330226194583,4.754906309786662,1.2108689747706591
396,4.3494777905135695,2.930054619606997,5.700634871695607,1.1270447373858128
397,3.1742401147291797,2.6124644992155885,5.041508638843308,1.6549352828653148
398,5.369604574689044,0.5516350057187204,3.507248644982932,1.1022988312820496
399,5.356671608966267,0.35556232588042963,3.857233371411546,0.9411130708861317
400,4.324430173794043,2.2279113631621326,4.615898891896628,0.9953649359048256
401,5.11307676268464,0.4106587835966563,3.8179929953963034,0.8909374785596571
402,5.498571534640684,0.7900684093157557,4.2630319738143125,1.1949949190790614
403,3.932701119056328,2.6332223019713235,5.027103234591808,1.8171536054720812
404,4.049337243083483,2.0661003089318566,3.365100085471238,2.527353451389143
405,4.384028846046007,2.2183907048195914,3.863261936620978,3.1556720368764943
406,3.9016282722461617,2.634844228405015,4.000728100584815,4.236894629967566
407,4.672286424059093,1.6456019820362637,2.103180204664695,2.629967119320457
408,5.315031617817492,0.681232511345618,2.8587105100548094,2.5584885405041353
409,5.3973579704797645,0.4510961104700811,3.58383945299001,1.1155063763483626
410,4.458211753214652,2.2929837184367488,4.687326227359504,0.9306429837049135
411,3.8709254160832893,2.5459314258761525,5.036839551324491,1.657169373477165
412,4.941700115063149,1.7156062711806248,4.641788071414475,1.9764248487420955
413,3.6301981153798835,3.0570725697629975,5.874182365887377,1.055360857836219
414,3.034044977971549,3.1241721906396087,5.426671095751937,1.423807223909516
415,2.9795008136164847,3.042094701441323,6.146505567134986,1.0272498480158858
416,2.526051808191621,3.11234580532293,6.101473730666531,1.022335111953879
417,4.605915961973776,2.4214347152352884,5.333710145957936,1.4656879284673956
418,3.314363737978082,2.7254442908051697,5.1882850088456705,1.2375747696588133
419,3.0172072306994124,3.037272483203824,6.2030432671855245,1.0515124643295048
420,2.5793117143004642,3.182422200475184,6.129479202397029,0.6685073356113158
421,3.090602047181949,3.105793677373573,5.845708496738526,0.8324853285819641
422,4.418812639109093,2.25599137865143,5.300469553449597,0.9014071869905562
423,4.077160773163007,2.7042900002900363,5.328723258596947,0.7486598771686371
424,4.674441068092256,2.3794692379040034,5.365756899922587,0.7114482127090389
425,4.00054324810424,2.6775604892073765,5.340800155519234,1.2934957094407051
426,3.777172740936103,2.4965221605416095,4.684244124558708,1.0377420194041387
427,3.7028354169533886,2.4492430605172983,4.548318222151936,1.4498227899009688
428,3.4841434404334266,2.9508658080162355,5.3038144756761385,1.2029078941514235
429,5.524519028059189,0.5182888215668245,3.868139985132305,1.0660194637130007
430,5.34535928829426,0.5236808835593945,4.047300278593278,1.0284490040284349
431,4.413435989267751,2.2641766416882363,4.257494602715051,1.1133200786190995
432,4.979270763436302,0.30069927162399995,3.2340916225851415,0.804080207866087
433,5.126961335458125,0.3945713761903268,2.7391977359593156,1.1725105612433036
434,4.864178928975458,0.37702065613972563,2.289816840502355,1.6547318811587002
435,5.38815083382638,0.5259197521146882,4.595370493378834,0.8174900615191675
436,4.5009452087381465,2.2749758148134283,5.208693095754052,1.3025434579682797
437,5.025276275173526,1.7055235378237297,4.364098782698463,1.273278643582104
438,5.368338432051731,0.4284981844648037,3.5336921460404107,0.9199405141940551
439,5.487240358787064,0.5645053214309261,4.439200724743204,0.9344289139872035
440,5.454474308493066,1.8799093236531241,4.957288297672899,1.1654057633487942
441,1.8030147274972386,2.761395538932767,6.302111032181827,1.0342562570082197
442,2.384670400911538,2.949601144252141,6.508828038748331,0.8136425990822628
443,2.286585924695483,2.8116740602249717,6.082984570481464,0.8875567632229895
444,1.494253814710336,2.9902848157427595,7.170624070057732,1.1750851604942256
445,2.564542854535774,3.2224132671753787,6.535151155569873,1.4748371788702663
446,3.0850876688186126,2.5282385599950086,5.3335859269909385,2.9745786709642856
447,5.645096657172855,0.8344492231022592,3.481405570151364,1.7047067576282078
448,5.002508160153154,1.7496696158937461,4.29983189014583,0.955244817377313
449,4.483527297804278,2.296321472754644,4.0953387631911,1.4659307970263196
450,4.5105669791349525,2.2816486266391416,4.920522415407865,1.0559812719771873
451,4.338212119034173,2.241247277143892,4.229763789588546,1.0719188716935093
452,5.222647649895803,0.421977681298867,3.6567587692168986,1.022575188027345
453,4.679751053872558,1.6198513995446513,4.402314741769414,1.414758197433921
454,4.820888055185888,1.6920341251818032,3.6729360405139375,1.891786454301366
455,5.191729463946894,0.4687770405507781,3.1883561643373204,1.3123957901382186
456,4.1733446426542375,2.111703712721336,3.5081344345165006,1.7905562779524948
457,4.7576776858995,1.6451701658951117,2.8949570703958374,1.9083594237849268
458,5.163127398641105,0.35465865336313024,0.7380294969126936,1.1907000638541523
459,5.051470881202205,0.4004291660231667,0.5597332689406127,0.5665140988016283
460,5.027912997280456,0.4640163282574878,0.5533566745756016,1.133322411402538
461,4.780236553101551,0.28072517321740725,1.3197482590146548,1.0551016034688094
462,4.689902751012417,0.5546463529615819,1.152085148657235,0.9009932344029905
463,4.909103454732107,0.5062478389039777,-0.29528410621811274,1.2407555773957197
464,4.911418999912024,0.43031513609564354,-0.2586737640872158,2.3069429457624984
465,4.815254046187048,0.3696484201106952,-0.21736373197812187,2.0395533625510827
466,5.063165168702346,0.44037062014318384,-0.9635713783313248,2.2040211209443483
467,5.232867468106592,0.379216794916071,-0.19158406757803342,1.465408173573308
468,5.093446498111893,0.4102336830002386,0.8421766245499913,1.2700650509954325
469,4.819033507287826,0.40424905840720554,0.6862833205910845,1.2265958951758276
470,4.913445926316781,0.38340861489041034,0.8442949534184665,1.1512542316279866
471,4.798988302353213,0.26760665158145125,0.9980724621060963,2.1192710872558456
472,5.4133073191289816,0.6243870064642156,2.481918083412171,3.175163676741119
473,5.431141161270602,0.514249372796041,2.832794516225188,1.9560207855668905
474,4.506534371518708,2.3778559005375066,4.853258139676764,2.293930490828705
475,4.433502380682971,2.25670607782118,4.644177209786241,1.1899679036704096
476,5.226307993895437,0.4847096599644724,3.096919483454671,1.3864394111830998
477,4.419837846584295,2.2959014029262086,3.8536993527375047,2.427160751505813
478,3.1864999119270943,2.714257556586915,4.924299450120268,2.215605343594775
479,4.7204981909960955,1.6846534159303452,4.216121454761828,1.3065190935649487
480,4.5808970092748895,2.388575638184585,4.644409557506469,1.4785997526540051
481,4.943097954768277,2.5466706427982366,5.298151705607983,1.4150066379154693
482,4.634098480068976,2.360899501192313,5.359841720189979,0.5543834346862871
483,3.5618727026807093,2.930453726173428,5.754921777840195,1.1049475385034149
484,4.668815798688471,2.478900842291255,5.131608614628694,0.9492994542381863
485,3.0254194499707268,3.0359632296960783,5.738936883327613,1.5161572397464618
486,4.331820485290729,2.294516128969758,3.3226032735674993,2.270753295654618
487,4.557935464287573,1.5916617382808085,2.043065164497038,2.0136038179598446
488,5.091048155361046,0.4157721069285265,0.1812729695441383,1.6011612888989317
489,5.185007354026394,0.4002205926062016,1.883466248738996,2.139206458885799
490,5.44257029490287,0.5144870089417105,3.809651678362738,1.000391776402436
491,4.984215288197559,1.7434368720004072,3.938576671777627,0.8524406260358852
492,4.912826895903903,1.724232957775153,4.419664218555517,1.1333032960477074
493,5.219710460614337,0.42243402707444455,4.209118209832292,0.7341818644434454
494,4.423625349199558,2.2299441513299945,4.987940850597487,0.847429942450283
495,5.2785047943836005,1.8066109194749325,5.101302281958371,0.5463992226940366
496,4.39648172356398,2.244654882702507,4.802057341756792,0.8995851759242198
497,4.887314188448478,1.6513163411494558,4.19325855932519,1.1965036681322496
498,5.390776102930086,0.4174186486997625,3.604130678468537,0.9644967874221938
499,5.3461798647622505,0.6371342691773728,3.7286593526178855,1.024413044473755
500,4.009007425691153,2.635949113098729,5.342614167896239,1.1478966388259626
501,4.452575582189021,2.2684402849092287,4.692011475084718,1.2242596328088358
502,5.205357625828972,0.3730604336122706,3.4768119432965556,1.1408115949558988
503,5.3659500518834715,0.5868267750778179,4.098909125620741,0.5708567791304568
504,4.796052385758245,1.674954615183722,4.424463732049264,1.0356334914079812
505,5.955943422544171,0.5925639882796913,5.061625225116738,1.1621341021941032
506,4.610342028079055,2.3675059399091314,5.266401307222558,1.2031497030241356
507,2.938753040026754,2.985839718928995,5.849504172259776,1.4303027996792412
508,4.286427786984042,2.166349603435717,4.991685250549617,1.0754704795402579
509,5.573159426091047,0.6649688557833092,4.851178986032987,0.8154815197015287
510,4.663151377452834,2.4716739349880017,4.881389018400263,1.2750323850812528
511,4.652959821703364,1.6045834756225863,4.278302718129987,1.0995864702149418
512,4.795824651358602,2.5279548022434044,5.159060008118441,0.7534696902327103
513,4.6128244320982486,2.439873652756136,4.947619718356635,1.2069671081698568
514,3.4686769009782443,2.855656169649688,5.213475681319921,1.3304926819650391
515,4.659456948428305,1.699443403324694,3.8467385722248615,1.4774114109355412
516,5.241744182202931,0.4176748323563524,3.379267753905985,1.3687096914626447
517,4.238044092925974,2.1503572019929678,4.814266280735854,1.5146189327651582
518,4.838097633110458,1.6432233464510224,4.341257942858968,0.8261271695778065
519,5.403051802834457,1.9228674040011657,5.056476562043404,0.7856456229164646
520,3.875358978841947,2.5646307945737656,5.388525602792845,1.684689509077751
521,5.965405970542574,0.6548473270424406,4.780969370414425,0.7138500986723324
522,4.412755869404053,2.2652428921021213,4.679346229902989,0.9197043365617716
523,4.913537082094409,1.6941440641489198,4.3051638337780265,1.043032508112795
524,5.440837080162276,0.5573544007793497,4.110473018699702,1.3294047916571907
525,6.126509194196598,0.7956486992615835,5.2217257200289655,0.9281033252371611
526,3.711917557837932,3.0689128431486643,5.909478540435229,1.1339588430236909
527,4.991642108100606,1.7419023234567483,5.188525557967237,0.7258945053831554
528,4.47354445565191,2.271294415538355,4.78903569703881,0.9914095847898682
529,5.4122536350584705,1.942898876915982,5.1807727668435115,1.3818852842930813
530,3.5268706403654426,2.9329595388651444,5.850872291978453,0.9832618536462832
531,4.427223508230734,2.249542703560347,4.553848640443929,1.414442009163116
532,4.8199404925558325,1.6781381956887247,4.005717974744185,1.0789967427624303
533,4.760827337444906,1.6077266750529273,3.5859843340301665,1.1904098024558116
534,5.1833366766051885,0.8208399316206774,3.0318361547850943,1.2334069000423287
535,4.954952439625179,1.7668766745317503,2.989630443103586,1.873449051192381
536,5.401794633611405,0.9601092745715573,1.5857134169345557,2.018495525560628
537,4.643929454678022,1.6325220599650534,3.483134868782682,1.6649967744522634
538,5.242455499660261,0.3959859935579863,2.9925974271323312,1.7525546696223286
539,4.986033021746687,1.7263905152371322,3.7761952303281396,1.2668594908008366
540,5.440649496376545,0.6316730167795723,4.08515987932791,1.122419013960362
541,4.650095592043372,1.6127641871467786,3.940944851305692,1.3737763166554091
542,4.5720386061065685,1.5585059481566257,3.0002327170681444,1.7567534359939765
543,5.470558595833885,0.9198236523165851,2.245252743015853,1.8826544872152238
544,4.933196422618332,1.7871599711118658,4.063340902554279,2.0620560559396104
545,3.3872275546295016,2.8088124176873364,5.50297157277816,1.2866251995887454
546,4.3429158869442075,2.245173312661038,4.526318618487984,1.1303947687190592
547,4.355750294757111,2.213097847600861,4.421685494868001,1.1612516773257286
548,4.956425123050782,1.767351239544884,4.102345362204245,1.5038618387306755
549,4.623617566260133,1.617155287446257,2.870475282575645,2.0562819810456117
550,4.8838400256804855,0.6354217357518158,2.209576137506484,1.1337715976172553
551,5.074276859939471,0.23703837125575894,2.607378697099638,1.2776691283271815
552,4.92665096282804,0.4176578035024475,2.4219972489936086,1.2306098645173362
553,5.288795422190783,0.497524764485491,2.795324513075151,1.543218578262749
554,4.444774056138643,1.5625236533932816,0.910755320106594,3.1394201723169206
555,3.904604811163631,2.012965248028886,1.63305592625673,3.656135302657843
556,5.210453648884568,0.3534814543125995,-0.14240426264695133,2.742805139230033
557,5.189859026315613,0.405912570445119,1.0177131154921764,2.4540599395287406
558,5.246502901825713,0.365998814672424,-0.7453801344037926,2.065900022214587
559,5.1541185043349,0.4022659703144827,0.6472147114815323,1.8108700868225347
560,5.046485821380472,0.414716616523302,-1.6910331302779262,2.536709301601276
561,4.9791669322204966,0.5510374311410581,-0.2224408035864834,3.7281263180598967
562,5.1563716003287565,0.5534656361426696,-0.4469941788808005,4.684233422271424
563,5.766703680974981,1.0730953373677319,1.7717188402185922,4.854343312588093
564,3.072638470701814,2.5286334482006465,3.1781637909978175,4.2194307291271915
565,5.329487042178817,0.45741305868956333,1.4099769727724385,3.0571792663733635
566,5.160940526358029,0.5105874366234491,3.249694909146806,1.5365798534902169
567,5.529908069804504,0.5133451855755188,2.9175955291099522,1.7564418599209735
568,5.20564361717981,0.598123448635098,2.4714874068878006,2.2771414425924483
569,4.1178491353049615,2.116826913296568,2.824336109525288,3.006018542242124
570,5.226081842227947,0.6299343570268299,2.5317940880195513,1.9648630000350542
571,5.297951367079766,0.7223662854243768,1.7462395779836926,2.129477514428133
572,5.521758798123403,0.6050477314999434,1.8215882098451697,2.6525531591216827
573,5.525507027831905,0.34156601033216527,2.83857544852135,2.644829274483323
574,5.008214260835277,1.751629724964701,4.755993445552802,0.8391465085992869
575,5.482847381214844,0.9911310500694007,3.943008798995076,1.348639689853373
576,2.64997199616283,2.664914959445209,5.241701269094742,1.958565756918163
577,4.512491579843335,1.538576985016915,3.3576466085362378,1.5443315463349085
578,5.480336114903141,0.5928228142449076,3.9159224123956506,0.7591208386144518
579,4.7395107527286955,1.634398138669807,3.4598847526676253,1.534334488457996
580,5.243667474805821,0.7828128613247645,3.500116996177384,1.6039227464638555
581,3.435975200694145,2.864252097612755,5.794902288521409,1.9788389257154047
582,5.357538189406826,0.5874922988519847,3.550957574653137,1.0947950166767835
583,3.6769003891812013,2.432802325421076,4.840968401734487,1.0738160007224602
584,5.021876807504257,1.7093567311124334,4.386521193526963,0.8567658823514767
585,4.899140471877587,1.753422329299162,3.7131890698315786,2.0778892637173874
586,4.584583418905835,1.573541353455442,2.105042216517456,1.9533304867472638
587,5.082175105418003,0.4146972365906264,-0.4653613090167955,0.9442666733207509
588,5.1676486158903145,0.4516925488976244,-0.22492089763500908,1.0152340688200148
589,5.097729838640185,0.49085824249606286,-0.8716620232610494,0.9046428041746947
590,5.082229962688274,0.3471599708496404,-1.6610445499992081,1.1840423181038369
591,4.939186798144765,0.515739515120043,-0.8983055514951364,1.5323128669191788
592,5.061597381151135,0.57388632862224,-2.2063787752743567,1.5503869995839252
593,5.174545507812243,0.5338591857020555,-2.132356734007162,1.0616106445714106
594,4.986022606449184,0.2624259362945372,-1.9693185153985524,1.2745444766138714
595,4.971231112203599,0.5348665662177998,-1.9551090333015115,0.8273208179006791
596,5.006587951027118,0.21474882381755422,-2.6701888580553557,1.1483375490990586
597,5.07065237653775,0.4828972467097902,-2.7058399929857853,1.5428472936454347
598,5.022926801413737,0.38959191267996846,-2.5202495646519765,1.1996735973897565
599,4.894115188562177,0.42495503934316436,-1.6151365634449786,1.074854144150666
600,4.960967054803327,0.3691047470924751,-0.9011017425290813,0.9244004706304721
601,5.124129047076286,0.2974615163956464,-0.6846036495441413,1.1589049207325024
602,5.324758732379416,0.4990792918966794,-1.127961908150422,1.182180231519292
603,4.990775601515512,0.4759618373924493,-2.5705304538464904,1.2736598381471869
604,4.931272194383837,0.3718990788729383,-2.893553014954089,1.4944112668100096
605,4.932747285029912,0.4271040490877295,-2.488371261967413,1.5969981417557728
606,4.9259700108761795,0.6342820965644446,-2.606893359391896,1.6089189198110723
607,4.984503237023924,0.258184346648188,-3.675220660115781,1.4145344215284068
608,4.960781639441206,0.4766599498221122,-4.676931381787747,0.7973328256812351
609,5.005323776613219,0.38817626165943614,-4.5227693843927295,1.183800364743582
610,5.198927977350822,0.3617190549182936,-4.779962832006498,1.2707307718918897
611,5.0829094091903615,0.4577139047851314,-5.274171346530894,1.1276499707943635
612,5.000916864287111,0.4964470659960925,-4.284210461799281,1.5862828113666643
613,4.9897634461483005,0.4776844183366012,-4.069090626934968,2.692939955328432
614,5.196845279907044,0.41777850367189934,-0.6273102108360035,0.7342176728652857
615,5.108898803941845,0.5052649994071686,-1.340025476188829,0.6279586310521722
616,5.114908230511309,0.36872338150127143,-2.2100118184495257,1.3971568797160772
617,4.99833326009991,0.29220438564170953,-1.4144565972189476,2.1746496421641672
618,4.849048263949632,0.43614653210588017,-2.2668749041837852,3.9032003941517157
619,4.921462307711908,0.4146646086355131,-5.368637437068302,4.1552705097481395
620,4.913208421302218,0.4315231827796611,-3.0388774356270645,5.173989192419413
621,4.716086392302435,0.518059450826544,-6.279593783041046,2.133767639436696
622,5.2467620263007335,0.33017639266024357,-7.422273607382219,2.4833260598964833
623,5.30350206508003,0.50663755823737,-6.894146809418146,1.2989922933882954
624,5.04913165984056,0.435194353749912,-6.994462400328871,1.849947049244794
625,4.9318703091832,0.44502377568893836,-7.9646023622841025,1.6666419937532413
626,4.985798667542484,0.3527234622988985,-8.285646747022938,2.091418621979742
627,5.124117349297646,0.47541674492819747,-9.371396482440932,2.188223058763635
628,4.905991597120592,0.4177268613748832,-8.57349068437338,3.078749530039465
629,5.078707986419055,0.45050923906182355,-10.303089572801017,1.3201664894924514
630,4.937632170558428,0.2824667101708763,-9.496679783497587,1.6111351305719421
631,4.930002943706346,0.5025875074304017,-8.86313023226369,1.620710463310974
632,5.203292169673836,0.43171708746084514,-10.957536682183834,1.081339821815922
633,4.650896553462092,0.3137299765225015,-11.20401019812232,0.9969872707914245
634,4.746175956631524,0.5818385585036866,-10.249141906359501,1.0855786533561997
635,4.99426728496073,0.39980116451630526,-10.038920344445872,1.1280909971388517
636,4.954414619939646,0.2859028076275836,-10.217323575749024,0.9028085454671975
637,5.065633698378273,0.37700504933575385,-11.00272699285087,1.1851734210974973
638,5.097748248707495,0.2857213575275818,-10.858381145826888,1.2642052667531087
639,4.7883631153242,0.40727005296427904,-11.237200699509987,0.9498430052316579
640,4.832009541785038,0.5623151780662528,-11.93312545301508,0.8542560121286822
641,5.206998470123141,0.342165145515563,-12.11531345964897,1.5854564194942962
642,4.94324405996584,0.4730920869497186,-12.469046815479391,0.625556945281508
643,5.176857120527329,0.3055886959408767,-12.130426498371298,1.194428690611885
644,5.238895962144793,0.4365367335017937,-11.000395364234475,1.0931286640900373
645,4.992553202298278,0.34862450234143333,-10.596474529167503,1.263052562274244
646,5.072649523588493,0.3901089313756314,-9.963063056240511,1.612409573625565
647,5.23046073200012,0.5456869079234806,-9.9276898099687,2.0045949230403974
648,5.120367657724063,0.469109792390235,-11.023593264863903,1.6431934033111102
649,5.139488907181219,0.4994768974343754,-11.478366611033511,1.876123393997333
650,4.943607431143575,0.26416100067246356,-12.583540797910896,1.246984635727762
651,4.793593152511452,0.6769147606380328,-12.306534277618491,1.3803597219000496
652,4.981355000764566,0.28634694558426704,-12.584326701438986,0.7670063316034672
653,4.953968471553971,0.3732826921929416,-12.519188101189865,0.8307091658474715
654,5.140878122836277,0.464719399623537,-12.10552197602369,1.418595160550787
655,4.854944922594006,0.5551783724864628,-11.904561312257666,1.9949541826310768
656,5.23296768550153,0.43783509342545107,-10.892423110529135,0.8606514030803425
657,5.098535200660821,0.39875795373535805,-11.711193035466446,1.055099695660189
658,5.11740323069571,0.24466830640037635,-11.293537244008201,1.2978500029955238
659,4.939670659504054,0.31944228436807975,-10.953422086152539,0.9695192096579928
660,5.145304465669132,0.26144511504649826,-10.884422112771166,1.8250402914039359
661,5.048862864050478,0.4489100597716718,-10.657289377035303,2.0955880717243827
662,4.827121334917792,0.4512521867685889,-9.898817704824303,2.062326102902859
663,4.956893077696671,0.23231302364041284,-9.369657240837094,3.5123417954519263
664,5.0651333647436525,0.34675438291057126,-10.57496941431187,2.583015703744603
665,4.992196336118587,0.32631680655179424,-10.948788869494312,1.809636270022979
666,4.818039621961977,0.17924389287110687,-9.309689302947069,1.3423573577515144
667,5.0424988110537186,0.5041197305380676,-8.567603539360487,0.9344902448185576
668,4.911184395303297,0.1665694356504676,-8.80974373926291,1.2138423977469832
669,4.982130072702556,0.497192709595881,-8.286775802677202,0.9096258847226579
670,5.364347519342073,0.47219220063049383,-8.210303901463265,1.0088510391274281
671,5.020338722117972,0.5816886622075079,-7.859386670127845,1.5126061674963955
672,5.199872817792035,0.5282549035760324,-7.622797076363507,1.4625023394338708
673,5.068675017721741,0.32315502451714845,-8.80023074565539,1.4987386930113593
674,5.16664411038817,0.40681121276465737,-8.25370518305208,1.8031373985275825
675,4.948960557952423,0.37443890264674284,-9.1734455515082,2.84969110814271
676,4.953657931560983,0.3303548694044601,-6.759749504804574,2.958374106461816
677,4.939534125812257,0.2210965313491412,-9.912931596123645,1.6761881647366097
678,4.9906603566239465,0.35815892506764174,-9.364845945170432,2.371652893382139
679,4.963489167078182,0.31026745664354954,-6.969679006298406,1.0763308892001724
680,5.026452045162821,0.37630556498513434,-6.547153884726518,1.6675976026778818
681,4.941271443243968,0.2768039908503206,-5.219352633393582,1.0181454155916052
682,5.261660942918121,0.36760908061549147,-4.175401334658758,0.6811388910781684
683,4.781690243187503,0.3464072489146321,-4.165267396620385,0.8773593131417973
684,4.994902201872374,0.36408338654076744,-4.791374667065511,1.4116432270344914
685,5.114338040244592,0.413930258095239,-4.569812538052044,1.2169218834014737
686,5.0795773199124055,0.3764544096560481,-4.590790805419099,1.1652498590139952
687,4.9815861615544215,0.2958272888265368,-4.8736545729984595,1.1757498904265447
688,5.0191086119548505,0.5593719317480922,-4.293324271076831,0.9147896894648295
689,4.875339048767932,0.5393026337758552,-4.0348138546843,1.52474767713469
690,4.832600440140927,0.29644314697350943,-4.642763014812829,0.8773276235518324
691,5.031291887469811,0.3880632444256035,-4.691822323078804,0.8261889675117351
692,4.819864975969353,0.3346632605233337,-5.618129422536388,1.8151367176141937
693,4.959338302106159,0.17580656142666895,-6.291487381257376,2.3635706757581287
694,5.186582559612608,0.5448272638268649,-6.333343940164067,2.974597863145918
695,4.9475987115874265,0.32537350037084617,-7.693101829837225,1.7787864229695962
696,4.917926029229351,0.40414291531101143,-8.476936342543391,1.1466478580883241
697,4.941869404795553,0.3537889653047143,-8.312020844936207,1.1943012744359833
698,5.112525102053934,0.39109524717719707,-7.968085378360813,1.8030370868342034
699,4.917727287315803,0.3373995282793126,-9.367076823818005,2.8208152880548663
700,5.0855893604893305,0.2978717645629923,-8.051626678290669,2.839188235814663
701,4.879824327657175,0.47148981534805956,-8.37043522043175,1.2313434007746376
702,4.783363973594551,0.4884116129765758,-9.343844109757233,0.9097919854128567
703,4.774514921557801,0.33690773666521456,-9.690032543851835,1.1996759246199795
704,5.0247883852736805,0.40949197053401354,-10.318868806728664,1.3239613204254501
705,4.985193677045191,0.28906262128862065,-9.73321460287136,2.2759412045667644
706,5.176588066598706,0.5015019027996438,-9.776822472685073,2.3902654959626206
707,5.111109468160981,0.37789598569391736,-9.002243914088307,1.6274269602187368
708,5.07479350934335,0.415967634111094,-8.379212503722007,1.6048939184515667
709,4.753457821989446,0.5909814670815644,-9.660532316307082,0.9640366051542333
710,5.04130209126213,0.3426732269361367,-10.299087193273703,0.8745305345275012
711,5.19215728276968,0.30797903975609414,-10.355022788755836,1.1482588962794615
712,5.055296214685194,0.4428294884700689,-9.692440663292292,1.4743941787093378
713,5.034787398570719,0.41868106418627654,-9.098772244127186,0.9407300302450153
714,5.06399568530393,0.4870970473288779,-8.435193611548916,0.5768712720472209
715,5.13378958230986,0.42313373994369236,-9.278907294008885,1.3430196035980795
716,4.995337507342115,0.3787980034834817,-9.481277053326101,0.9352260110327776
717,5.140998733950548,0.4674467471363217,-9.150830257385078,1.2551232183550178
718,5.084869599310041,0.37739217788310647,-8.542562227205392,1.5021405414201674
719,4.722295021906644,0.5431011837899572,-8.53026698840715,0.919989481678186
720,4.9562707815652685,0.2228289259563349,-8.706421409910167,1.219627361139761
721,5.015767152304686,0.43027559657369385,-6.928401123476848,1.9817795244069205
722,5.060496526750518,0.42345691680674585,-7.332115767446564,1.7271342685357207
723,5.205223948067368,0.3550765577135663,-6.896551440260825,1.8756997879981423
724,5.299362883508488,0.4183112708353125,-7.114165484845491,2.1325826563359094
725,4.88611025281387,0.488987574907475,-6.0737586499271705,1.6618136577029943
726,4.992502121997444,0.5404765486408318,-7.7066974596652695,1.4201827152207365
727,4.9354064087710485,0.6405983629446543,-8.0814627103855,1.1023734674204573
728,4.839508994604966,0.26709572695941486,-8.840121132616686,0.9037238142048335
729,4.946803649892362,0.421182366380335,-9.294073026578996,0.776245325849728
730,4.886617087498577,0.5905828957747697,-10.199991502878117,1.4050858851348738
731,5.1677453661785115,0.4609166513728587,-10.94442845329226,1.1050540671025983
732,4.933395002792669,0.4659512661780892,-10.90416153036881,1.483681998372847
733,4.971576942702225,0.5387309701945923,-10.053727873471981,1.8664617436305877
734,5.101168203658753,0.3176628477881111,-9.132541083197436,1.6340749184170638
735,4.9608954299596695,0.4081142162751093,-10.327886312887891,1.8438675877255077
736,5.011609407973801,0.5842779054926184,-10.335835985654729,1.9024201456875616
737,5.076338829195911,0.35350757709426495,-9.838757423321976,1.3784497584860538
738,4.804514642033022,0.431185222631456,-9.330862440393195,1.215195001368043
739,5.094522350809096,0.28203734991759916,-8.674818261821805,0.6312633598260101
740,5.017148454318855,0.6388485236686918,-8.692399798705713,1.0209199440298813
741,5.155859775637008,0.5413284728855969,-8.551971073166492,1.3081831779402036
742,5.163485057268368,0.4271561197048054,-9.777366641898777,1.022629682770473
743,5.204411994624455,0.4994116864497216,-10.076888732951229,1.3673663495012374
744,5.397927147289176,0.36078418765959114,-9.736693507920752,1.90674580795971
745,5.203484619473267,0.4475987870854211,-7.300779958803801,1.2221457107479794
746,5.154399141064602,0.25585664508397876,-7.878309124219461,1.694440987222434
747,5.063771007234116,0.4063725510340826,-8.697009406815765,1.6749368444062638
748,5.349161271733099,0.2772190866141292,-9.687328044299495,1.508003662602922
749,5.001418314015337,0.2464279811634403,-10.090264076852863,0.7284373324379636
750,4.845458378295577,0.466555724769465,-9.946241043655425,1.6515872320772056
751,5.247377463289946,0.31978916696214077,-8.716362212419352,2.0208289820909946
752,4.717402047796365,0.4126975647084221,-9.168777278208339,2.362664105199202
753,5.022675616973234,0.5465744657641154,-8.899183495187406,0.8507649819655135
754,4.853266467542767,0.4090163030434842,-8.920064531047295,0.9433739502068718
755,5.0543128046138905,0.39775121539102776,-9.192284515401365,1.3532554125972418
756,4.847109467434146,0.496548758534177,-8.91728321586605,1.3366392074755216
757,5.172443430600426,0.5527333675729438,-8.93391881237471,1.6495618640211283
758,4.814352024405965,0.5207830244874093,-8.90409254871171,1.7436921525868372
759,5.10409804548487,0.3308599809092574,-8.391167263395937,2.1799861440551034
760,4.829536864053479,0.34623314865488236,-8.747082354483444,2.4167593009163557
761,4.952833646178893,0.3395154684536512,-7.856355416146926,2.034054923833055
762,5.01208430629042,0.47785489441936474,-9.536960141191908,1.211838017694694
763,5.110349569000669,0.4247941590299406,-9.80894274922709,1.40674728022947
764,5.000027241192406,0.36441956328771447,-9.715315177294574,0.7616413006807949
765,5.011029466160313,0.506904009775177,-9.88142711094828,1.0527264045019415
766,5.2594956252938285,0.4175507904970952,-9.228005295403564,1.3636010470526239
767,4.890331434035012,0.509615046974283,-8.86283471671916,1.6999808999845396
768,4.985668605901749,0.258812266132204,-8.202443773435293,0.7650297446200288
769,4.826956474481844,0.4969634399037289,-8.022563116496205,1.1237578582184427
770,4.924918855117128,0.4094129137336313,-7.780548903304139,0.6101323951041083
771,4.860704939011593,0.4585333297745971,-7.559261862707982,0.897531352600117
772,4.991109312055024,0.6047811182153253,-6.876170550838692,1.107058071877008
773,5.101156104014751,0.6902890284142571,-6.175148245414925,0.9790406448806904
774,5.20807026651555,0.4599484368410447,-6.420419739016016,1.300290644500565
775,5.277840009150297,0.4691680829570347,-6.390511987952733,1.0992925649229688
776,5.061180211232566,0.3197620637934833,-6.224052955291083,1.643913267123835
777,5.057226060725905,0.30635313896799227,-7.524245783518943,0.917531104944853
778,5.331294170967302,0.4054265559571852,-8.149384003211857,1.276816812184196
779,5.229830878273569,0.5476787535457193,-9.028573920039745,1.4330767021951707
780,5.297838905670697,0.2759622908697921,-9.54068211991922,1.3536948986317139
781,4.92726427195552,0.384344349903478,-9.410790440844801,1.4077516196097222
782,5.065621655377654,0.39240439059058874,-9.434284307544551,2.250972868185979
783,5.117310762609543,0.5933259572213471,-8.791190352073386,2.282667048420854
784,5.049578740415564,0.4601694893871909,-7.568818912820573,3.194937393735925
785,4.848684743047072,0.3785516038328642,-6.138207597942726,3.993043055128224
786,4.998875026844611,0.3985636629867766,-11.409272993739368,3.5232214118753333
787,4.996601323927313,0.40932269208773225,-10.244754279982445,4.969840986250387
788,5.227774728671173,0.28977560256782364,-11.140034531497687,4.800747403829557
789,4.878361947280642,0.48114467152410884,-9.40902613164383,5.506028448730008
790,5.001048495074079,0.32972435385600024,-15.967680618250506,4.337563952615594
791,4.9918289689130395,0.46190592187559865,-15.394956785197275,4.826092653517897
792,4.98780000223976,0.3571709893484895,-19.17831979231371,1.0427455236944767
793,4.966731015307858,0.34142948599100426,-19.174723592408235,0.7363974097594504
794,5.166999643923218,0.3321288418962249,-18.948671763111022,0.45447109618137915
795,5.112296349464787,0.4819882910114879,-19.99832948272156,0.7145242500680474
796,5.129789397928417,0.43085891339483656,-20.08114716316439,1.2874997887357442
797,4.778513395469443,0.31989766409537823,-21.095867525694267,1.4260196367012252
798,4.824701809022349,0.45536581526539294,-20.963401298099264,1.3895074793049351
799,4.930560300744867,0.5436634845218477,-19.57021578830692,1.9976757758930874
800,5.031732624687653,0.43501913910620676,-20.73786822296325,1.468983552547503
801,5.054226336954109,0.46934496993512115,-19.34591688570623,1.071999364458746
802,4.919106544376013,0.44743564313872347,-19.65618193943464,1.4756283250332114
803,4.931503652740981,0.4511467663948468,-20.472079631106567,0.4102626062905358
804,5.106235549197814,0.47747511002852944,-20.44665427633388,1.0402801440291827
805,4.821027846507024,0.2834840281543023,-19.240039072883825,0.9778193198265368
806,4.939592606533976,0.27195483540567045,-19.375021745610795,1.5344925470123794
807,5.064152706823266,0.39852969334969,-18.3814987252772,1.6885015665108891
808,4.954113405922923,0.3667835679836367,-18.01079776972191,1.8259584187329572
809,4.924122491491293,0.4465962510558674,-18.955413568533675,1.480691451862757
810,4.999952288683493,0.44552753173448295,-19.350795544347605,2.111576931629563
811,5.084001517423945,0.49001841586316164,-18.862024556998822,2.133408559719795
812,5.155582929011066,0.3967710707435982,-18.613634043652645,2.344462618371576
813,5.051608561805062,0.4543401945564326,-20.80563549359629,2.258692410088977
814,5.131057452984855,0.5550861872447439,-20.8555893579381,0.697544795927814
815,4.985088800002687,0.27863239142831375,-20.454930835995707,0.7506765299383679
816,5.288058963543133,0.3722514990448898,-20.581502620186942,1.3736363077310583
817,5.112765698166003,0.4382559785374386,-20.415836376580636,1.4131775577891028
818,4.9529491096943925,0.48973744922843604,-20.060599643812456,1.4598002144116893
819,4.861878634435627,0.3971772658121117,-18.984956875106363,1.8753215108219707
820,4.874261524991315,0.3462850454134058,-18.332425056398293,3.1458375069016205
821,5.035563545275382,0.37129323482593807,-21.027947914745333,1.1264329612844242
822,4.72494057540086,0.3610517661387397,-20.130941022736362,1.6007633544446889
823,4.935215890086647,0.44700264534571027,-19.126878320812324,1.7695734167372943
824,5.0167619657377145,0.6736612834552577,-17.34058115495715,0.8901728161275714
825,5.205297805433422,0.39608749902746654,-17.352708561013547,1.6933482846182812
826,4.8795266596991835,0.5067294124350569,-17.073687587879952,2.1692851535409323
827,5.066550881028552,0.48053390686658504,-16.299712393510593,2.8292853322829132
828,4.995830668300472,0.37046508430603997,-18.19879514356409,3.014547835279791
829,4.683343345708299,0.3889249164819677,-19.111475099353047,1.710645053275011
830,4.95339649716039,0.5054905694679654,-20.846229565601664,1.8937918659441728
831,5.119571214509859,0.3390324663566894,-20.89366311802675,1.4738807029919283
832,5.047112735805057,0.24841107302872298,-20.681682436933606,0.9646980678970342
833,4.830067741979588,0.5638334456984163,-21.335598917871486,0.7854693836177751
834,4.838303101990228,0.5489051361189253,-21.58751554386842,0.8573700114070157
835,4.887098254077626,0.4218273948539437,-22.390043092621525,1.1639686502392332
836,5.2490134829965545,0.33223808083188594,-22.470221308377756,1.4536664828848267
837,4.955097783275402,0.42189196198017886,-22.72712024036804,2.035200663815339
838,5.18186812755865,0.6075372170669493,-23.87943667535437,1.8752315326826707
839,4.983827530408375,0.37887395384434336,-25.35985234604903,1.1288284754484355
840,4.996130248257867,0.4241490729699183,-26.837691248924557,1.3019398344702968
841,4.965530962382735,0.31074182913178366,-26.2776224270758,1.5229430356426379
842,5.148523759225002,0.510375320401925,-25.904524368205735,1.8985164224030564
843,5.050814781895778,0.3845999234329792,-24.154732794150114,2.584486983028465
844,5.041998018356167,0.40738489532022154,-25.48739383655147,2.1387786630678502
845,5.091839267819781,0.5788334087180943,-26.81071466273798,2.9605568182652138
846,5.116391989804023,0.32940973467109624,-28.04044946707479,1.650501515339207
847,4.746814825524261,0.4950284266721487,-29.209488589725375,1.2370115352863602
848,5.073822271810296,0.4903652595334641,-30.014238183941767,1.3110388890518612
849,4.80663055065721,0.53837916106568,-30.122354952562425,1.8650012906045093
850,4.926959033809303,0.41993578257608066,-29.902191437760287,1.6573583348121546
851,5.2038785760261606,0.40705117789077,-29.44706645603007,2.5429446623461036
852,4.952228724549648,0.3872069197249414,-29.889951761277764,3.135410437246591
853,4.956866372583217,0.4074135996604286,-30.899406574832177,1.7802977261609787
854,5.173597959214615,0.43122987644451666,-33.429170324658756,2.3820174305997854
855,5.361350525981773,0.4832929898812339,-31.678586341589607,2.338606805499324
856,4.860528498708783,0.5310205705674811,-30.409471111483168,2.67835647162963
857,5.081772461142062,0.4497801294961423,-30.176960417344453,1.2626844531461126
858,4.971052643169222,0.4491094449476966,-31.145149042984208,1.2141549458140077
859,5.236959680267556,0.46183799992542596,-31.694810492809076,0.9660622197547362
860,5.207031212735009,0.4224082983049066,-31.30953679020673,1.4572251833942182
861,5.124583862217558,0.2975737432631589,-32.52429863085509,1.6629520366755075
862,4.782073623423775,0.6783064159238422,-33.2279481444397,1.5834007211249326
863,5.0946166455357105,0.5152572687205763,-32.28918004267011,1.6621448856742362
864,4.950532195785959,0.49658277181236804,-32.99322790898,2.5648839005169077
865,5.084637241631564,0.19226327471196356,-33.92360107720692,1.6915949691555228
866,4.8199977389133535,0.28249254709313987,-34.71372738066556,1.317032080820513
867,5.116067597885342,0.358888966250806,-34.33378428053466,1.4343048480864928
868,4.927244587242734,0.3929900366804333,-36.10545329239637,1.5107674453842415
869,5.061374740787569,0.5590278899061032,-35.70611819790132,1.1240155554149316
870,4.932386290844791,0.5005848788394777,-35.48102854098776,0.9330794129028219
871,5.134126454887628,0.47714527046738064,-35.192857336318255,1.443806799576005
872,5.090202130948102,0.3924656533103006,-35.10768393051604,1.2052986923352071
873,5.010638700104486,0.36421146861856935,-34.33571392404256,0.923998974211976
874,4.76500666175633,0.48669851285563703,-34.60304801216114,1.7231714515146848
875,4.650299461180588,0.33768510302079263,-34.67224139391268,1.6811156758630208
876,4.984388710825707,0.38046705315913965,-35.762136186813926,2.3586664960002732
877,5.064611384874615,0.33854911488472045,-35.709610668404494,2.820403814373513
878,4.92620453084322,0.3526201477214095,-33.07815376433122,2.8533188761250265
879,5.2900199078017405,0.3555141432273416,-33.225075294702336,1.9862700586709452
880,5.113890125644652,0.42202973363803326,-32.2603268698342,1.7808787196333684
881,4.80895065149449,0.5262960376325454,-32.19496205730856,0.8492992996659088
882,4.958155890231599,0.4168234261078953,-31.198088062040277,1.4838302470015272
883,5.241032595121939,0.49074846983532616,-32.21369584479671,0.9169676384659601
884,5.020700756707415,0.44496241698906797,-32.361025661242714,0.9323149691716895
885,4.948759086657054,0.4676621065227015,-32.47424328608342,1.057729764198288
886,4.937007487054745,0.34132085367847703,-32.76676108806839,1.0444102648339904
887,5.308427616956381,0.4491815328584977,-33.026506514690894,0.9357373843287969
888,5.1783829409085484,0.4496349332461557,-32.96739298039411,1.7350840496008164
889,5.021484448705867,0.34020801897532704,-33.56043821795979,1.0073756545649486
890,4.876952215965491,0.4298251621808902,-33.852850976370206,1.237968480384352
891,4.973432522975182,0.4846503746206647,-32.574700707319785,1.3666293004238852
892,4.799250706550323,0.3362635429279362,-33.00727959745273,1.3406395995915275
893,5.008321094577857,0.6332563452139234,-33.554278610519184,1.7672127929033825
894,4.828651647498221,0.46655472935993486,-32.95421905584045,2.1745063531267266
895,4.9334667977080775,0.4383498442047465,-34.28919616271904,2.277960592216307
896,5.115974837275743,0.45309162355604504,-35.50979527824286,2.8082350122376614
897,4.985341031337901,0.4576176798227331,-37.06105801063024,1.3537491393625776
898,5.133147520512511,0.4404180884743056,-35.660195726238285,0.8973142813414301
899,5.074041798547137,0.3158673994701388,-35.32359203074186,0.8007492392284281
900,5.051788468890379,0.5029460413246464,-35.07032682495314,0.8230003892395278
901,4.78406641308027,0.5282057488604498,-35.08925895096338,0.640984173053542
902,4.994772200334369,0.3086487759810547,-34.65989755318925,1.0308051906053783
903,5.015808535832542,0.2434352512635478,-33.36868070902533,0.8009434804035828
904,5.086827977444438,0.5090417108660484,-33.74718206908971,1.2788473229780133
905,5.113533127250518,0.41541801785272675,-33.5571551508563,1.5811308683761325
906,5.0054160401626895,0.6226588780636778,-34.19941865884586,1.9405272952974575
907,5.056103201162779,0.5288150155749095,-36.11118100174452,1.2004443382351742
908,4.984235062417085,0.3785202368077115,-36.56846523265532,0.9324338795375644
909,5.090089081306521,0.5167625979971853,-35.93200485899175,1.2033089626716116
910,4.86410911195017,0.48958594301338454,-37.18126392730754,1.084091891381712
911,5.016176810026747,0.17362086635096952,-37.02576105575649,1.286238775183373
912,4.788635946836164,0.3516115532316774,-37.059379036133876,1.4016147789689384
913,4.876262928199645,0.4277918909766133,-38.22238890782599,1.6443996268992802
914,5.191397815212692,0.636962487870263,-38.09598629003413,2.1713875120671258
915,5.18840834000382,0.3540089961875878,-39.132799014562885,2.4191505275739735
916,5.056649135737439,0.4326129081561632,-39.93139330548701,1.0667129539207019
917,4.992609697503768,0.5946495837615234,-40.486009482340855,0.6850974073606885
918,4.889156585451883,0.5121130319416853,-40.84403145580195,1.0486386172200763
919,5.0143090404279,0.4830125530138834,-41.16298544137437,1.4335099684194168
920,4.999465597565477,0.45039984108608017,-40.385135740417134,0.9620138748714712
921,5.13088672359002,0.40985119117156016,-40.90938171993773,1.155020006235681
922,5.116079238398703,0.32497456008232223,-41.254081168840926,1.669468444322522
923,4.877790337233958,0.47019939415944906,-41.76601468345587,2.3324250860822686
924,4.860945340051725,0.3093044443344738,-40.799736468819596,2.2495750665356464
925,5.107787135364754,0.48662321385895635,-41.15733650188206,1.9989086420443565
926,4.838438402997111,0.5144983211390219,-40.86828850153374,1.06141329701558
927,5.168320291929605,0.5804748073738699,-40.51964591769132,1.0276613497277698
928,5.091832161884101,0.3746809717425759,-40.044988048976734,1.356762582992686
929,4.83822738396618,0.5843021899270301,-39.50900776676857,1.0947662356374006
930,5.031773970324118,0.4447649981416613,-39.3540267193438,1.5975024677819007
931,5.0687096738371915,0.4065793344358177,-39.48597649640237,1.4105284666583404
932,5.028793562041252,0.41739851580916143,-38.66840997829145,1.85686841042099
933,5.210761430927274,0.42798432253433843,-39.84276705416128,2.3951656610468763
934,5.364634700022146,0.32048047174974437,-40.136801804959134,0.8406899905428092
935,5.161439220968388,0.5025022527097334,-40.50295279240822,0.7300497216632909
936,5.088108804566449,0.6218230509623887,-39.928101200242764,1.2553997658460092
937,4.950804055895235,0.46356403658714457,-40.279821651177684,1.265660578659477
938,4.868411120131704,0.5367278801745912,-40.79201990151407,1.2955761922545344
939,4.832295586782206,0.3409524979269652,-39.38549356598744,1.4735541768777067
940,5.239497529378218,0.36993816084930475,-37.96159843180281,1.2022203565665497
941,5.098226975292699,0.4100996344023019,-37.85119495048768,1.2140379417014293
942,5.085665213307426,0.2761083995032805,-37.40870324511265,1.3460129001689334
943,5.065186056005898,0.39267917389136436,-38.63716096399795,1.2918230159572406
944,4.900918748357045,0.39730374409184577,-36.65683088821416,1.3945939149274085
945,5.086671794051995,0.35121566309504765,-36.757084140023,1.2457698391371144
946,4.949212950517469,0.5609535187201912,-35.60004169740593,0.8256930013496929
947,4.8283922935575685,0.3932710325293032,-34.73616555345868,0.8984408318839092
948,4.822272669241203,0.4051307799607221,-34.851820463745895,0.8486231720253031
949,5.210953873707359,0.44150749425042785,-35.74485902675265,0.9046154021575735
950,5.114911176379371,0.37176720738683855,-36.11596796777175,1.0066126928511592
951,5.211084790707692,0.43021577050642995,-35.72575308917071,1.0644366302676673
952,4.959767976399748,0.41709275662354156,-35.707445824755396,1.015693176041684
953,5.114803718485339,0.6168540869719434,-35.95230636922729,1.3099021007764111
954,5.239783735432627,0.6035084026035892,-36.56630867374078,0.8815097079760386
955,4.850940434117305,0.26823479523888427,-35.95769524956216,0.9561691946182859
956,4.815008963162052,0.5074789679156999,-35.8869724806276,1.2602740714091274
957,4.816276041529142,0.6074964071825647,-34.784879159624644,0.7900874672259597
958,4.940168004636037,0.3901906758900643,-33.686180277440755,0.8724290203446992
959,4.880452216886459,0.48856490694479865,-33.34257340940682,0.855620353698452
960,4.9863944935121545,0.2957409590636107,-33.01183981043416,1.0072818442345364
961,4.812879678810911,0.5121418719998098,-32.17431642721898,1.2010238608845667
962,4.924492901968753,0.25498062891577217,-32.26482656544874,1.159413493614027
963,4.903684911730158,0.46007674264474174,-33.16340755490755,1.2056466298262196
964,4.927248011045956,0.4585233932154315,-32.542386315260956,1.9934178901673107
965,4.916904022385271,0.3828883476218534,-31.258920993314472,1.346837974521884
966,5.006243858704006,0.5856260820369861,-31.44226253081188,1.5414347151581465
967,4.915790756881046,0.4600606140236733,-32.696779718106285,1.1661273136045422
968,4.979158870654647,0.45660842965493775,-31.707643025671228,0.9091973702185321
969,4.924519293561189,0.2944169793247873,-31.068429657807467,0.9018790725296084
970,5.0174277146159465,0.38730138653208984,-30.98056629764134,1.445845593486237
971,4.939195597948577,0.5845008107151785,-31.720201203361388,1.6420209772405288
972,5.110546417352201,0.29366422016282767,-30.94616118397022,0.7007019302119053
973,5.042894370709172,0.44276690052191175,-31.104575128494332,1.5208781038488937
974,4.902664233489835,0.3766740773226405,-31.18767204445346,1.1642855909900793
975,4.7783059410318005,0.4763469632278649,-31.317000201308723,1.1685162908856288
976,4.997654246767921,0.4098543576215955,-30.338921587296703,0.7302547970330681
977,5.09731757935047,0.491527691287023,-30.510344772772925,1.235942543483559
978,5.162580394916562,0.3208985841165054,-31.274542127614183,2.1384533014097022
979,5.055391088997198,0.4125040708832729,-31.515368909942886,1.6889952020940762
980,4.8319808772624615,0.43897059966285884,-31.00103274858202,2.055375248723664
981,4.911237226927504,0.42980868913792836,-32.428482677701226,2.4777133300217584
982,5.118733810653838,0.4173362198787181,-32.53917656130882,2.9975364346929747
983,5.086953681605101,0.5704486295335444,-32.417371450258926,2.8640324768815852
984,4.778700798470288,0.35452634164819413,-32.04190325318149,3.940694736619088
985,5.041094739203631,0.5596823870117957,-32.54813319597311,5.063302650412739
986,4.996430049249295,0.4896973700480833,-30.216733905533943,4.858377882660384
987,5.316842436244127,0.401014235531053,-31.919418968655783,5.51154823155924
988,5.058006970477748,0.3890056119843652,-36.86717635680238,0.7286694504436212
989,4.7825706668884855,0.33343607572559786,-36.97330747096646,0.7767071792283677
990,4.839904932621926,0.3070417446752301,-36.471103177607674,0.847470939231022
991,5.027269422177477,0.34887080430618644,-35.7989755811319,1.799545502729304
992,4.860678805633084,0.4257363246081436,-37.35365093290541,1.5695097558780422
993,4.797922772320576,0.39024080920257875,-36.004611763081414,2.0393097377646017
994,4.9573968424168,0.43962621589714673,-37.20237876397644,1.8715903825203422
995,4.874283560289027,0.307763600590833,-36.15270723892585,3.2025282699334228
996,4.776007507136066,0.49608384305463216,-37.32871376653841,1.540199767282029
997,5.081360113226462,0.3760931047585547,-38.3243392568378,1.506229146636652
998,5.091671471713068,0.39601147049007496,-38.15853509355631,1.882814594278155
999,4.832617229544941,0.6162748356203521,-35.65626562356099,1.1034072885308939
