Genome,Ave_fit,Std_fit,Sum_fit,Ave_thr,Std_thr,Seed,Num_Learning,Num_Mating
"[1, 1, 0, 0, 0, 0, 0, 0, 0, 0]",177.24303729244318,128.9019509580803,48.34108633436287,10.073050742854146,2.196239861538863,71407,2,8
"[1, 1, 0, 0, 0, 0, 0, 0, 0, 1]",138.15509584953008,92.8792760256251,45.27581982390498,10.023020073299449,2.1352935035676346,21708,3,7
"[1, 1, 0, 0, 0, 0, 0, 0, 1, 0]",145.28277936398842,94.54084860234667,50.741930761641754,10.00843573410877,2.2515920621578807,4614,3,7
"[1, 1, 0, 0, 0, 0, 0, 0, 1, 1]",103.05095977762868,67.8629054989075,35.18805427872118,10.086613279738927,2.2411048120760353,50441,4,6
"[1, 1, 0, 0, 0, 0, 0, 1, 0, 0]",141.6605977168938,96.21166898429301,45.44892873260078,10.121749661443037,2.1801737258028346,68740,3,7
"[1, 1, 0, 0, 0, 0, 0, 1, 0, 1]",108.78257528828055,70.89571907504958,37.88685621323097,10.02463580766345,2.1918136021978194,94948,4,6
"[1, 1, 0, 0, 0, 0, 0, 1, 1, 0]",109.89191786819438,68.76478741641807,41.12713045177631,10.134178267123453,2.164521045004201,6917,4,6
"[1, 1, 0, 0, 0, 0, 0, 1, 1, 1]",80.70208593169806,57.43467812300483,23.267407808693235,10.183067198883965,2.2926905904085526,13914,5,5
"[1, 1, 0, 0, 0, 0, 1, 0, 0, 0]",143.14462182896332,93.92645201070846,49.218169818254864,10.083306361683086,2.1878661044014374,94555,3,7
"[1, 1, 0, 0, 0, 0, 1, 0, 0, 1]",105.9304255701775,73.04035896857978,32.890066601597724,10.010147334195128,2.2590603812371444,93590,4,6
"[1, 1, 0, 0, 0, 0, 1, 0, 1, 0]",106.11606946648813,71.86476391576103,34.251305550727096,10.041414500344777,2.1373491156983357,121,4,6
"[1, 1, 0, 0, 0, 0, 1, 0, 1, 1]",76.88145334353898,56.14024821195829,20.741205131580692,9.982659109638627,2.1001458596982796,81193,5,5
"[1, 1, 0, 0, 0, 0, 1, 1, 0, 0]",109.61044289957734,72.80391308078329,36.80652981879405,10.160095897239122,2.053951339899037,97008,4,6
"[1, 1, 0, 0, 0, 0, 1, 1, 0, 1]",80.34391998077882,57.60136222063025,22.74255776014857,10.092543706202203,2.161375899371329,96557,5,5
"[1, 1, 0, 0, 0, 0, 1, 1, 1, 0]",81.71772568916144,59.33521299224783,22.382512696913608,10.27390984684986,2.137995804680474,59311,5,5
"[1, 1, 0, 0, 0, 0, 1, 1, 1, 1]",56.87149611234947,41.4849925465859,15.386503565763569,10.179882559521934,2.332738770735785,10901,6,4
"[1, 1, 0, 0, 0, 1, 0, 0, 0, 0]",142.4827981595418,91.25285130771852,51.229946851823286,9.923477057700548,2.3030133396203016,62090,3,7
"[1, 1, 0, 0, 0, 1, 0, 0, 0, 1]",113.32351467453148,74.84853418432778,38.474980490203706,10.09439427405915,2.1981567694843465,56942,4,6
"[1, 1, 0, 0, 0, 1, 0, 0, 1, 0]",108.85834372363982,72.82068158063989,36.037662142999935,10.167229976612758,2.2359497652811586,92234,4,6
"[1, 1, 0, 0, 0, 1, 0, 0, 1, 1]",79.76372253792644,58.76801915832163,20.995703379604812,10.1285132287179,2.131121763663811,59689,5,5
"[1, 1, 0, 0, 0, 1, 0, 1, 0, 0]",107.12401174168693,73.84530700288201,33.27870473880492,10.138994025068742,2.2897673323262238,4061,4,6
"[1, 1, 0, 0, 0, 1, 0, 1, 0, 1]",81.4042498958937,60.33224483857658,21.07200505731712,10.277368825034836,2.228396358101258,72446,5,5
"[1, 1, 0, 0, 0, 1, 0, 1, 1, 0]",78.59336608168056,56.90134385064257,21.69202223103799,10.127536615331143,2.284035715054912,31461,5,5
"[1, 1, 0, 0, 0, 1, 0, 1, 1, 1]",57.46021801797055,41.214101511573936,16.24611650639661,10.273415709413932,2.140479403360047,69747,6,4
"[1, 1, 0, 0, 0, 1, 1, 0, 0, 0]",108.63273452751763,72.35350934057315,36.27922518694447,10.118961869501755,2.251097433510962,58301,4,6
"[1, 1, 0, 0, 0, 1, 1, 0, 0, 1]",84.7053295043403,60.64913776476021,24.056191739580086,10.18116095967366,2.240659068371893,28446,5,5
"[1, 1, 0, 0, 0, 1, 1, 0, 1, 0]",80.65596191436072,54.475479973438574,26.180481940922142,9.980882741429747,2.047777195600272,51088,5,5
"[1, 1, 0, 0, 0, 1, 1, 0, 1, 1]",56.55025163651826,42.08530187506754,14.464949761450718,9.981504597376551,2.2540748634484165,56716,6,4
"[1, 1, 0, 0, 0, 1, 1, 1, 0, 0]",78.56956205282108,54.67916213058129,23.890399922239794,10.039919120598025,2.2020394576810003,5273,5,5
"[1, 1, 0, 0, 0, 1, 1, 1, 0, 1]",56.4377937766584,40.788984644275025,15.648809132383377,10.127547181444669,2.127037763706354,17743,6,4
"[1, 1, 0, 0, 0, 1, 1, 1, 1, 0]",57.68413768955488,39.42862328570162,18.25551440385326,10.169032965850237,2.185711384339792,79148,6,4
"[1, 1, 0, 0, 0, 1, 1, 1, 1, 1]",37.598904013488145,29.075877332845184,8.52302668064296,9.956869552972089,2.0502363495275477,92390,7,3
"[1, 1, 0, 0, 1, 0, 0, 0, 0, 0]",146.63617380841885,106.06359697656501,40.57257683185384,10.085205755342548,2.250384183328573,42694,3,7
"[1, 1, 0, 0, 1, 0, 0, 0, 0, 1]",111.54727176488741,82.24658410052797,29.300687664359444,10.128285178736496,2.1799128252069195,79329,4,6
"[1, 1, 0, 0, 1, 0, 0, 0, 1, 0]",110.00819291036136,71.85511079007061,38.15308212029075,10.02113082779349,2.1546901803954217,58378,4,6
"[1, 1, 0, 0, 1, 0, 0, 0, 1, 1]",79.39142186030776,55.273521849881455,24.117900010426304,10.190323574411599,2.1760106407966155,15418,5,5
"[1, 1, 0, 0, 1, 0, 0, 1, 0, 0]",107.90684349002021,75.8334657280511,32.07337776196911,10.02394073599591,2.100265501165543,27375,4,6
"[1, 1, 0, 0, 1, 0, 0, 1, 0, 1]",80.32933103385741,52.4259029027713,27.903428131086116,10.166560901029182,2.2461102580120187,18585,5,5
"[1, 1, 0, 0, 1, 0, 0, 1, 1, 0]",79.22703557052431,56.60200672426892,22.62502884625539,10.052729676194947,2.2333213142037667,56517,5,5
"[1, 1, 0, 0, 1, 0, 0, 1, 1, 1]",57.248280800138055,40.590821335839806,16.65745946429825,10.018003056254452,2.2066552125964836,82899,6,4
"[1, 1, 0, 0, 1, 0, 1, 0, 0, 0]",111.03279672731951,77.56784859450275,33.46494813281676,10.249009024839859,2.2985282236839333,40202,4,6
"[1, 1, 0, 0, 1, 0, 1, 0, 0, 1]",81.61608809269626,54.53240377388093,27.08368431881533,10.123244368704643,2.3585954827091897,79735,5,5
"[1, 1, 0, 0, 1, 0, 1, 0, 1, 0]",78.09752128738654,57.63209077569281,20.465430511693732,10.03194266934366,2.23067186093856,52622,5,5
"[1, 1, 0, 0, 1, 0, 1, 0, 1, 1]",58.30509868864498,44.64311181365173,13.661986874993254,10.085793316183056,2.1248829362086568,56502,6,4
"[1, 1, 0, 0, 1, 0, 1, 1, 0, 0]",78.54651758821691,54.887111598817775,23.65940598939914,9.897015938569634,2.25506471382028,23750,5,5
"[1, 1, 0, 0, 1, 0, 1, 1, 0, 1]",59.500937660230356,44.91191945961315,14.589018200617204,9.97433508388456,2.0600842258428127,8581,6,4
"[1, 1, 0, 0, 1, 0, 1, 1, 1, 0]",59.2017706636289,42.98933439429308,16.212436269335818,10.18147067187266,2.193595117971954,37829,6,4
"[1, 1, 0, 0, 1, 0, 1, 1, 1, 1]",39.87439961799925,31.937035275067668,7.937364342931584,10.241271984310389,2.205687554183369,98799,7,3
"[1, 1, 0, 0, 1, 1, 0, 0, 0, 0]",108.41664038661742,76.6688989007732,31.747741485844216,10.078707869838244,2.099601924599313,21137,4,6
"[1, 1, 0, 0, 1, 1, 0, 0, 0, 1]",81.20237807070252,53.80203435991957,27.400343710782955,10.031591908510345,2.026285404681197,29090,5,5
"[1, 1, 0, 0, 1, 1, 0, 0, 1, 0]",79.60974007779816,55.61196392178428,23.997776156013884,10.072156302607667,2.207998608345408,23132,5,5
"[1, 1, 0, 0, 1, 1, 0, 0, 1, 1]",59.48195104211428,44.876028358672144,14.605922683442138,10.11207059882371,2.184457864058159,40747,6,4
"[1, 1, 0, 0, 1, 1, 0, 1, 0, 0]",75.25548643514855,52.571013630501504,22.68447280464705,10.11976114211699,2.1332082871977347,58458,5,5
"[1, 1, 0, 0, 1, 1, 0, 1, 0, 1]",58.800109810094256,43.34054158704307,15.459568223051185,10.102399574957202,2.209585388991709,91557,6,4
"[1, 1, 0, 0, 1, 1, 0, 1, 1, 0]",57.05468213958855,42.040746149464674,15.013935990123876,10.07973627439118,2.2601565319051726,74395,6,4
"[1, 1, 0, 0, 1, 1, 0, 1, 1, 1]",35.578815441836674,28.883289773305084,6.695525668531591,10.20906935549045,2.2548068920453286,31151,7,3
"[1, 1, 0, 0, 1, 1, 1, 0, 0, 0]",84.14839531877584,58.566354769284224,25.582040549491616,10.157577224785246,2.065408431066481,97233,5,5
"[1, 1, 0, 0, 1, 1, 1, 0, 0, 1]",58.19084204738247,42.714223874123206,15.476618173259261,10.173132954642336,2.1474022669234567,6599,6,4
"[1, 1, 0, 0, 1, 1, 1, 0, 1, 0]",57.225241596796934,42.40898299607997,14.816258600716964,10.109586473427873,2.251930805525304,58511,6,4
"[1, 1, 0, 0, 1, 1, 1, 0, 1, 1]",41.18730818844996,32.64239869933867,8.54490948911129,10.32987699668627,2.10861594810644,90223,7,3
"[1, 1, 0, 0, 1, 1, 1, 1, 0, 0]",55.75140195773797,41.568989732685544,14.182412225052424,9.899296801552328,2.178130979862833,11014,6,4
"[1, 1, 0, 0, 1, 1, 1, 1, 0, 1]",40.8679754033316,33.19104400915034,7.67693139418126,10.087854782483063,2.122222311529614,11247,7,3
"[1, 1, 0, 0, 1, 1, 1, 1, 1, 0]",37.62437837676429,29.806264565124835,7.818113811639456,10.192533302138168,2.0887354199610164,29231,7,3
"[1, 1, 0, 0, 1, 1, 1, 1, 1, 1]",22.55259598369728,19.35656970194886,3.19602628174842,10.1398721452404,2.254604827826804,74827,8,2
"[1, 1, 0, 1, 0, 0, 0, 0, 0, 0]",145.2330330026676,99.5614687684034,45.67156423426421,10.081317959067702,2.1854280672159905,65514,3,7
"[1, 1, 0, 1, 0, 0, 0, 0, 0, 1]",112.73746718245121,78.36053590753195,34.37693127491926,10.26635374027905,2.2046125185095238,49094,4,6
"[1, 1, 0, 1, 0, 0, 0, 0, 1, 0]",104.61174326905294,71.28697928051655,33.32476398853639,9.990783294962172,2.054037131177685,30042,4,6
"[1, 1, 0, 1, 0, 0, 0, 0, 1, 1]",78.51076254186478,55.60302667917678,22.907735862688,9.994291302820603,2.1618920453923414,11910,5,5
"[1, 1, 0, 1, 0, 0, 0, 1, 0, 0]",113.17092335368521,78.74356316659534,34.427360187089874,9.942647564020156,2.121831926854344,56411,4,6
"[1, 1, 0, 1, 0, 0, 0, 1, 0, 1]",80.92853251854824,58.92053767578745,22.007994842760787,10.15441877835479,2.2118686272341566,49086,5,5
"[1, 1, 0, 1, 0, 0, 0, 1, 1, 0]",79.82171530829498,52.66393612191731,27.157779186377674,10.181415674863466,2.1888177301997405,30874,5,5
"[1, 1, 0, 1, 0, 0, 0, 1, 1, 1]",60.40903659113182,44.24944849062301,16.159588100508813,10.179944727079958,2.316739614843624,32194,6,4
"[1, 1, 0, 1, 0, 0, 1, 0, 0, 0]",107.29781078051977,73.1662745525674,34.13153622795237,10.237333790463763,2.149615143391283,23278,4,6
"[1, 1, 0, 1, 0, 0, 1, 0, 0, 1]",76.47590409410853,53.88096244872588,22.594941645382647,10.087800568424084,2.1307756978711785,70510,5,5
"[1, 1, 0, 1, 0, 0, 1, 0, 1, 0]",83.63413361151578,60.10768988054955,23.52644373096623,10.072729931003767,2.2811327642071033,17940,5,5
"[1, 1, 0, 1, 0, 0, 1, 0, 1, 1]",58.63772434625185,40.63395931098826,18.00376503526359,10.04319480595467,2.197288522018283,90928,6,4
"[1, 1, 0, 1, 0, 0, 1, 1, 0, 0]",80.98070094847533,57.84770927445861,23.132991674016722,10.024454883859278,2.142245888997,51283,5,5
"[1, 1, 0, 1, 0, 0, 1, 1, 0, 1]",52.99127402623769,40.3263846511226,12.664889375115088,10.1253485088775,2.22550109098166,89881,6,4
"[1, 1, 0, 1, 0, 0, 1, 1, 1, 0]",58.3875105224393,41.55508942447077,16.832421097968528,10.10435093147155,2.213932029662267,92376,6,4
"[1, 1, 0, 1, 0, 0, 1, 1, 1, 1]",39.183676189692946,32.309710372514274,6.8739658171786715,9.99127453146307,2.2290968399399183,62302,7,3
"[1, 1, 0, 1, 0, 1, 0, 0, 0, 0]",106.85955834350935,73.98358434363728,32.87597399987207,10.104709260675786,2.123999427346559,99851,4,6
"[1, 1, 0, 1, 0, 1, 0, 0, 0, 1]",83.034138313077,58.930171903546615,24.10396640953038,10.144012476284251,2.3692229042577395,16485,5,5
"[1, 1, 0, 1, 0, 1, 0, 0, 1, 0]",84.93945450019768,60.08062108508315,24.858833415114532,10.051898702587026,2.1734245747113463,57752,5,5
"[1, 1, 0, 1, 0, 1, 0, 0, 1, 1]",58.12336067356386,43.58665466522582,14.536706008338037,10.062526993281605,2.2486163280389904,5459,6,4
"[1, 1, 0, 1, 0, 1, 0, 1, 0, 0]",82.73150127587073,58.458254058574994,24.273247217295733,10.109614085858128,2.213493715737275,80278,5,5
"[1, 1, 0, 1, 0, 1, 0, 1, 0, 1]",59.74909158883035,45.263866078774555,14.485225510055798,10.239684146711364,2.217764992037953,35151,6,4
"[1, 1, 0, 1, 0, 1, 0, 1, 1, 0]",54.43156711323968,41.49967267970025,12.931894433539433,10.213258071035497,2.2644019273193954,77357,6,4
"[1, 1, 0, 1, 0, 1, 0, 1, 1, 1]",38.73356927527652,31.981622397167563,6.75194687810896,9.955511491069235,2.287534319364512,7471,7,3
"[1, 1, 0, 1, 0, 1, 1, 0, 0, 0]",79.60429219318317,58.17894035980922,21.425351833373952,9.946617347438854,2.189210602553419,29531,5,5
"[1, 1, 0, 1, 0, 1, 1, 0, 0, 1]",57.00684615219275,43.40708751677862,13.599758635414133,10.03878656542329,2.210946958672551,65227,6,4
"[1, 1, 0, 1, 0, 1, 1, 0, 1, 0]",58.23623236915999,43.09256177220074,15.143670596959254,10.080998745901589,2.207088253371505,69366,6,4
"[1, 1, 0, 1, 0, 1, 1, 0, 1, 1]",38.587974515671,32.54131302313784,6.046661492533161,10.0449710734738,2.276040105597015,56401,7,3
"[1, 1, 0, 1, 0, 1, 1, 1, 0, 0]",58.39977351051821,44.78898221953372,13.610791290984487,10.121770101695736,2.183739336352408,10150,6,4
"[1, 1, 0, 1, 0, 1, 1, 1, 0, 1]",41.06456957004262,32.44933999442701,8.615229575615615,10.170024836613704,2.2111899818863265,18378,7,3
"[1, 1, 0, 1, 0, 1, 1, 1, 1, 0]",41.76020030367761,33.422673469926174,8.337526833751433,10.162187919206882,2.16955941659067,55080,7,3
"[1, 1, 0, 1, 0, 1, 1, 1, 1, 1]",23.750730039308078,21.247962873928916,2.5027671653791614,10.21016139816744,2.1571023472340833,88968,8,2
"[1, 1, 0, 1, 1, 0, 0, 0, 0, 0]",109.06973751837529,82.66151275406449,26.408224764310802,9.920653241191955,2.1549101448202967,50450,4,6
"[1, 1, 0, 1, 1, 0, 0, 0, 0, 1]",83.21872837335836,60.43118900440477,22.78753936895359,10.21118010703517,2.3039322810607743,23500,5,5
"[1, 1, 0, 1, 1, 0, 0, 0, 1, 0]",81.22683031258426,58.215120833675535,23.01170947890872,10.014230891475787,2.267392861965691,94981,5,5
"[1, 1, 0, 1, 1, 0, 0, 0, 1, 1]",55.44281398989952,42.65927790035955,12.783536089539972,10.017970858861439,2.2503017823320697,83041,6,4
"[1, 1, 0, 1, 1, 0, 0, 1, 0, 0]",81.49891200372954,56.573478361844344,24.9254336418852,9.992326761152786,2.1542765282378826,14546,5,5
"[1, 1, 0, 1, 1, 0, 0, 1, 0, 1]",57.275923562133606,44.885772871227495,12.390150690906111,10.191124905823624,2.2508006110659036,13453,6,4
"[1, 1, 0, 1, 1, 0, 0, 1, 1, 0]",55.011307182012885,40.08132568177335,14.929981500239535,9.94740900008752,2.280817847686462,54239,6,4
"[1, 1, 0, 1, 1, 0, 0, 1, 1, 1]",38.508099581358145,30.183010937394904,8.325088643963241,9.98153950507981,2.104905830477911,81185,7,3
"[1, 1, 0, 1, 1, 0, 1, 0, 0, 0]",76.52114259171245,55.29782993974627,21.223312651966175,10.049301432261105,2.2512542245962823,862,5,5
"[1, 1, 0, 1, 1, 0, 1, 0, 0, 1]",59.534949081338716,43.743074594054406,15.79187448728431,10.088522768052322,2.337666672332671,4016,6,4
"[1, 1, 0, 1, 1, 0, 1, 0, 1, 0]",60.45932951852975,42.590425895281356,17.868903623248393,9.97623101382175,2.0845672143212504,50113,6,4
"[1, 1, 0, 1, 1, 0, 1, 0, 1, 1]",38.17209025037551,29.848218036195654,8.323872214179858,10.161272399027881,2.241845424392446,94267,7,3
"[1, 1, 0, 1, 1, 0, 1, 1, 0, 0]",58.99111099508354,42.12924430446795,16.861866690615585,10.180139575853897,2.0395780463858437,6865,6,4
"[1, 1, 0, 1, 1, 0, 1, 1, 0, 1]",42.25320050135209,32.427532735403,9.825667765949092,9.906569822676452,2.115843811223416,61451,7,3
"[1, 1, 0, 1, 1, 0, 1, 1, 1, 0]",39.61615393259211,31.888077652718923,7.728076279873189,9.78137917220405,2.0679500057078224,13112,7,3
"[1, 1, 0, 1, 1, 0, 1, 1, 1, 1]",24.686068963816194,21.53165583826649,3.154413125549702,10.24624794983356,2.354769801768937,48739,8,2
"[1, 1, 0, 1, 1, 1, 0, 0, 0, 0]",79.07675937948957,55.4166980335908,23.660061345898775,10.082959612902137,2.2956691453886773,357,5,5
"[1, 1, 0, 1, 1, 1, 0, 0, 0, 1]",54.176850020058644,42.14001523433428,12.036834785724366,10.049579828226538,2.2388250798805487,46401,6,4
"[1, 1, 0, 1, 1, 1, 0, 0, 1, 0]",60.016784050198595,40.38265260213349,19.634131448065105,10.104157697108644,2.195951294584999,76523,6,4
"[1, 1, 0, 1, 1, 1, 0, 0, 1, 1]",38.190253092062484,30.406131311490718,7.784121780571766,10.152175285614588,2.2108146100329584,93976,7,3
"[1, 1, 0, 1, 1, 1, 0, 1, 0, 0]",60.684842893460846,45.37739877095154,15.30744412250931,10.075519456200556,2.049029727725957,24540,6,4
"[1, 1, 0, 1, 1, 1, 0, 1, 0, 1]",40.13492067663414,31.810811369154845,8.324109307479294,10.027223534349114,2.2383008872650665,42580,7,3
"[1, 1, 0, 1, 1, 1, 0, 1, 1, 0]",41.15446513789025,32.32821766525899,8.826247472631259,10.07940935629606,2.159892126804247,42934,7,3
"[1, 1, 0, 1, 1, 1, 0, 1, 1, 1]",24.553217584324813,21.879524192694163,2.67369339163065,10.127192312859272,2.186568162195431,76004,8,2
"[1, 1, 0, 1, 1, 1, 1, 0, 0, 0]",59.29356669705022,45.24059178842395,14.052974908626268,10.07556981409414,2.264027283970167,38731,6,4
"[1, 1, 0, 1, 1, 1, 1, 0, 0, 1]",38.126059012156475,30.50013174258077,7.625927269575705,10.010420916208867,2.2839335246388033,50378,7,3
"[1, 1, 0, 1, 1, 1, 1, 0, 1, 0]",40.216569814467356,32.93593775570545,7.280632058761903,10.081615017847037,2.2559796162381107,14463,7,3
"[1, 1, 0, 1, 1, 1, 1, 0, 1, 1]",24.87124436072136,22.30805944215299,2.5631849185683677,10.215386944222312,2.175607119828061,28321,8,2
"[1, 1, 0, 1, 1, 1, 1, 1, 0, 0]",42.8472463999543,31.167310511360732,11.679935888593569,10.189776506143241,2.258587512029223,70613,7,3
"[1, 1, 0, 1, 1, 1, 1, 1, 0, 1]",23.55909464287343,21.36803056296986,2.191064079903569,9.877664119210747,2.2331558174438086,30973,8,2
"[1, 1, 0, 1, 1, 1, 1, 1, 1, 0]",23.46060347031771,22.00335266690083,1.4572508034168798,10.039865601397471,2.2306088945650506,99189,8,2
"[1, 1, 0, 1, 1, 1, 1, 1, 1, 1]",10.655407429646122,12.958997855192207,-2.3035904255460853,10.186754815133632,2.206336300040785,51674,9,1
"[1, 1, 1, 0, 0, 0, 0, 0, 0, 0]",143.73572363689772,94.96611987290112,48.7696037639966,10.069162592396466,2.3362631717895965,53534,3,7
"[1, 1, 1, 0, 0, 0, 0, 0, 0, 1]",114.3670510996332,72.25529157009348,42.111759529539725,10.032819928673412,2.135600002450378,35586,4,6
"[1, 1, 1, 0, 0, 0, 0, 0, 1, 0]",109.44124280802595,74.40308535263783,35.03815745538812,10.04209469545731,2.184518135128091,17996,4,6
"[1, 1, 1, 0, 0, 0, 0, 0, 1, 1]",81.16357088055027,55.397501226990336,25.76606965355993,9.96747872850933,2.1478889324738755,7549,5,5
"[1, 1, 1, 0, 0, 0, 0, 1, 0, 0]",107.22721804083329,75.8191894383477,31.408028602485587,10.030474897047258,2.302962681844653,38654,4,6
"[1, 1, 1, 0, 0, 0, 0, 1, 0, 1]",77.26786277038296,58.29247106616643,18.975391704216534,10.06106770315643,2.2584812500075007,8433,5,5
"[1, 1, 1, 0, 0, 0, 0, 1, 1, 0]",85.56220912961754,59.43072132346786,26.131487806149686,10.032819928673412,2.135600002450378,35586,5,5
"[1, 1, 1, 0, 0, 0, 0, 1, 1, 1]",58.41716290755488,40.85473807631267,17.56242483124221,10.04209469545731,2.184518135128091,17996,6,4
"[1, 1, 1, 0, 0, 0, 1, 0, 0, 0]",105.1956484276109,72.55301305239435,32.64263537521656,9.96747872850933,2.1478889324738755,7549,4,6
"[1, 1, 1, 0, 0, 0, 1, 0, 0, 1]",82.43315259216838,61.26191161785808,21.1712409743103,10.030474897047258,2.302962681844653,38654,5,5
"[1, 1, 1, 0, 0, 0, 1, 0, 1, 0]",77.68554890896984,57.69168417078357,19.993864738186268,10.06106770315643,2.2584812500075007,8433,5,5
"[1, 1, 1, 0, 0, 0, 1, 0, 1, 1]",60.52860492396193,41.90821802037566,18.620386903586272,10.032819928673412,2.135600002450378,35586,6,4
"[1, 1, 1, 0, 0, 0, 1, 1, 0, 0]",78.64333080449816,55.775223151233824,22.86810765326434,10.04209469545731,2.184518135128091,17996,5,5
"[1, 1, 1, 0, 0, 0, 1, 1, 0, 1]",56.79278618802827,44.24991125245964,12.542874935568634,9.96747872850933,2.1478889324738755,7549,6,4
"[1, 1, 1, 0, 0, 0, 1, 1, 1, 0]",56.776651851538816,41.203677438575504,15.572974412963312,10.030474897047258,2.302962681844653,38654,6,4
"[1, 1, 1, 0, 0, 0, 1, 1, 1, 1]",37.53120044521197,31.888366569556162,5.6428338756558105,10.06106770315643,2.2584812500075007,8433,7,3
"[1, 1, 1, 0, 0, 1, 0, 0, 0, 0]",112.57804333865664,74.37024869249795,38.20779464615869,10.032819928673412,2.135600002450378,35586,4,6
"[1, 1, 1, 0, 0, 1, 0, 0, 0, 1]",81.77978059577451,55.71521172074781,26.0645688750267,10.04209469545731,2.184518135128091,17996,5,5
"[1, 1, 1, 0, 0, 1, 0, 0, 1, 0]",80.23094484036483,56.35888647177301,23.872058368591816,9.96747872850933,2.1478889324738755,7549,5,5
"[1, 1, 1, 0, 0, 1, 0, 0, 1, 1]",58.76241190077007,42.95617139350747,15.8062405072626,10.030474897047258,2.302962681844653,38654,6,4
"[1, 1, 1, 0, 0, 1, 0, 1, 0, 0]",76.07149413666411,51.94725958846296,24.12423454820115,10.06106770315643,2.2584812500075007,8433,5,5
"[1, 1, 1, 0, 0, 1, 0, 1, 0, 1]",62.74553578825734,43.317279135727254,19.428256652530088,10.032819928673412,2.135600002450378,35586,6,4
"[1, 1, 1, 0, 0, 1, 0, 1, 1, 0]",59.762364777506434,43.633999281363685,16.12836549614275,10.04209469545731,2.184518135128091,17996,6,4
"[1, 1, 1, 0, 0, 1, 0, 1, 1, 1]",39.03130848309966,32.51783521276149,6.513473270338167,9.96747872850933,2.1478889324738755,7549,7,3
"[1, 1, 1, 0, 0, 1, 1, 0, 0, 0]",82.96186010670316,61.8810244778274,21.080835628875754,10.030474897047258,2.302962681844653,38654,5,5
"[1, 1, 1, 0, 0, 1, 1, 0, 0, 1]",57.19118561828972,42.3234613758588,14.867724242430924,10.06106770315643,2.2584812500075007,8433,6,4
"[1, 1, 1, 0, 0, 1, 1, 0, 1, 0]",58.54860355367069,40.840594856335514,17.708008697335174,10.032819928673412,2.135600002450378,35586,6,4
"[1, 1, 1, 0, 0, 1, 1, 0, 1, 1]",40.42409226253921,32.30261416358626,8.121478098952949,10.04209469545731,2.184518135128091,17996,7,3
"[1, 1, 1, 0, 0, 1, 1, 1, 0, 0]",55.17944491548737,41.86345815103,13.31598676445737,9.96747872850933,2.1478889324738755,7549,6,4
"[1, 1, 1, 0, 0, 1, 1, 1, 0, 1]",40.83769724219634,32.45612863488599,8.38156860731035,10.030474897047258,2.302962681844653,38654,7,3
"[1, 1, 1, 0, 0, 1, 1, 1, 1, 0]",37.3173199002064,30.023804894180692,7.293515006025707,10.06106770315643,2.2584812500075007,8433,7,3
"[1, 1, 1, 0, 0, 1, 1, 1, 1, 1]",25.38790699467184,21.40452827547674,3.983378719195102,10.032819928673412,2.135600002450378,35586,8,2
"[1, 1, 1, 0, 1, 0, 0, 0, 0, 0]",106.95246985628049,77.10132945564845,29.851140400632033,10.04209469545731,2.184518135128091,17996,4,6
"[1, 1, 1, 0, 1, 0, 0, 0, 0, 1]",82.63354732551979,56.172689465116726,26.46085786040306,9.96747872850933,2.1478889324738755,7549,5,5
"[1, 1, 1, 0, 1, 0, 0, 0, 1, 0]",78.70739355672237,60.74849703067298,17.958896526049386,10.030474897047258,2.302962681844653,38654,5,5
"[1, 1, 1, 0, 1, 0, 0, 0, 1, 1]",56.87709207748571,43.70098279031777,13.176109287167947,10.06106770315643,2.2584812500075007,8433,6,4
"[1, 1, 1, 0, 1, 0, 0, 1, 0, 0]",84.02134361121104,57.3427735617461,26.678570049464938,10.032819928673412,2.135600002450378,35586,5,5
"[1, 1, 1, 0, 1, 0, 0, 1, 0, 1]",56.92703033829777,41.71063634207138,15.216393996226387,10.04209469545731,2.184518135128091,17996,6,4
"[1, 1, 1, 0, 1, 0, 0, 1, 1, 0]",59.66055679961963,44.73088160001585,14.929675199603778,9.96747872850933,2.1478889324738755,7549,6,4
"[1, 1, 1, 0, 1, 0, 0, 1, 1, 1]",38.33530641151925,32.306077211183116,6.0292292003361325,10.030474897047258,2.302962681844653,38654,7,3
"[1, 1, 1, 0, 1, 0, 1, 0, 0, 0]",76.24678363633271,57.65730780668322,18.589475829649487,10.06106770315643,2.2584812500075007,8433,5,5
"[1, 1, 1, 0, 1, 0, 1, 0, 0, 1]",59.86286764198989,42.92402827961399,16.938839362375894,10.032819928673412,2.135600002450378,35586,6,4
"[1, 1, 1, 0, 1, 0, 1, 0, 1, 0]",57.086978733536824,43.86177021646698,13.225208517069845,10.04209469545731,2.184518135128091,17996,6,4
"[1, 1, 1, 0, 1, 0, 1, 0, 1, 1]",40.56681507555468,34.162429018443945,6.4043860571107345,9.96747872850933,2.1478889324738755,7549,7,3
"[1, 1, 1, 0, 1, 0, 1, 1, 0, 0]",56.76564919406718,44.46184198899428,12.3038072050729,10.030474897047258,2.302962681844653,38654,6,4
"[1, 1, 1, 0, 1, 0, 1, 1, 0, 1]",36.773429888883385,32.27276233424978,4.500667554633608,10.06106770315643,2.2584812500075007,8433,7,3
"[1, 1, 1, 0, 1, 0, 1, 1, 1, 0]",39.82327884553931,31.86036786824695,7.962910977292363,10.032819928673412,2.135600002450378,35586,7,3
"[1, 1, 1, 0, 1, 0, 1, 1, 1, 1]",23.07346678020742,21.71842643228404,1.355040347923378,10.04209469545731,2.184518135128091,17996,8,2
"[1, 1, 1, 0, 1, 1, 0, 0, 0, 0]",81.03506422490632,55.42236903676735,25.61269518813897,9.96747872850933,2.1478889324738755,7549,5,5
"[1, 1, 1, 0, 1, 1, 0, 0, 0, 1]",58.797702525190566,45.084554349447664,13.713148175742901,10.030474897047258,2.302962681844653,38654,6,4
"[1, 1, 1, 0, 1, 1, 0, 0, 1, 0]",57.044523048013716,42.14431818399441,14.900204864019308,10.06106770315643,2.2584812500075007,8433,6,4
"[1, 1, 1, 0, 1, 1, 0, 0, 1, 1]",38.959051125044745,32.768812696215875,6.19023842882887,10.032819928673412,2.135600002450378,35586,7,3
"[1, 1, 1, 0, 1, 1, 0, 1, 0, 0]",58.10117675331641,44.2958896441797,13.805287109136707,10.04209469545731,2.184518135128091,17996,6,4
"[1, 1, 1, 0, 1, 1, 0, 1, 0, 1]",40.04911395664762,33.3692263365515,6.679887620096125,9.96747872850933,2.1478889324738755,7549,7,3
"[1, 1, 1, 0, 1, 1, 0, 1, 1, 0]",38.34088033913634,32.10381615106124,6.237064188075102,10.030474897047258,2.302962681844653,38654,7,3
"[1, 1, 1, 0, 1, 1, 0, 1, 1, 1]",23.268435873141474,21.556946982778197,1.7114888903632774,10.06106770315643,2.2584812500075007,8433,8,2
"[1, 1, 1, 0, 1, 1, 1, 0, 0, 0]",57.96273648626172,42.57663994229217,15.38609654396955,10.032819928673412,2.135600002450378,35586,6,4
"[1, 1, 1, 0, 1, 1, 1, 0, 0, 1]",38.91098833306136,31.73311365032265,7.177874682738711,10.04209469545731,2.184518135128091,17996,7,3
"[1, 1, 1, 0, 1, 1, 1, 0, 1, 0]",39.51401056113289,33.402482989196926,6.111527571935966,9.96747872850933,2.1478889324738755,7549,7,3
"[1, 1, 1, 0, 1, 1, 1, 0, 1, 1]",24.07905981818466,22.398378898890957,1.6806809192937031,10.030474897047258,2.302962681844653,38654,8,2
"[1, 1, 1, 0, 1, 1, 1, 1, 0, 0]",36.44990609716228,29.247332585771296,7.20257351139098,10.06106770315643,2.2584812500075007,8433,7,3
"[1, 1, 1, 0, 1, 1, 1, 1, 0, 1]",25.106562641734502,22.452960604238342,2.65360203749616,10.032819928673412,2.135600002450378,35586,8,2
"[1, 1, 1, 0, 1, 1, 1, 1, 1, 0]",23.714771428740384,21.687352061630246,2.027419367110138,10.04209469545731,2.184518135128091,17996,8,2
"[1, 1, 1, 0, 1, 1, 1, 1, 1, 1]",10.831971577045579,13.685394823864238,-2.853423246818659,9.96747872850933,2.1478889324738755,7549,9,1
"[1, 1, 1, 1, 0, 0, 0, 0, 0, 0]",108.36388234527112,81.92602980768086,26.43785253759026,10.030474897047258,2.302962681844653,38654,4,6
"[1, 1, 1, 1, 0, 0, 0, 0, 0, 1]",80.10367969698105,62.728045648351426,17.37563404862962,10.06106770315643,2.2584812500075007,8433,5,5
"[1, 1, 1, 1, 0, 0, 0, 0, 1, 0]",83.67131191746948,57.897346390729155,25.773965526740326,10.032819928673412,2.135600002450378,35586,5,5
"[1, 1, 1, 1, 0, 0, 0, 0, 1, 1]",58.586956410997175,42.17660200897721,16.410354402019962,10.04209469545731,2.184518135128091,17996,6,4
"[1, 1, 1, 1, 0, 0, 0, 1, 0, 0]",79.67973277679644,57.806717187713964,21.873015589082478,9.96747872850933,2.1478889324738755,7549,5,5
"[1, 1, 1, 1, 0, 0, 0, 1, 0, 1]",57.83639213035304,44.55592016534868,13.28047196500436,10.030474897047258,2.302962681844653,38654,6,4
"[1, 1, 1, 1, 0, 0, 0, 1, 1, 0]",55.0302055239124,43.725737602111046,11.304467921801354,10.06106770315643,2.2584812500075007,8433,6,4
"[1, 1, 1, 1, 0, 0, 0, 1, 1, 1]",42.29540126885634,32.199754068433165,10.095647200423173,10.032819928673412,2.135600002450378,35586,7,3
"[1, 1, 1, 1, 0, 0, 1, 0, 0, 0]",78.6576225932948,57.73179077670825,20.925831816586552,10.04209469545731,2.184518135128091,17996,5,5
"[1, 1, 1, 1, 0, 0, 1, 0, 0, 1]",56.46404336922151,41.922727031716605,14.541316337504902,9.96747872850933,2.1478889324738755,7549,6,4
"[1, 1, 1, 1, 0, 0, 1, 0, 1, 0]",57.34467885186477,45.39132907980631,11.95334977205846,10.030474897047258,2.302962681844653,38654,6,4
"[1, 1, 1, 1, 0, 0, 1, 0, 1, 1]",39.06792670153104,33.21667885281241,5.851247848718636,10.06106770315643,2.2584812500075007,8433,7,3
"[1, 1, 1, 1, 0, 0, 1, 1, 0, 0]",64.14060958325766,48.61594187889957,15.524667704358087,10.032819928673412,2.135600002450378,35586,6,4
"[1, 1, 1, 1, 0, 0, 1, 1, 0, 1]",37.665882349270284,31.64175451563767,6.024127833632615,10.04209469545731,2.184518135128091,17996,7,3
"[1, 1, 1, 1, 0, 0, 1, 1, 1, 0]",37.734689984881875,30.647908276949757,7.0867817079321185,9.96747872850933,2.1478889324738755,7549,7,3
"[1, 1, 1, 1, 0, 0, 1, 1, 1, 1]",23.261551370673608,21.137599775488983,2.123951595184625,10.030474897047258,2.302962681844653,38654,8,2
"[1, 1, 1, 1, 0, 1, 0, 0, 0, 0]",79.27713340783708,57.30942548300739,21.967707924829696,10.06106770315643,2.2584812500075007,8433,5,5
"[1, 1, 1, 1, 0, 1, 0, 0, 0, 1]",60.83942733141679,42.1573261461504,18.68210118526639,10.032819928673412,2.135600002450378,35586,6,4
"[1, 1, 1, 1, 0, 1, 0, 0, 1, 0]",60.224104474043195,46.513965336593756,13.710139137449438,10.04209469545731,2.184518135128091,17996,6,4
"[1, 1, 1, 1, 0, 1, 0, 0, 1, 1]",38.74829250741567,30.56751744079193,8.180775066623738,9.96747872850933,2.1478889324738755,7549,7,3
"[1, 1, 1, 1, 0, 1, 0, 1, 0, 0]",57.89209602976357,44.462154844719294,13.429941185044278,10.030474897047258,2.302962681844653,38654,6,4
"[1, 1, 1, 1, 0, 1, 0, 1, 0, 1]",38.85200910146153,33.10126036418987,5.750748737271664,10.06106770315643,2.2584812500075007,8433,7,3
"[1, 1, 1, 1, 0, 1, 0, 1, 1, 0]",41.42823470076528,33.033624687724576,8.394610013040705,10.032819928673412,2.135600002450378,35586,7,3
"[1, 1, 1, 1, 0, 1, 0, 1, 1, 1]",24.701369966258152,21.382191415475177,3.3191785507829756,10.04209469545731,2.184518135128091,17996,8,2
"[1, 1, 1, 1, 0, 1, 1, 0, 0, 0]",55.01844860862462,40.89884495111524,14.11960365750938,9.96747872850933,2.1478889324738755,7549,6,4
"[1, 1, 1, 1, 0, 1, 1, 0, 0, 1]",41.09732111506452,35.14834189490342,5.9489792201611,10.030474897047258,2.302962681844653,38654,7,3
"[1, 1, 1, 1, 0, 1, 1, 0, 1, 0]",39.09522156712337,32.046314545330226,7.048907021793141,10.06106770315643,2.2584812500075007,8433,7,3
"[1, 1, 1, 1, 0, 1, 1, 0, 1, 1]",24.291255959737324,21.000908937185397,3.290347022551927,10.032819928673412,2.135600002450378,35586,8,2
"[1, 1, 1, 1, 0, 1, 1, 1, 0, 0]",38.609910967119276,33.58010576607022,5.029805201049058,10.04209469545731,2.184518135128091,17996,7,3
"[1, 1, 1, 1, 0, 1, 1, 1, 0, 1]",22.33292909316625,22.26328461380715,0.06964447935909845,9.96747872850933,2.1478889324738755,7549,8,2
"[1, 1, 1, 1, 0, 1, 1, 1, 1, 0]",23.356864829622403,22.20645134943926,1.1504134801831434,10.030474897047258,2.302962681844653,38654,8,2
"[1, 1, 1, 1, 0, 1, 1, 1, 1, 1]",10.79763114440548,13.206526977864476,-2.4088958334589954,10.06106770315643,2.2584812500075007,8433,9,1
"[1, 1, 1, 1, 1, 0, 0, 0, 0, 0]",81.89632181406941,55.61191177963817,26.28441003443124,10.032819928673412,2.135600002450378,35586,5,5
"[1, 1, 1, 1, 1, 0, 0, 0, 0, 1]",56.697238383348534,42.50431356501669,14.192924818331846,10.04209469545731,2.184518135128091,17996,6,4
"[1, 1, 1, 1, 1, 0, 0, 0, 1, 0]",59.85697145107349,44.64797050970501,15.20900094136848,9.96747872850933,2.1478889324738755,7549,6,4
"[1, 1, 1, 1, 1, 0, 0, 0, 1, 1]",37.94428966603806,31.74050508705384,6.203784578984219,10.030474897047258,2.302962681844653,38654,7,3
"[1, 1, 1, 1, 1, 0, 0, 1, 0, 0]",53.95381578481062,43.502395701093704,10.451420083716918,10.06106770315643,2.2584812500075007,8433,6,4
"[1, 1, 1, 1, 1, 0, 0, 1, 0, 1]",41.162868548473085,29.71366667776392,11.449201870709164,10.032819928673412,2.135600002450378,35586,7,3
"[1, 1, 1, 1, 1, 0, 0, 1, 1, 0]",38.220076475007794,31.236554958915455,6.983521516092338,10.04209469545731,2.184518135128091,17996,7,3
"[1, 1, 1, 1, 1, 0, 0, 1, 1, 1]",24.834722646394397,22.53928774117345,2.2954349052209473,9.96747872850933,2.1478889324738755,7549,8,2
"[1, 1, 1, 1, 1, 0, 1, 0, 0, 0]",56.69108771469237,45.67828957579284,11.012798138899534,10.030474897047258,2.302962681844653,38654,6,4
"[1, 1, 1, 1, 1, 0, 1, 0, 0, 1]",37.880039028813194,32.835148797647214,5.044890231165979,10.06106770315643,2.2584812500075007,8433,7,3
"[1, 1, 1, 1, 1, 0, 1, 0, 1, 0]",38.77260300209557,32.04627469896207,6.726328303133499,10.032819928673412,2.135600002450378,35586,7,3
"[1, 1, 1, 1, 1, 0, 1, 0, 1, 1]",22.696351272992167,21.716843419580496,0.9795078534116719,10.04209469545731,2.184518135128091,17996,8,2
"[1, 1, 1, 1, 1, 0, 1, 1, 0, 0]",39.006183436381775,31.91047305132362,7.095710385058155,9.96747872850933,2.1478889324738755,7549,7,3
"[1, 1, 1, 1, 1, 0, 1, 1, 0, 1]",23.04590566823985,22.22316619937464,0.8227394688652119,10.030474897047258,2.302962681844653,38654,8,2
"[1, 1, 1, 1, 1, 0, 1, 1, 1, 0]",21.326415797597626,21.889331944974938,-0.5629161473773117,10.06106770315643,2.2584812500075007,8433,8,2
"[1, 1, 1, 1, 1, 0, 1, 1, 1, 1]",11.301368139763637,13.171316244810008,-1.8699481050463707,10.032819928673412,2.135600002450378,35586,9,1
"[1, 1, 1, 1, 1, 1, 0, 0, 0, 0]",58.08150730119653,45.79241853213754,12.289088769058992,10.04209469545731,2.184518135128091,17996,6,4
"[1, 1, 1, 1, 1, 1, 0, 0, 0, 1]",39.63052262152593,30.013034084826838,9.617488536699089,9.96747872850933,2.1478889324738755,7549,7,3
"[1, 1, 1, 1, 1, 1, 0, 0, 1, 0]",37.885115830568886,32.10389805131224,5.781217779256643,10.030474897047258,2.302962681844653,38654,7,3
"[1, 1, 1, 1, 1, 1, 0, 0, 1, 1]",24.429761510706776,22.522732218272555,1.9070292924342205,10.06106770315643,2.2584812500075007,8433,8,2
"[1, 1, 1, 1, 1, 1, 0, 1, 0, 0]",40.46265668096756,31.640334391538687,8.822322289428875,10.032819928673412,2.135600002450378,35586,7,3
"[1, 1, 1, 1, 1, 1, 0, 1, 0, 1]",23.498162916837785,21.315815347076743,2.182347569761042,10.04209469545731,2.184518135128091,17996,8,2
"[1, 1, 1, 1, 1, 1, 0, 1, 1, 0]",24.092627136023573,22.712057872447023,1.3805692635765503,9.96747872850933,2.1478889324738755,7549,8,2
"[1, 1, 1, 1, 1, 1, 0, 1, 1, 1]",10.353431659913836,12.886958322110534,-2.5335266621966976,10.030474897047258,2.302962681844653,38654,9,1
"[1, 1, 1, 1, 1, 1, 1, 0, 0, 0]",37.94804331346443,31.520803504432507,6.427239809031924,10.06106770315643,2.2584812500075007,8433,7,3
"[1, 1, 1, 1, 1, 1, 1, 0, 0, 1]",23.82898595863121,21.69321926043792,2.13576669819329,10.032819928673412,2.135600002450378,35586,8,2
"[1, 1, 1, 1, 1, 1, 1, 0, 1, 0]",23.463032505740685,22.362267661041788,1.1007648446988973,10.04209469545731,2.184518135128091,17996,8,2
"[1, 1, 1, 1, 1, 1, 1, 0, 1, 1]",10.87216381002577,12.849163694718403,-1.976999884692633,9.96747872850933,2.1478889324738755,7549,9,1
"[1, 1, 1, 1, 1, 1, 1, 1, 0, 0]",22.885729443937215,21.7701516844028,1.115577759534414,10.030474897047258,2.302962681844653,38654,8,2
"[1, 1, 1, 1, 1, 1, 1, 1, 0, 1]",10.168220152699446,13.19323310580907,-3.0250129531096235,10.06106770315643,2.2584812500075007,8433,9,1
"[1, 1, 1, 1, 1, 1, 1, 1, 1, 0]",10.467571678048873,13.105955409102103,-2.6383837310532297,10.032819928673412,2.135600002450378,35586,9,1
"[1, 1, 1, 1, 1, 1, 1, 1, 1, 1]",0.0,0.0,0.0,10.04209469545731,2.184518135128091,17996,10,0
"[1, 0, 0, 0, 0, 0, 0, 0, 0, 0]",224.1384279209842,140.50406695062023,83.63436097036399,9.96747872850933,2.1478889324738755,7549,1,9
"[1, 0, 0, 0, 0, 0, 0, 0, 0, 1]",179.93393288189415,113.66932248592012,66.26461039597403,10.030474897047258,2.302962681844653,38654,2,8
"[1, 0, 0, 0, 0, 0, 0, 0, 1, 0]",174.65199428662424,108.10964632654333,66.54234796008092,10.06106770315643,2.2584812500075007,8433,2,8
"[1, 0, 0, 0, 0, 0, 0, 0, 1, 1]",136.84941903723006,81.36459967493911,55.48481936229095,10.032819928673412,2.135600002450378,35586,3,7
"[1, 0, 0, 0, 0, 0, 0, 1, 0, 0]",174.12558536882833,112.83591135030197,61.289674018526355,10.04209469545731,2.184518135128091,17996,2,8
"[1, 0, 0, 0, 0, 0, 0, 1, 0, 1]",138.2362052451719,85.8954899582946,52.3407152868773,9.96747872850933,2.1478889324738755,7549,3,7
"[1, 0, 0, 0, 0, 0, 0, 1, 1, 0]",136.15586258324734,83.4198807872057,52.73598179604164,10.030474897047258,2.302962681844653,38654,3,7
"[1, 0, 0, 0, 0, 0, 0, 1, 1, 1]",105.17272944741562,69.54610834347751,35.626621103938106,10.06106770315643,2.2584812500075007,8433,4,6
"[1, 0, 0, 0, 0, 0, 1, 0, 0, 0]",179.3999569465815,111.53740669815726,67.86255024842426,10.032819928673412,2.135600002450378,35586,2,8
"[1, 0, 0, 0, 0, 0, 1, 0, 0, 1]",135.85635636657608,87.77788843967257,48.078467926903514,10.04209469545731,2.184518135128091,17996,3,7
"[1, 0, 0, 0, 0, 0, 1, 0, 1, 0]",137.5235201238741,89.9646144570698,47.55890566680431,9.96747872850933,2.1478889324738755,7549,3,7
"[1, 0, 0, 0, 0, 0, 1, 0, 1, 1]",106.8241233745693,66.28142224755588,40.542701127013416,10.030474897047258,2.302962681844653,38654,4,6
"[1, 0, 0, 0, 0, 0, 1, 1, 0, 0]",132.71108455083368,87.22716036538077,45.483924185452906,10.06106770315643,2.2584812500075007,8433,3,7
"[1, 0, 0, 0, 0, 0, 1, 1, 0, 1]",109.14571750347223,68.7606824476862,40.385035055786034,10.032819928673412,2.135600002450378,35586,4,6
"[1, 0, 0, 0, 0, 0, 1, 1, 1, 0]",103.15658196127353,66.62019924898381,36.53638271228972,10.04209469545731,2.184518135128091,17996,4,6
"[1, 0, 0, 0, 0, 0, 1, 1, 1, 1]",77.67924091614277,49.00825793975667,28.670982976386107,9.96747872850933,2.1478889324738755,7549,5,5
"[1, 0, 0, 0, 0, 1, 0, 0, 0, 0]",180.50435129752276,115.01771644479989,65.48663485272287,10.030474897047258,2.302962681844653,38654,2,8
"[1, 0, 0, 0, 0, 1, 0, 0, 0, 1]",140.18590825181377,89.44764382328333,50.73826442853044,10.06106770315643,2.2584812500075007,8433,3,7
"[1, 0, 0, 0, 0, 1, 0, 0, 1, 0]",134.92587853563006,84.01520213165365,50.91067640397641,10.032819928673412,2.135600002450378,35586,3,7
"[1, 0, 0, 0, 0, 1, 0, 0, 1, 1]",107.05677261313532,67.57216689300361,39.48460572013171,10.04209469545731,2.184518135128091,17996,4,6
"[1, 0, 0, 0, 0, 1, 0, 1, 0, 0]",137.08429120800923,89.70404608667802,47.380245121331214,9.96747872850933,2.1478889324738755,7549,3,7
"[1, 0, 0, 0, 0, 1, 0, 1, 0, 1]",108.2055189536213,66.9776766061783,41.22784234744299,10.030474897047258,2.302962681844653,38654,4,6
"[1, 0, 0, 0, 0, 1, 0, 1, 1, 0]",103.60916019227108,63.88176757649518,39.7273926157759,10.06106770315643,2.2584812500075007,8433,4,6
"[1, 0, 0, 0, 0, 1, 0, 1, 1, 1]",77.93767958289015,48.99480182943769,28.942877753452464,10.032819928673412,2.135600002450378,35586,5,5
"[1, 0, 0, 0, 0, 1, 1, 0, 0, 0]",137.12222514186126,94.28039891152696,42.841826230334306,10.04209469545731,2.184518135128091,17996,3,7
"[1, 0, 0, 0, 0, 1, 1, 0, 0, 1]",104.2642991472896,68.89482629739238,35.36947284989722,9.96747872850933,2.1478889324738755,7549,4,6
"[1, 0, 0, 0, 0, 1, 1, 0, 1, 0]",107.40144521734727,70.01908646282318,37.38235875452409,10.030474897047258,2.302962681844653,38654,4,6
"[1, 0, 0, 0, 0, 1, 1, 0, 1, 1]",81.51266544214238,53.97573869895592,27.536926743186456,10.06106770315643,2.2584812500075007,8433,5,5
"[1, 0, 0, 0, 0, 1, 1, 1, 0, 0]",107.59851485173596,71.5972443114787,36.00127054025725,10.032819928673412,2.135600002450378,35586,4,6
"[1, 0, 0, 0, 0, 1, 1, 1, 0, 1]",77.99308294952307,52.35828956671685,25.634793382806222,10.04209469545731,2.184518135128091,17996,5,5
"[1, 0, 0, 0, 0, 1, 1, 1, 1, 0]",77.0345499010116,52.77508251504635,24.25946738596525,9.96747872850933,2.1478889324738755,7549,5,5
"[1, 0, 0, 0, 0, 1, 1, 1, 1, 1]",58.20226473585937,38.10085799262826,20.101406743231117,10.030474897047258,2.302962681844653,38654,6,4
"[1, 0, 0, 0, 1, 0, 0, 0, 0, 0]",174.30442640986766,115.95120854444042,58.35321786542724,10.06106770315643,2.2584812500075007,8433,2,8
"[1, 0, 0, 0, 1, 0, 0, 0, 0, 1]",136.2535482711871,83.4689141175927,52.784634153594396,10.032819928673412,2.135600002450378,35586,3,7
"[1, 0, 0, 0, 1, 0, 0, 0, 1, 0]",136.99254258735695,89.95331517367356,47.03922741368339,10.04209469545731,2.184518135128091,17996,3,7
"[1, 0, 0, 0, 1, 0, 0, 0, 1, 1]",109.78156616809191,69.99233036008503,39.78923580800688,9.96747872850933,2.1478889324738755,7549,4,6
"[1, 0, 0, 0, 1, 0, 0, 1, 0, 0]",137.01648377676156,90.26043046711683,46.75605330964473,10.030474897047258,2.302962681844653,38654,3,7
"[1, 0, 0, 0, 1, 0, 0, 1, 0, 1]",105.47408025103614,77.81073961482961,27.663340636206527,10.06106770315643,2.2584812500075007,8433,4,6
"[1, 0, 0, 0, 1, 0, 0, 1, 1, 0]",103.17819501798594,67.24159719981004,35.9365978181759,10.032819928673412,2.135600002450378,35586,4,6
"[1, 0, 0, 0, 1, 0, 0, 1, 1, 1]",77.99535465449786,52.3343586466411,25.66099600785676,10.04209469545731,2.184518135128091,17996,5,5
"[1, 0, 0, 0, 1, 0, 1, 0, 0, 0]",139.84642451126948,93.74889944892243,46.097525062347046,9.96747872850933,2.1478889324738755,7549,3,7
"[1, 0, 0, 0, 1, 0, 1, 0, 0, 1]",107.64305164121231,72.05640650539715,35.58664513581516,10.030474897047258,2.302962681844653,38654,4,6
"[1, 0, 0, 0, 1, 0, 1, 0, 1, 0]",105.44812416850839,73.82697943001416,31.621144738494223,10.06106770315643,2.2584812500075007,8433,4,6
"[1, 0, 0, 0, 1, 0, 1, 0, 1, 1]",75.52404047005699,51.41262011653696,24.11142035352003,10.032819928673412,2.135600002450378,35586,5,5
"[1, 0, 0, 0, 1, 0, 1, 1, 0, 0]",101.62540910918517,67.97789047501911,33.64751863416606,10.04209469545731,2.184518135128091,17996,4,6
"[1, 0, 0, 0, 1, 0, 1, 1, 0, 1]",79.53179957802311,51.754051262927284,27.777748315095828,9.96747872850933,2.1478889324738755,7549,5,5
"[1, 0, 0, 0, 1, 0, 1, 1, 1, 0]",77.62288612730819,52.8521509390636,24.770735188244593,10.030474897047258,2.302962681844653,38654,5,5
"[1, 0, 0, 0, 1, 0, 1, 1, 1, 1]",56.68653031278076,42.608370816972695,14.078159495808066,10.06106770315643,2.2584812500075007,8433,6,4
"[1, 0, 0, 0, 1, 1, 0, 0, 0, 0]",134.33221302847417,86.12742165152135,48.20479137695283,10.032819928673412,2.135600002450378,35586,3,7
"[1, 0, 0, 0, 1, 1, 0, 0, 0, 1]",106.18698774602122,69.81669596008771,36.3702917859335,10.04209469545731,2.184518135128091,17996,4,6
"[1, 0, 0, 0, 1, 1, 0, 0, 1, 0]",109.24843439537023,74.10350058377472,35.14493381159551,9.96747872850933,2.1478889324738755,7549,4,6
"[1, 0, 0, 0, 1, 1, 0, 0, 1, 1]",80.12947491649291,52.907315927279974,27.222158989212936,10.030474897047258,2.302962681844653,38654,5,5
"[1, 0, 0, 0, 1, 1, 0, 1, 0, 0]",103.61537291940662,70.15426347698423,33.4611094424224,10.06106770315643,2.2584812500075007,8433,4,6
"[1, 0, 0, 0, 1, 1, 0, 1, 0, 1]",77.78564018843281,50.55307868642255,27.232561502010256,10.032819928673412,2.135600002450378,35586,5,5
"[1, 0, 0, 0, 1, 1, 0, 1, 1, 0]",78.97980308203174,52.11811655405186,26.861686527979877,10.04209469545731,2.184518135128091,17996,5,5
"[1, 0, 0, 0, 1, 1, 0, 1, 1, 1]",58.134052491910275,40.13709834027444,17.996954151635833,9.96747872850933,2.1478889324738755,7549,6,4
"[1, 0, 0, 0, 1, 1, 1, 0, 0, 0]",107.52001002699924,71.49941766755782,36.02059235944142,10.030474897047258,2.302962681844653,38654,4,6
"[1, 0, 0, 0, 1, 1, 1, 0, 0, 1]",80.88124211798274,56.899754997021134,23.981487120961603,10.06106770315643,2.2584812500075007,8433,5,5
"[1, 0, 0, 0, 1, 1, 1, 0, 1, 0]",73.28157032314803,48.838584010670196,24.442986312477835,10.032819928673412,2.135600002450378,35586,5,5
"[1, 0, 0, 0, 1, 1, 1, 0, 1, 1]",56.393656818595495,39.96080132355109,16.432855495044407,10.04209469545731,2.184518135128091,17996,6,4
"[1, 0, 0, 0, 1, 1, 1, 1, 0, 0]",78.2027784088845,53.29898651353077,24.903791895353727,9.96747872850933,2.1478889324738755,7549,5,5
"[1, 0, 0, 0, 1, 1, 1, 1, 0, 1]",58.757614790364954,42.50648426391941,16.251130526445543,10.030474897047258,2.302962681844653,38654,6,4
"[1, 0, 0, 0, 1, 1, 1, 1, 1, 0]",56.18073239967648,39.58094178593507,16.599790613741412,10.06106770315643,2.2584812500075007,8433,6,4
"[1, 0, 0, 0, 1, 1, 1, 1, 1, 1]",35.53703453787083,26.52699141373404,9.01004312413679,10.032819928673412,2.135600002450378,35586,7,3
"[1, 0, 0, 1, 0, 0, 0, 0, 0, 0]",174.22089752433232,112.86429521927427,61.35660230505805,10.04209469545731,2.184518135128091,17996,2,8
"[1, 0, 0, 1, 0, 0, 0, 0, 0, 1]",138.9735303605008,87.30135333107401,51.67217702942679,9.96747872850933,2.1478889324738755,7549,3,7
"[1, 0, 0, 1, 0, 0, 0, 0, 1, 0]",137.33005797484623,89.81137758632978,47.518680388516444,10.030474897047258,2.302962681844653,38654,3,7
"[1, 0, 0, 1, 0, 0, 0, 0, 1, 1]",108.9065604289425,73.77144305563228,35.13511737331022,10.06106770315643,2.2584812500075007,8433,4,6
"[1, 0, 0, 1, 0, 0, 0, 1, 0, 0]",143.19114417609424,94.79034102220815,48.40080315388609,10.032819928673412,2.135600002450378,35586,3,7
"[1, 0, 0, 1, 0, 0, 0, 1, 0, 1]",103.31950490219673,67.72738953802269,35.592115364174035,10.04209469545731,2.184518135128091,17996,4,6
"[1, 0, 0, 1, 0, 0, 0, 1, 1, 0]",107.0124264951726,71.96757637970536,35.04485011546724,9.96747872850933,2.1478889324738755,7549,4,6
"[1, 0, 0, 1, 0, 0, 0, 1, 1, 1]",78.44968032127916,50.75304414782901,27.696636173450152,10.030474897047258,2.302962681844653,38654,5,5
"[1, 0, 0, 1, 0, 0, 1, 0, 0, 0]",137.51318686534017,95.69786143843926,41.81532542690091,10.06106770315643,2.2584812500075007,8433,3,7
"[1, 0, 0, 1, 0, 0, 1, 0, 0, 1]",107.99813490509192,72.05944660450218,35.93868830058973,10.032819928673412,2.135600002450378,35586,4,6
"[1, 0, 0, 1, 0, 0, 1, 0, 1, 0]",103.04868115289847,68.45299963172191,34.59568152117656,10.04209469545731,2.184518135128091,17996,4,6
"[1, 0, 0, 1, 0, 0, 1, 0, 1, 1]",78.73778983209037,51.86856879179638,26.869221040293993,9.96747872850933,2.1478889324738755,7549,5,5
"[1, 0, 0, 1, 0, 0, 1, 1, 0, 0]",105.66618676894221,72.50747519076397,33.15871157817824,10.030474897047258,2.302962681844653,38654,4,6
"[1, 0, 0, 1, 0, 0, 1, 1, 0, 1]",79.47987406336226,60.213758561088206,19.266115502274054,10.06106770315643,2.2584812500075007,8433,5,5
"[1, 0, 0, 1, 0, 0, 1, 1, 1, 0]",79.7340160105855,56.0103258334795,23.723690177106008,10.032819928673412,2.135600002450378,35586,5,5
"[1, 0, 0, 1, 0, 0, 1, 1, 1, 1]",54.530529834881285,37.867864525990754,16.66266530889053,10.04209469545731,2.184518135128091,17996,6,4
"[1, 0, 0, 1, 0, 1, 0, 0, 0, 0]",137.99146795026738,92.08169702604782,45.90977092421956,9.96747872850933,2.1478889324738755,7549,3,7
"[1, 0, 0, 1, 0, 1, 0, 0, 0, 1]",108.95699178823484,72.85475380309241,36.10223798514244,10.030474897047258,2.302962681844653,38654,4,6
"[1, 0, 0, 1, 0, 1, 0, 0, 1, 0]",107.99436486907513,71.39801139048174,36.596353478593386,10.06106770315643,2.2584812500075007,8433,4,6
"[1, 0, 0, 1, 0, 1, 0, 0, 1, 1]",76.75230840127287,50.04333559735299,26.708972803919877,10.032819928673412,2.135600002450378,35586,5,5
"[1, 0, 0, 1, 0, 1, 0, 1, 0, 0]",104.89957311598553,71.02777403414181,33.87179908184372,10.04209469545731,2.184518135128091,17996,4,6
"[1, 0, 0, 1, 0, 1, 0, 1, 0, 1]",79.03826473606355,54.548578698351015,24.489686037712538,9.96747872850933,2.1478889324738755,7549,5,5
"[1, 0, 0, 1, 0, 1, 0, 1, 1, 0]",78.59735866314067,53.01755792114873,25.57980074199194,10.030474897047258,2.302962681844653,38654,5,5
"[1, 0, 0, 1, 0, 1, 0, 1, 1, 1]",58.550609689421556,43.1119503390532,15.438659350368354,10.06106770315643,2.2584812500075007,8433,6,4
"[1, 0, 0, 1, 0, 1, 1, 0, 0, 0]",107.20730637336233,77.93326482438002,29.27404154898231,10.032819928673412,2.135600002450378,35586,4,6
"[1, 0, 0, 1, 0, 1, 1, 0, 0, 1]",77.92172884636135,54.197120130446045,23.724608715915302,10.04209469545731,2.184518135128091,17996,5,5
"[1, 0, 0, 1, 0, 1, 1, 0, 1, 0]",78.10579860496942,55.385212959939196,22.720585645030226,9.96747872850933,2.1478889324738755,7549,5,5
"[1, 0, 0, 1, 0, 1, 1, 0, 1, 1]",58.53387553306004,41.31758536300337,17.216290170056674,10.030474897047258,2.302962681844653,38654,6,4
"[1, 0, 0, 1, 0, 1, 1, 1, 0, 0]",77.99684021704569,55.11803989384541,22.878800323200274,10.06106770315643,2.2584812500075007,8433,5,5
"[1, 0, 0, 1, 0, 1, 1, 1, 0, 1]",58.2511357885881,42.424122695285256,15.827013093302845,10.032819928673412,2.135600002450378,35586,6,4
"[1, 0, 0, 1, 0, 1, 1, 1, 1, 0]",55.70681240373428,41.31900967044504,14.387802733289242,10.04209469545731,2.184518135128091,17996,6,4
"[1, 0, 0, 1, 0, 1, 1, 1, 1, 1]",37.437729365155526,29.530596998193776,7.907132366961751,9.96747872850933,2.1478889324738755,7549,7,3
"[1, 0, 0, 1, 1, 0, 0, 0, 0, 0]",137.26189871557443,92.73699372960795,44.52490498596649,10.030474897047258,2.302962681844653,38654,3,7
"[1, 0, 0, 1, 1, 0, 0, 0, 0, 1]",108.36825103401985,79.90204659964571,28.466204434374134,10.06106770315643,2.2584812500075007,8433,4,6
"[1, 0, 0, 1, 1, 0, 0, 0, 1, 0]",102.02068226256029,69.65259374907349,32.368088513486796,10.032819928673412,2.135600002450378,35586,4,6
"[1, 0, 0, 1, 1, 0, 0, 0, 1, 1]",77.63791045342661,52.64485243637242,24.993058017054196,10.04209469545731,2.184518135128091,17996,5,5
"[1, 0, 0, 1, 1, 0, 0, 1, 0, 0]",108.90522206072636,74.45284150716611,34.452380553560246,9.96747872850933,2.1478889324738755,7549,4,6
"[1, 0, 0, 1, 1, 0, 0, 1, 0, 1]",78.74861769283983,54.329783022578496,24.418834670261333,10.030474897047258,2.302962681844653,38654,5,5
"[1, 0, 0, 1, 1, 0, 0, 1, 1, 0]",77.26913208164365,53.66640587037189,23.602726211271758,10.06106770315643,2.2584812500075007,8433,5,5
"[1, 0, 0, 1, 1, 0, 0, 1, 1, 1]",54.74495263039394,38.44192218335766,16.303030447036278,10.032819928673412,2.135600002450378,35586,6,4
"[1, 0, 0, 1, 1, 0, 1, 0, 0, 0]",101.03285800770121,69.08464617404718,31.948211833654028,10.04209469545731,2.184518135128091,17996,4,6
"[1, 0, 0, 1, 1, 0, 1, 0, 0, 1]",80.57777232598683,54.27093701273861,26.30683531324822,9.96747872850933,2.1478889324738755,7549,5,5
"[1, 0, 0, 1, 1, 0, 1, 0, 1, 0]",77.55166574879395,53.98450773613285,23.567158012661103,10.030474897047258,2.302962681844653,38654,5,5
"[1, 0, 0, 1, 1, 0, 1, 0, 1, 1]",58.4013718721597,43.8457714171947,14.555600454965003,10.06106770315643,2.2584812500075007,8433,6,4
"[1, 0, 0, 1, 1, 0, 1, 1, 0, 0]",79.26738476495731,56.271993700874305,22.99539106408301,10.032819928673412,2.135600002450378,35586,5,5
"[1, 0, 0, 1, 1, 0, 1, 1, 0, 1]",53.562707692236934,39.405005657136584,14.15770203510035,10.04209469545731,2.184518135128091,17996,6,4
"[1, 0, 0, 1, 1, 0, 1, 1, 1, 0]",57.53846909767443,41.33114167640034,16.207327421274087,9.96747872850933,2.1478889324738755,7549,6,4
"[1, 0, 0, 1, 1, 0, 1, 1, 1, 1]",37.862863502542695,29.576434392083403,8.286429110459292,10.030474897047258,2.302962681844653,38654,7,3
"[1, 0, 0, 1, 1, 1, 0, 0, 0, 0]",107.30603470689034,74.93446555459113,32.371569152299216,10.06106770315643,2.2584812500075007,8433,4,6
"[1, 0, 0, 1, 1, 1, 0, 0, 0, 1]",76.38107144387858,52.12463898056612,24.256432463312464,10.032819928673412,2.135600002450378,35586,5,5
"[1, 0, 0, 1, 1, 1, 0, 0, 1, 0]",78.98652374422952,54.66500228587571,24.321521458353807,10.04209469545731,2.184518135128091,17996,5,5
"[1, 0, 0, 1, 1, 1, 0, 0, 1, 1]",58.88145568393235,42.29400857800366,16.58744710592869,9.96747872850933,2.1478889324738755,7549,6,4
"[1, 0, 0, 1, 1, 1, 0, 1, 0, 0]",78.32333093429128,53.47607545422078,24.847255480070494,10.030474897047258,2.302962681844653,38654,5,5
"[1, 0, 0, 1, 1, 1, 0, 1, 0, 1]",58.40498922500517,47.06938159150764,11.335607633497524,10.06106770315643,2.2584812500075007,8433,6,4
"[1, 0, 0, 1, 1, 1, 0, 1, 1, 0]",54.086012579377616,41.294937089950416,12.7910754894272,10.032819928673412,2.135600002450378,35586,6,4
"[1, 0, 0, 1, 1, 1, 0, 1, 1, 1]",38.18016200032687,29.74057273463721,8.439589265689655,10.04209469545731,2.184518135128091,17996,7,3
"[1, 0, 0, 1, 1, 1, 1, 0, 0, 0]",79.42654128750637,57.03043811692849,22.39610317057788,9.96747872850933,2.1478889324738755,7549,5,5
"[1, 0, 0, 1, 1, 1, 1, 0, 0, 1]",58.607554824329746,43.7967100202325,14.810844804097243,10.030474897047258,2.302962681844653,38654,6,4
"[1, 0, 0, 1, 1, 1, 1, 0, 1, 0]",58.467785223094815,43.795916623211134,14.67186859988368,10.06106770315643,2.2584812500075007,8433,6,4
"[1, 0, 0, 1, 1, 1, 1, 0, 1, 1]",34.911531764505845,29.3426596678085,5.568872096697344,10.032819928673412,2.135600002450378,35586,7,3
"[1, 0, 0, 1, 1, 1, 1, 1, 0, 0]",54.53317647688873,42.071692955887606,12.46148352100112,10.04209469545731,2.184518135128091,17996,6,4
"[1, 0, 0, 1, 1, 1, 1, 1, 0, 1]",38.55354420173948,30.598226248365034,7.955317953374443,9.96747872850933,2.1478889324738755,7549,7,3
"[1, 0, 0, 1, 1, 1, 1, 1, 1, 0]",37.56504818558716,29.4580349334448,8.107013252142359,10.030474897047258,2.302962681844653,38654,7,3
"[1, 0, 0, 1, 1, 1, 1, 1, 1, 1]",24.045508268476496,21.23287723659623,2.812631031880265,10.06106770315643,2.2584812500075007,8433,8,2
"[1, 0, 1, 0, 0, 0, 0, 0, 0, 0]",184.4331071360247,113.162887115116,71.27022002090868,10.032819928673412,2.135600002450378,35586,2,8
"[1, 0, 1, 0, 0, 0, 0, 0, 0, 1]",140.60278631189107,89.38625304806557,51.2165332638255,10.04209469545731,2.184518135128091,17996,3,7
"[1, 0, 1, 0, 0, 0, 0, 0, 1, 0]",138.0525265504216,89.94943401037916,48.103092540042425,9.96747872850933,2.1478889324738755,7549,3,7
"[1, 0, 1, 0, 0, 0, 0, 0, 1, 1]",106.05741811858414,70.27613067133692,35.78128744724722,10.030474897047258,2.302962681844653,38654,4,6
"[1, 0, 1, 0, 0, 0, 0, 1, 0, 0]",131.04330736537665,85.94100548846865,45.102301876908,10.06106770315643,2.2584812500075007,8433,3,7
"[1, 0, 1, 0, 0, 0, 0, 1, 0, 1]",113.07241046836697,71.7110726252846,41.36133784308237,10.032819928673412,2.135600002450378,35586,4,6
"[1, 0, 1, 0, 0, 0, 0, 1, 1, 0]",107.80651792197602,71.20879815525068,36.59771976672535,10.04209469545731,2.184518135128091,17996,4,6
"[1, 0, 1, 0, 0, 0, 0, 1, 1, 1]",78.4248740132438,52.852255182294435,25.57261883094936,9.96747872850933,2.1478889324738755,7549,5,5
"[1, 0, 1, 0, 0, 0, 1, 0, 0, 0]",140.62259622281334,97.58399280762254,43.038603415190806,10.030474897047258,2.302962681844653,38654,3,7
"[1, 0, 1, 0, 0, 0, 1, 0, 0, 1]",105.00051286049062,74.71355152045076,30.286961340039852,10.06106770315643,2.2584812500075007,8433,4,6
"[1, 0, 1, 0, 0, 0, 1, 0, 1, 0]",107.16049362909924,67.5176086585253,39.64288497057393,10.032819928673412,2.135600002450378,35586,4,6
"[1, 0, 1, 0, 0, 0, 1, 0, 1, 1]",81.08759358534614,56.92833533729257,24.15925824805357,10.04209469545731,2.184518135128091,17996,5,5
"[1, 0, 1, 0, 0, 0, 1, 1, 0, 0]",102.36362031316197,70.56518091836195,31.798439394800027,9.96747872850933,2.1478889324738755,7549,4,6
"[1, 0, 1, 0, 0, 0, 1, 1, 0, 1]",79.9703504544746,54.66213712085143,25.308213333623165,10.030474897047258,2.302962681844653,38654,5,5
"[1, 0, 1, 0, 0, 0, 1, 1, 1, 0]",75.18911405158948,51.84146685476645,23.347647196823033,10.06106770315643,2.2584812500075007,8433,5,5
"[1, 0, 1, 0, 0, 0, 1, 1, 1, 1]",59.379608059939876,40.444014848984814,18.935593210955062,10.032819928673412,2.135600002450378,35586,6,4
"[1, 0, 1, 0, 0, 1, 0, 0, 0, 0]",142.8482454209824,97.48771838732605,45.36052703365635,10.04209469545731,2.184518135128091,17996,3,7
"[1, 0, 1, 0, 0, 1, 0, 0, 0, 1]",104.32285350618052,70.89410272021553,33.42875078596499,9.96747872850933,2.1478889324738755,7549,4,6
"[1, 0, 1, 0, 0, 1, 0, 0, 1, 0]",106.3525929833582,71.3179727481017,35.03462023525651,10.030474897047258,2.302962681844653,38654,4,6
"[1, 0, 1, 0, 0, 1, 0, 0, 1, 1]",80.65884884343839,56.064338478151676,24.594510365286716,10.06106770315643,2.2584812500075007,8433,5,5
"[1, 0, 1, 0, 0, 1, 0, 1, 0, 0]",112.19449993207644,78.13565433372442,34.05884559835202,10.032819928673412,2.135600002450378,35586,4,6
"[1, 0, 1, 0, 0, 1, 0, 1, 0, 1]",80.97384095174307,52.07611269505367,28.897728256689398,10.04209469545731,2.184518135128091,17996,5,5
"[1, 0, 1, 0, 0, 1, 0, 1, 1, 0]",77.65564841696826,55.76270572381699,21.89294269315127,9.96747872850933,2.1478889324738755,7549,5,5
"[1, 0, 1, 0, 0, 1, 0, 1, 1, 1]",56.979968187700884,38.20233880196968,18.777629385731203,10.030474897047258,2.302962681844653,38654,6,4
"[1, 0, 1, 0, 0, 1, 1, 0, 0, 0]",102.77615245106176,64.83725397683236,37.938898474229404,10.06106770315643,2.2584812500075007,8433,4,6
"[1, 0, 1, 0, 0, 1, 1, 0, 0, 1]",81.37834659935596,54.03610078408533,27.342245815270637,10.032819928673412,2.135600002450378,35586,5,5
"[1, 0, 1, 0, 0, 1, 1, 0, 1, 0]",82.30417331323699,59.93820308897831,22.365970224258675,10.04209469545731,2.184518135128091,17996,5,5
"[1, 0, 1, 0, 0, 1, 1, 0, 1, 1]",55.298538931703604,41.07084189049903,14.227697041204571,9.96747872850933,2.1478889324738755,7549,6,4
"[1, 0, 1, 0, 0, 1, 1, 1, 0, 0]",80.06544045903551,55.81200309757236,24.253437361463156,10.030474897047258,2.302962681844653,38654,5,5
"[1, 0, 1, 0, 0, 1, 1, 1, 0, 1]",55.49854458666391,38.66555851230372,16.832986074360193,10.06106770315643,2.2584812500075007,8433,6,4
"[1, 0, 1, 0, 0, 1, 1, 1, 1, 0]",58.02918404001737,42.184262569152246,15.844921470865124,10.032819928673412,2.135600002450378,35586,6,4
"[1, 0, 1, 0, 0, 1, 1, 1, 1, 1]",39.879585701247244,29.811143611134,10.068442090113244,10.04209469545731,2.184518135128091,17996,7,3
"[1, 0, 1, 0, 1, 0, 0, 0, 0, 0]",139.29937999055423,90.6752432594497,48.62413673110453,9.96747872850933,2.1478889324738755,7549,3,7
"[1, 0, 1, 0, 1, 0, 0, 0, 0, 1]",106.71566642606491,75.91612032415864,30.799546101906273,10.030474897047258,2.302962681844653,38654,4,6
"[1, 0, 1, 0, 1, 0, 0, 0, 1, 0]",104.06568605570999,71.77337557639869,32.2923104793113,10.06106770315643,2.2584812500075007,8433,4,6
"[1, 0, 1, 0, 1, 0, 0, 0, 1, 1]",78.3128690060538,52.731018353787235,25.581850652266567,10.032819928673412,2.135600002450378,35586,5,5
"[1, 0, 1, 0, 1, 0, 0, 1, 0, 0]",106.00429629779605,73.07257095892705,32.931725338869,10.04209469545731,2.184518135128091,17996,4,6
"[1, 0, 1, 0, 1, 0, 0, 1, 0, 1]",79.69008080833812,53.86623318254999,25.823847625788133,9.96747872850933,2.1478889324738755,7549,5,5
"[1, 0, 1, 0, 1, 0, 0, 1, 1, 0]",76.97560344737258,56.1658408474792,20.809762599893375,10.030474897047258,2.302962681844653,38654,5,5
"[1, 0, 1, 0, 1, 0, 0, 1, 1, 1]",55.8761628930523,43.335184124862806,12.540978768189497,10.06106770315643,2.2584812500075007,8433,6,4
"[1, 0, 1, 0, 1, 0, 1, 0, 0, 0]",105.82995079245548,67.01048812942479,38.81946266303069,10.032819928673412,2.135600002450378,35586,4,6
"[1, 0, 1, 0, 1, 0, 1, 0, 0, 1]",79.42793965410407,57.83829439453904,21.589645259565025,10.04209469545731,2.184518135128091,17996,5,5
"[1, 0, 1, 0, 1, 0, 1, 0, 1, 0]",79.75942810805255,58.59811824548631,21.161309862566235,9.96747872850933,2.1478889324738755,7549,5,5
"[1, 0, 1, 0, 1, 0, 1, 0, 1, 1]",56.990622658377056,42.85509752159614,14.135525136780913,10.030474897047258,2.302962681844653,38654,6,4
"[1, 0, 1, 0, 1, 0, 1, 1, 0, 0]",74.44469913057992,54.655631907687194,19.789067222892726,10.06106770315643,2.2584812500075007,8433,5,5
"[1, 0, 1, 0, 1, 0, 1, 1, 0, 1]",58.72102421458163,40.690984997521824,18.03003921705981,10.032819928673412,2.135600002450378,35586,6,4
"[1, 0, 1, 0, 1, 0, 1, 1, 1, 0]",56.52925349587394,42.18811807888393,14.341135416990006,10.04209469545731,2.184518135128091,17996,6,4
"[1, 0, 1, 0, 1, 0, 1, 1, 1, 1]",38.018211634485546,29.26005178100509,8.758159853480457,9.96747872850933,2.1478889324738755,7549,7,3
"[1, 0, 1, 0, 1, 1, 0, 0, 0, 0]",106.37989958010701,74.33625033985281,32.0436492402542,10.030474897047258,2.302962681844653,38654,4,6
"[1, 0, 1, 0, 1, 1, 0, 0, 0, 1]",79.60929990461914,56.10890430759286,23.500395597026277,10.06106770315643,2.2584812500075007,8433,5,5
"[1, 0, 1, 0, 1, 1, 0, 0, 1, 0]",76.7790861137654,54.93712169904493,21.841964414720472,10.032819928673412,2.135600002450378,35586,5,5
"[1, 0, 1, 0, 1, 1, 0, 0, 1, 1]",59.918705520301906,43.41503705822937,16.503668462072532,10.04209469545731,2.184518135128091,17996,6,4
"[1, 0, 1, 0, 1, 1, 0, 1, 0, 0]",78.2590334335433,54.34977855714466,23.909254876398634,9.96747872850933,2.1478889324738755,7549,5,5
"[1, 0, 1, 0, 1, 1, 0, 1, 0, 1]",57.33936199892496,41.604000844360684,15.735361154564274,10.030474897047258,2.302962681844653,38654,6,4
"[1, 0, 1, 0, 1, 1, 0, 1, 1, 0]",55.40249665942766,40.60740071625375,14.795095943173912,10.06106770315643,2.2584812500075007,8433,6,4
"[1, 0, 1, 0, 1, 1, 0, 1, 1, 1]",38.07404273675964,30.165571936966643,7.908470799792994,10.032819928673412,2.135600002450378,35586,7,3
"[1, 0, 1, 0, 1, 1, 1, 0, 0, 0]",80.51708903868193,61.085233009717726,19.431856028964205,10.04209469545731,2.184518135128091,17996,5,5
"[1, 0, 1, 0, 1, 1, 1, 0, 0, 1]",56.23642617108361,42.08404852860178,14.15237764248183,9.96747872850933,2.1478889324738755,7549,6,4
"[1, 0, 1, 0, 1, 1, 1, 0, 1, 0]",56.86179649684246,43.248942332845864,13.612854163996595,10.030474897047258,2.302962681844653,38654,6,4
"[1, 0, 1, 0, 1, 1, 1, 0, 1, 1]",39.72062210509155,31.963350249841973,7.757271855249577,10.06106770315643,2.2584812500075007,8433,7,3
"[1, 0, 1, 0, 1, 1, 1, 1, 0, 0]",57.35550902065812,41.439078921589555,15.916430099068563,10.032819928673412,2.135600002450378,35586,6,4
"[1, 0, 1, 0, 1, 1, 1, 1, 0, 1]",39.05390568103698,32.005680304435955,7.0482253766010245,10.04209469545731,2.184518135128091,17996,7,3
"[1, 0, 1, 0, 1, 1, 1, 1, 1, 0]",37.028394270394884,29.272697319656565,7.755696950738319,9.96747872850933,2.1478889324738755,7549,7,3
"[1, 0, 1, 0, 1, 1, 1, 1, 1, 1]",23.460393628000812,21.48349104943799,1.9769025785628216,10.030474897047258,2.302962681844653,38654,8,2
"[1, 0, 1, 1, 0, 0, 0, 0, 0, 0]",136.14161620092568,94.52518497547516,41.616431225450526,10.06106770315643,2.2584812500075007,8433,3,7
"[1, 0, 1, 1, 0, 0, 0, 0, 0, 1]",110.44571371609398,69.36813179342424,41.07758192266974,10.032819928673412,2.135600002450378,35586,4,6
"[1, 0, 1, 1, 0, 0, 0, 0, 1, 0]",108.28003951493167,75.89164807960267,32.388391435329,10.04209469545731,2.184518135128091,17996,4,6
"[1, 0, 1, 1, 0, 0, 0, 0, 1, 1]",79.05694984804556,54.39576427756408,24.66118557048148,9.96747872850933,2.1478889324738755,7549,5,5
"[1, 0, 1, 1, 0, 0, 0, 1, 0, 0]",104.81079351637533,74.96503896275836,29.84575455361697,10.030474897047258,2.302962681844653,38654,4,6
"[1, 0, 1, 1, 0, 0, 0, 1, 0, 1]",78.5282598648051,60.82963139802939,17.698628466775702,10.06106770315643,2.2584812500075007,8433,5,5
"[1, 0, 1, 1, 0, 0, 0, 1, 1, 0]",83.21776594265013,59.276121441213164,23.94164450143697,10.032819928673412,2.135600002450378,35586,5,5
"[1, 0, 1, 1, 0, 0, 0, 1, 1, 1]",57.41928610660571,40.440041387935864,16.979244718669847,10.04209469545731,2.184518135128091,17996,6,4
"[1, 0, 1, 1, 0, 0, 1, 0, 0, 0]",103.34080817361193,73.07881164872956,30.261996524882377,9.96747872850933,2.1478889324738755,7549,4,6
"[1, 0, 1, 1, 0, 0, 1, 0, 0, 1]",81.35267987953694,61.001977983597044,20.350701895939892,10.030474897047258,2.302962681844653,38654,5,5
"[1, 0, 1, 1, 0, 0, 1, 0, 1, 0]",78.29246832419713,56.87740068253937,21.415067641657764,10.06106770315643,2.2584812500075007,8433,5,5
"[1, 0, 1, 1, 0, 0, 1, 0, 1, 1]",57.970318590795046,40.04387907042166,17.926439520373386,10.032819928673412,2.135600002450378,35586,6,4
"[1, 0, 1, 1, 0, 0, 1, 1, 0, 0]",77.58492752334602,56.24007752248609,21.344850000859935,10.04209469545731,2.184518135128091,17996,5,5
"[1, 0, 1, 1, 0, 0, 1, 1, 0, 1]",55.47705364844768,43.69444004942933,11.782613599018347,9.96747872850933,2.1478889324738755,7549,6,4
"[1, 0, 1, 1, 0, 0, 1, 1, 1, 0]",55.39481586643287,41.41515464364861,13.979661222784259,10.030474897047258,2.302962681844653,38654,6,4
"[1, 0, 1, 1, 0, 0, 1, 1, 1, 1]",37.83075053703342,31.328261777401647,6.50248875963177,10.06106770315643,2.2584812500075007,8433,7,3
"[1, 0, 1, 1, 0, 1, 0, 0, 0, 0]",110.34160976529365,77.13453271888892,33.207077046404734,10.032819928673412,2.135600002450378,35586,4,6
"[1, 0, 1, 1, 0, 1, 0, 0, 0, 1]",81.40524223428196,55.51856842710636,25.886673807175598,10.04209469545731,2.184518135128091,17996,5,5
"[1, 0, 1, 1, 0, 1, 0, 0, 1, 0]",78.25799328092687,56.52054725774587,21.737446023181,9.96747872850933,2.1478889324738755,7549,5,5
"[1, 0, 1, 1, 0, 1, 0, 0, 1, 1]",57.54124730241941,42.63106868758309,14.910178614836319,10.030474897047258,2.302962681844653,38654,6,4
"[1, 0, 1, 1, 0, 1, 0, 1, 0, 0]",76.95111359734754,54.702109272940696,22.249004324406847,10.06106770315643,2.2584812500075007,8433,5,5
"[1, 0, 1, 1, 0, 1, 0, 1, 0, 1]",60.82041861421149,44.09708526989441,16.723333344317084,10.032819928673412,2.135600002450378,35586,6,4
"[1, 0, 1, 1, 0, 1, 0, 1, 1, 0]",58.94024374037457,43.52806776906738,15.412175971307192,10.04209469545731,2.184518135128091,17996,6,4
"[1, 0, 1, 1, 0, 1, 0, 1, 1, 1]",37.53349787464891,30.453355851451835,7.080142023197073,9.96747872850933,2.1478889324738755,7549,7,3
"[1, 0, 1, 1, 0, 1, 1, 0, 0, 0]",81.25092190022524,62.30575698019899,18.945164920026244,10.030474897047258,2.302962681844653,38654,5,5
"[1, 0, 1, 1, 0, 1, 1, 0, 0, 1]",58.057943344490766,43.887333298799184,14.170610045691582,10.06106770315643,2.2584812500075007,8433,6,4
"[1, 0, 1, 1, 0, 1, 1, 0, 1, 0]",57.13048194011339,43.5817828902708,13.54869904984259,10.032819928673412,2.135600002450378,35586,6,4
"[1, 0, 1, 1, 0, 1, 1, 0, 1, 1]",39.994686493116745,32.60395961038778,7.390726882728963,10.04209469545731,2.184518135128091,17996,7,3
"[1, 0, 1, 1, 0, 1, 1, 1, 0, 0]",54.03656813948753,42.95394840702205,11.082619732465481,9.96747872850933,2.1478889324738755,7549,6,4
"[1, 0, 1, 1, 0, 1, 1, 1, 0, 1]",39.44608835830495,31.171475829565125,8.274612528739823,10.030474897047258,2.302962681844653,38654,7,3
"[1, 0, 1, 1, 0, 1, 1, 1, 1, 0]",37.33431701143826,28.719397850240647,8.614919161197612,10.06106770315643,2.2584812500075007,8433,7,3
"[1, 0, 1, 1, 0, 1, 1, 1, 1, 1]",24.132830778819617,22.114547565438112,2.0182832133815047,10.032819928673412,2.135600002450378,35586,8,2
"[1, 0, 1, 1, 1, 0, 0, 0, 0, 0]",105.82897094820312,75.36918498232608,30.459785965877046,10.04209469545731,2.184518135128091,17996,4,6
"[1, 0, 1, 1, 1, 0, 0, 0, 0, 1]",80.2001507143006,54.56467480350629,25.635475910794312,9.96747872850933,2.1478889324738755,7549,5,5
"[1, 0, 1, 1, 1, 0, 0, 0, 1, 0]",77.10739423449527,57.43080060046214,19.676593634033132,10.030474897047258,2.302962681844653,38654,5,5
"[1, 0, 1, 1, 1, 0, 0, 0, 1, 1]",57.80463695381543,44.835114989144515,12.969521964670918,10.06106770315643,2.2584812500075007,8433,6,4
"[1, 0, 1, 1, 1, 0, 0, 1, 0, 0]",81.41490202160026,56.268289553470545,25.14661246812971,10.032819928673412,2.135600002450378,35586,5,5
"[1, 0, 1, 1, 1, 0, 0, 1, 0, 1]",56.08170305944339,40.95479830208779,15.126904757355604,10.04209469545731,2.184518135128091,17996,6,4
"[1, 0, 1, 1, 1, 0, 0, 1, 1, 0]",57.760141966496846,43.142974339006585,14.61716762749026,9.96747872850933,2.1478889324738755,7549,6,4
"[1, 0, 1, 1, 1, 0, 0, 1, 1, 1]",37.115098817918025,30.3023311972927,6.812767620625326,10.030474897047258,2.302962681844653,38654,7,3
"[1, 0, 1, 1, 1, 0, 1, 0, 0, 0]",76.91477733444046,57.71921935920308,19.195557975237378,10.06106770315643,2.2584812500075007,8433,5,5
"[1, 0, 1, 1, 1, 0, 1, 0, 0, 1]",57.11106848666657,40.02019377188913,17.090874714777435,10.032819928673412,2.135600002450378,35586,6,4
"[1, 0, 1, 1, 1, 0, 1, 0, 1, 0]",56.25797418833932,44.51276069145738,11.745213496881938,10.04209469545731,2.184518135128091,17996,6,4
"[1, 0, 1, 1, 1, 0, 1, 0, 1, 1]",38.799576278237815,31.293645041659772,7.505931236578043,9.96747872850933,2.1478889324738755,7549,7,3
"[1, 0, 1, 1, 1, 0, 1, 1, 0, 0]",55.029601939996496,42.27258732006314,12.757014619933358,10.030474897047258,2.302962681844653,38654,6,4
"[1, 0, 1, 1, 1, 0, 1, 1, 0, 1]",37.18120203842418,33.645973610174956,3.5352284282492263,10.06106770315643,2.2584812500075007,8433,7,3
"[1, 0, 1, 1, 1, 0, 1, 1, 1, 0]",38.134119374134215,30.746443015681336,7.387676358452879,10.032819928673412,2.135600002450378,35586,7,3
"[1, 0, 1, 1, 1, 0, 1, 1, 1, 1]",22.29021863571903,20.75936791833633,1.5308507173826982,10.04209469545731,2.184518135128091,17996,8,2
"[1, 0, 1, 1, 1, 1, 0, 0, 0, 0]",78.90499395854441,55.85275100876076,23.052242949783647,9.96747872850933,2.1478889324738755,7549,5,5
"[1, 0, 1, 1, 1, 1, 0, 0, 0, 1]",57.374357757487104,43.3824075492043,13.991950208282802,10.030474897047258,2.302962681844653,38654,6,4
"[1, 0, 1, 1, 1, 1, 0, 0, 1, 0]",57.87391309489759,44.996221023852705,12.877692071044883,10.06106770315643,2.2584812500075007,8433,6,4
"[1, 0, 1, 1, 1, 1, 0, 0, 1, 1]",36.72219660564162,30.59808482178976,6.124111783851859,10.032819928673412,2.135600002450378,35586,7,3
"[1, 0, 1, 1, 1, 1, 0, 1, 0, 0]",57.491831032430746,44.354759599754765,13.137071432675981,10.04209469545731,2.184518135128091,17996,6,4
"[1, 0, 1, 1, 1, 1, 0, 1, 0, 1]",38.308578324741745,30.380639253605576,7.927939071136169,9.96747872850933,2.1478889324738755,7549,7,3
"[1, 0, 1, 1, 1, 1, 0, 1, 1, 0]",36.736245992134805,30.195564470716867,6.5406815214179375,10.030474897047258,2.302962681844653,38654,7,3
"[1, 0, 1, 1, 1, 1, 0, 1, 1, 1]",23.5902823137785,22.40646682858917,1.1838154851893279,10.06106770315643,2.2584812500075007,8433,8,2
"[1, 0, 1, 1, 1, 1, 1, 0, 0, 0]",56.24468715160602,43.18393151375695,13.06075563784907,10.032819928673412,2.135600002450378,35586,6,4
"[1, 0, 1, 1, 1, 1, 1, 0, 0, 1]",38.67275672077358,32.164583979779906,6.508172740993672,10.04209469545731,2.184518135128091,17996,7,3
"[1, 0, 1, 1, 1, 1, 1, 0, 1, 0]",37.850243274257075,31.806167964105615,6.0440753101514595,9.96747872850933,2.1478889324738755,7549,7,3
"[1, 0, 1, 1, 1, 1, 1, 0, 1, 1]",23.374924074864357,22.46342941903379,0.9114946558305661,10.030474897047258,2.302962681844653,38654,8,2
"[1, 0, 1, 1, 1, 1, 1, 1, 0, 0]",36.586668381400365,29.7328045645477,6.853863816852666,10.06106770315643,2.2584812500075007,8433,7,3
"[1, 0, 1, 1, 1, 1, 1, 1, 0, 1]",23.654585615875384,21.703371704814963,1.951213911060421,10.032819928673412,2.135600002450378,35586,8,2
"[1, 0, 1, 1, 1, 1, 1, 1, 1, 0]",23.159071665213876,22.41266142760629,0.7464102376075843,10.04209469545731,2.184518135128091,17996,8,2
"[1, 0, 1, 1, 1, 1, 1, 1, 1, 1]",9.743937476687135,11.896978273080904,-2.1530407963937694,9.96747872850933,2.1478889324738755,7549,9,1
