Genome,Ave_fit,Std_fit,Ave_thr,Std_thr,Seed,Num_Learning,Num_Mating
"[1, 0, 0, 0, 0, 0, 0, 0, 0, 0]",16.25325838805310,4.3156746640971900,10.227771627391100,2.2097514981349400,35414,1,9
"[1, 0, 0, 0, 0, 0, 0, 0, 0, 1]",15.784896898916800,4.198393849561320,10.120341102480800,2.2103943875910200,99796,2,8
"[1, 0, 0, 0, 0, 0, 0, 0, 1, 0]",15.780614702107000,4.307568248221720,10.015323971919700,2.1823665399600600,15562,2,8
"[1, 0, 0, 0, 0, 0, 0, 0, 1, 1]",15.804165579422500,4.512268194936270,10.089569382063100,2.1388746954327400,56031,3,7
"[1, 0, 0, 0, 0, 0, 0, 1, 0, 0]",15.85740499213130,4.5820102651443600,10.130740511515400,2.231919282081070,17371,2,8
"[1, 0, 0, 0, 0, 0, 0, 1, 0, 1]",15.666206544106100,5.061079441040030,10.03968303237810,2.1737806367477400,3899,3,7
"[1, 0, 0, 0, 0, 0, 0, 1, 1, 0]",16.140124892128800,4.949334837314570,10.227771627391100,2.2097514981349400,35414,3,7
"[1, 0, 0, 0, 0, 0, 0, 1, 1, 1]",15.40643469806220,5.039888966778180,10.120341102480800,2.2103943875910200,99796,4,6
"[1, 0, 0, 0, 0, 0, 1, 0, 0, 0]",15.711555863984000,4.191650930823500,10.015323971919700,2.1823665399600600,15562,2,8
"[1, 0, 0, 0, 0, 0, 1, 0, 0, 1]",15.862902815292300,4.4892423115876600,10.089569382063100,2.1388746954327400,56031,3,7
"[1, 0, 0, 0, 0, 0, 1, 0, 1, 0]",15.753391812509200,4.549059280516540,10.130740511515400,2.231919282081070,17371,3,7
"[1, 0, 0, 0, 0, 0, 1, 0, 1, 1]",15.623088948091200,5.184174219037910,10.03968303237810,2.1737806367477400,3899,4,6
"[1, 0, 0, 0, 0, 0, 1, 1, 0, 0]",16.056308531639000,4.929714539144410,10.227771627391100,2.2097514981349400,35414,3,7
"[1, 0, 0, 0, 0, 0, 1, 1, 0, 1]",15.370900069388400,4.935724924163300,10.120341102480800,2.2103943875910200,99796,4,6
"[1, 0, 0, 0, 0, 0, 1, 1, 1, 0]",15.374907557056900,5.03948135156621,10.015323971919700,2.1823665399600600,15562,4,6
"[1, 0, 0, 0, 0, 0, 1, 1, 1, 1]",15.45403875401150,5.420134392889330,10.089569382063100,2.1388746954327400,56031,5,5
"[1, 0, 0, 0, 0, 1, 0, 0, 0, 0]",16.028075333233200,4.304956347681030,10.130740511515400,2.231919282081070,17371,2,8
"[1, 0, 0, 0, 0, 1, 0, 0, 0, 1]",15.569715440953700,4.640340023351400,10.03968303237810,2.1737806367477400,3899,3,7
"[1, 0, 0, 0, 0, 1, 0, 0, 1, 0]",16.12935398877740,4.844588267024090,10.227771627391100,2.2097514981349400,35414,3,7
"[1, 0, 0, 0, 0, 1, 0, 0, 1, 1]",15.528884958406200,5.014541701822840,10.120341102480800,2.2103943875910200,99796,4,6
"[1, 0, 0, 0, 0, 1, 0, 1, 0, 0]",15.692932843998400,4.428964673340450,10.015323971919700,2.1823665399600600,15562,3,7
"[1, 0, 0, 0, 0, 1, 0, 1, 0, 1]",15.651479920837700,4.989463228233840,10.089569382063100,2.1388746954327400,56031,4,6
"[1, 0, 0, 0, 0, 1, 0, 1, 1, 0]",15.609476299298000,5.138644964106240,10.130740511515400,2.231919282081070,17371,4,6
"[1, 0, 0, 0, 0, 1, 0, 1, 1, 1]",14.755692735584600,5.95890917082033,10.03968303237810,2.1737806367477400,3899,5,5
"[1, 0, 0, 0, 0, 1, 1, 0, 0, 0]",16.025500790616300,4.9125152715189100,10.227771627391100,2.2097514981349400,35414,3,7
"[1, 0, 0, 0, 0, 1, 1, 0, 0, 1]",15.448709566934800,5.014260447614310,10.120341102480800,2.2103943875910200,99796,4,6
"[1, 0, 0, 0, 0, 1, 1, 0, 1, 0]",15.331879731187600,5.003145858983490,10.015323971919700,2.1823665399600600,15562,4,6
"[1, 0, 0, 0, 0, 1, 1, 0, 1, 1]",15.468837029015800,5.3707309201082500,10.089569382063100,2.1388746954327400,56031,5,5
"[1, 0, 0, 0, 0, 1, 1, 1, 0, 0]",15.539175143870900,5.296502200180290,10.130740511515400,2.231919282081070,17371,4,6
"[1, 0, 0, 0, 0, 1, 1, 1, 0, 1]",14.749317996621300,6.149979327414560,10.03968303237810,2.1737806367477400,3899,5,5
"[1, 0, 0, 0, 0, 1, 1, 1, 1, 0]",15.55868437131370,5.978350134143510,10.227771627391100,2.2097514981349400,35414,5,5
"[1, 0, 0, 0, 0, 1, 1, 1, 1, 1]",14.304538973151100,6.584016806071490,10.120341102480800,2.2103943875910200,99796,6,4
"[1, 0, 0, 0, 1, 0, 0, 0, 0, 0]",15.727494452447000,4.096929387251220,10.015323971919700,2.1823665399600600,15562,2,8
"[1, 0, 0, 0, 1, 0, 0, 0, 0, 1]",15.79601211578220,4.720408411857840,10.089569382063100,2.1388746954327400,56031,3,7
"[1, 0, 0, 0, 1, 0, 0, 0, 1, 0]",15.84535505813310,4.568977824781290,10.130740511515400,2.231919282081070,17371,3,7
"[1, 0, 0, 0, 1, 0, 0, 0, 1, 1]",15.522684012930900,4.90123409515984,10.03968303237810,2.1737806367477400,3899,4,6
"[1, 0, 0, 0, 1, 0, 0, 1, 0, 0]",15.974728503281000,4.919642930232070,10.227771627391100,2.2097514981349400,35414,3,7
"[1, 0, 0, 0, 1, 0, 0, 1, 0, 1]",15.425120108186200,4.655519270777600,10.120341102480800,2.2103943875910200,99796,4,6
"[1, 0, 0, 0, 1, 0, 0, 1, 1, 0]",15.511118248903700,4.8926701526374900,10.015323971919700,2.1823665399600600,15562,4,6
"[1, 0, 0, 0, 1, 0, 0, 1, 1, 1]",15.220681891870000,5.565735625999080,10.089569382063100,2.1388746954327400,56031,5,5
"[1, 0, 0, 0, 1, 0, 1, 0, 0, 0]",15.891554406181800,4.550503328997550,10.130740511515400,2.231919282081070,17371,3,7
"[1, 0, 0, 0, 1, 0, 1, 0, 0, 1]",15.539760728516500,5.082497192253100,10.03968303237810,2.1737806367477400,3899,4,6
"[1, 0, 0, 0, 1, 0, 1, 0, 1, 0]",15.93575068584580,5.131207750881980,10.227771627391100,2.2097514981349400,35414,4,6
"[1, 0, 0, 0, 1, 0, 1, 0, 1, 1]",15.063113980402300,5.6066630460877500,10.120341102480800,2.2103943875910200,99796,5,5
"[1, 0, 0, 0, 1, 0, 1, 1, 0, 0]",15.393593319943200,4.950791960996880,10.015323971919700,2.1823665399600600,15562,4,6
"[1, 0, 0, 0, 1, 0, 1, 1, 0, 1]",15.29160313281400,5.749276074869610,10.089569382063100,2.1388746954327400,56031,5,5
"[1, 0, 0, 0, 1, 0, 1, 1, 1, 0]",15.040585379726200,5.659910528120330,10.130740511515400,2.231919282081070,17371,5,5
"[1, 0, 0, 0, 1, 0, 1, 1, 1, 1]",14.40615882866540,6.545779815510890,10.03968303237810,2.1737806367477400,3899,6,4
"[1, 0, 0, 0, 1, 1, 0, 0, 0, 0]",16.038278592211200,4.9410546740833900,10.227771627391100,2.2097514981349400,35414,3,7
"[1, 0, 0, 0, 1, 1, 0, 0, 0, 1]",15.402837836168900,4.849252052999010,10.120341102480800,2.2103943875910200,99796,4,6
"[1, 0, 0, 0, 1, 1, 0, 0, 1, 0]",15.372122868603900,4.829440871333300,10.015323971919700,2.1823665399600600,15562,4,6
"[1, 0, 0, 0, 1, 1, 0, 0, 1, 1]",15.265508936638300,5.556004716097150,10.089569382063100,2.1388746954327400,56031,5,5
"[1, 0, 0, 0, 1, 1, 0, 1, 0, 0]",15.642775648230500,5.159285993162630,10.130740511515400,2.231919282081070,17371,4,6
"[1, 0, 0, 0, 1, 1, 0, 1, 0, 1]",14.562352172466000,5.743993978819880,10.03968303237810,2.1737806367477400,3899,5,5
"[1, 0, 0, 0, 1, 1, 0, 1, 1, 0]",15.465415897408400,5.980539173629650,10.227771627391100,2.2097514981349400,35414,5,5
"[1, 0, 0, 0, 1, 1, 0, 1, 1, 1]",14.416861285190100,6.216095246254170,10.120341102480800,2.2103943875910200,99796,6,4
"[1, 0, 0, 0, 1, 1, 1, 0, 0, 0]",15.194840260885000,4.844030820776420,10.015323971919700,2.1823665399600600,15562,4,6
"[1, 0, 0, 0, 1, 1, 1, 0, 0, 1]",15.2537926508811,5.695376243019890,10.089569382063100,2.1388746954327400,56031,5,5
"[1, 0, 0, 0, 1, 1, 1, 0, 1, 0]",15.246876973578400,5.57819112810507,10.130740511515400,2.231919282081070,17371,5,5
"[1, 0, 0, 0, 1, 1, 1, 0, 1, 1]",14.318228257717500,6.321913690233920,10.03968303237810,2.1737806367477400,3899,6,4
"[1, 0, 0, 0, 1, 1, 1, 1, 0, 0]",15.38834900127350,6.0062109601051600,10.227771627391100,2.2097514981349400,35414,5,5
"[1, 0, 0, 0, 1, 1, 1, 1, 0, 1]",14.162359776897400,6.314631330068490,10.120341102480800,2.2103943875910200,99796,6,4
"[1, 0, 0, 0, 1, 1, 1, 1, 1, 0]",14.190809802274100,6.337664468099240,10.015323971919700,2.1823665399600600,15562,6,4
"[1, 0, 0, 0, 1, 1, 1, 1, 1, 1]",13.682796572499900,7.391097791325230,10.089569382063100,2.1388746954327400,56031,7,3
"[1, 0, 0, 1, 0, 0, 0, 0, 0, 0]",15.987986522870500,4.292292257068560,10.130740511515400,2.231919282081070,17371,2,8
"[1, 0, 0, 1, 0, 0, 0, 0, 0, 1]",15.662812792136200,4.9776260693353400,10.03968303237810,2.1737806367477400,3899,3,7
"[1, 0, 0, 1, 0, 0, 0, 0, 1, 0]",16.12949797587820,4.744772600849180,10.227771627391100,2.2097514981349400,35414,3,7
"[1, 0, 0, 1, 0, 0, 0, 0, 1, 1]",15.562977385218800,4.930285460973120,10.120341102480800,2.2103943875910200,99796,4,6
"[1, 0, 0, 1, 0, 0, 0, 1, 0, 0]",15.673748448298200,4.504233034183970,10.015323971919700,2.1823665399600600,15562,3,7
"[1, 0, 0, 1, 0, 0, 0, 1, 0, 1]",15.520623975759800,5.2645074292554300,10.089569382063100,2.1388746954327400,56031,4,6
"[1, 0, 0, 1, 0, 0, 0, 1, 1, 0]",15.37759366067890,5.240084819888350,10.130740511515400,2.231919282081070,17371,4,6
"[1, 0, 0, 1, 0, 0, 0, 1, 1, 1]",15.088319465970000,6.136235112376340,10.03968303237810,2.1737806367477400,3899,5,5
"[1, 0, 0, 1, 0, 0, 1, 0, 0, 0]",15.94041458796100,4.933968626866460,10.227771627391100,2.2097514981349400,35414,3,7
"[1, 0, 0, 1, 0, 0, 1, 0, 0, 1]",15.50730466384310,4.705236345958920,10.120341102480800,2.2103943875910200,99796,4,6
"[1, 0, 0, 1, 0, 0, 1, 0, 1, 0]",15.224265332540700,5.077875045066100,10.015323971919700,2.1823665399600600,15562,4,6
"[1, 0, 0, 1, 0, 0, 1, 0, 1, 1]",15.311859857378900,5.465519319600120,10.089569382063100,2.1388746954327400,56031,5,5
"[1, 0, 0, 1, 0, 0, 1, 1, 0, 0]",15.449696441657500,5.291197795901,10.130740511515400,2.231919282081070,17371,4,6
"[1, 0, 0, 1, 0, 0, 1, 1, 0, 1]",15.039565052081500,6.288403826650960,10.03968303237810,2.1737806367477400,3899,5,5
"[1, 0, 0, 1, 0, 0, 1, 1, 1, 0]",15.520081401648200,6.012144142014810,10.227771627391100,2.2097514981349400,35414,5,5
"[1, 0, 0, 1, 0, 0, 1, 1, 1, 1]",14.350386536633500,6.442190842975390,10.120341102480800,2.2103943875910200,99796,6,4
"[1, 0, 0, 1, 0, 1, 0, 0, 0, 0]",15.55097773733420,4.489099453680320,10.015323971919700,2.1823665399600600,15562,3,7
"[1, 0, 0, 1, 0, 1, 0, 0, 0, 1]",15.537474874639600,5.150896220379650,10.089569382063100,2.1388746954327400,56031,4,6
"[1, 0, 0, 1, 0, 1, 0, 0, 1, 0]",15.70659056893670,4.7728617382246200,10.130740511515400,2.231919282081070,17371,4,6
"[1, 0, 0, 1, 0, 1, 0, 0, 1, 1]",14.79788516255420,5.689106432203570,10.03968303237810,2.1737806367477400,3899,5,5
"[1, 0, 0, 1, 0, 1, 0, 1, 0, 0]",15.640421169556600,5.493996953676010,10.227771627391100,2.2097514981349400,35414,4,6
"[1, 0, 0, 1, 0, 1, 0, 1, 0, 1]",14.948554006711800,5.52048803753583,10.120341102480800,2.2103943875910200,99796,5,5
"[1, 0, 0, 1, 0, 1, 0, 1, 1, 0]",14.905482508727000,5.686939347294020,10.015323971919700,2.1823665399600600,15562,5,5
"[1, 0, 0, 1, 0, 1, 0, 1, 1, 1]",14.481658303194400,6.513824558461730,10.089569382063100,2.1388746954327400,56031,6,4
"[1, 0, 0, 1, 0, 1, 1, 0, 0, 0]",15.690906430032500,4.940294901348050,10.130740511515400,2.231919282081070,17371,4,6
"[1, 0, 0, 1, 0, 1, 1, 0, 0, 1]",14.881718921051900,5.868789050492480,10.03968303237810,2.1737806367477400,3899,5,5
"[1, 0, 0, 1, 0, 1, 1, 0, 1, 0]",15.47353007720180,5.959848888353130,10.227771627391100,2.2097514981349400,35414,5,5
"[1, 0, 0, 1, 0, 1, 1, 0, 1, 1]",14.499355890871000,6.410647602997860,10.120341102480800,2.2103943875910200,99796,6,4
"[1, 0, 0, 1, 0, 1, 1, 1, 0, 0]",14.8549684713003,5.571449291663920,10.015323971919700,2.1823665399600600,15562,5,5
"[1, 0, 0, 1, 0, 1, 1, 1, 0, 1]",14.422186638949400,6.656154714043280,10.089569382063100,2.1388746954327400,56031,6,4
"[1, 0, 0, 1, 0, 1, 1, 1, 1, 0]",14.309512133681000,6.462109058823510,10.130740511515400,2.231919282081070,17371,6,4
"[1, 0, 0, 1, 0, 1, 1, 1, 1, 1]",12.780389389721700,7.72493412748268,10.03968303237810,2.1737806367477400,3899,7,3
"[1, 0, 0, 1, 1, 0, 0, 0, 0, 0]",15.96950608373450,4.906074894963940,10.227771627391100,2.2097514981349400,35414,3,7
"[1, 0, 0, 1, 1, 0, 0, 0, 0, 1]",15.590351696221600,4.588791801415750,10.120341102480800,2.2103943875910200,99796,4,6
"[1, 0, 0, 1, 1, 0, 0, 0, 1, 0]",15.372654365379800,4.9563314342884700,10.015323971919700,2.1823665399600600,15562,4,6
"[1, 0, 0, 1, 1, 0, 0, 0, 1, 1]",15.149665681307600,5.799579668382400,10.089569382063100,2.1388746954327400,56031,5,5
"[1, 0, 0, 1, 1, 0, 0, 1, 0, 0]",15.485678995826000,5.170820759837170,10.130740511515400,2.231919282081070,17371,4,6
"[1, 0, 0, 1, 1, 0, 0, 1, 0, 1]",14.97834807928810,6.003636091792060,10.03968303237810,2.1737806367477400,3899,5,5
"[1, 0, 0, 1, 1, 0, 0, 1, 1, 0]",15.358490105828800,6.0274349140280700,10.227771627391100,2.2097514981349400,35414,5,5
"[1, 0, 0, 1, 1, 0, 0, 1, 1, 1]",14.632004141384200,6.020166689029470,10.120341102480800,2.2103943875910200,99796,6,4
"[1, 0, 0, 1, 1, 0, 1, 0, 0, 0]",15.241908009766400,5.020590386537300,10.015323971919700,2.1823665399600600,15562,4,6
"[1, 0, 0, 1, 1, 0, 1, 0, 0, 1]",15.135082239343300,5.792559478369240,10.089569382063100,2.1388746954327400,56031,5,5
"[1, 0, 0, 1, 1, 0, 1, 0, 1, 0]",15.166183118575300,5.547157631312480,10.130740511515400,2.231919282081070,17371,5,5
"[1, 0, 0, 1, 1, 0, 1, 0, 1, 1]",14.7496855711555,6.43829163383542,10.03968303237810,2.1737806367477400,3899,6,4
"[1, 0, 0, 1, 1, 0, 1, 1, 0, 0]",15.279060438701900,6.149275482086790,10.227771627391100,2.2097514981349400,35414,5,5
"[1, 0, 0, 1, 1, 0, 1, 1, 0, 1]",14.554592985672600,5.868384061672560,10.120341102480800,2.2103943875910200,99796,6,4
"[1, 0, 0, 1, 1, 0, 1, 1, 1, 0]",14.319061898924200,6.362892729491240,10.015323971919700,2.1823665399600600,15562,6,4
"[1, 0, 0, 1, 1, 0, 1, 1, 1, 1]",13.412337370759000,7.3662186585659200,10.089569382063100,2.1388746954327400,56031,7,3
"[1, 0, 0, 1, 1, 1, 0, 0, 0, 0]",15.894090725004800,4.788509726538630,10.130740511515400,2.231919282081070,17371,4,6
"[1, 0, 0, 1, 1, 1, 0, 0, 0, 1]",14.751426692779100,5.625417080246380,10.03968303237810,2.1737806367477400,3899,5,5
"[1, 0, 0, 1, 1, 1, 0, 0, 1, 0]",15.560718287198900,5.960270359942610,10.227771627391100,2.2097514981349400,35414,5,5
"[1, 0, 0, 1, 1, 1, 0, 0, 1, 1]",14.747283757415600,6.18845829986446,10.120341102480800,2.2103943875910200,99796,6,4
"[1, 0, 0, 1, 1, 1, 0, 1, 0, 0]",14.853542760420800,5.683573170450260,10.015323971919700,2.1823665399600600,15562,5,5
"[1, 0, 0, 1, 1, 1, 0, 1, 0, 1]",14.22149010685820,6.547083703369940,10.089569382063100,2.1388746954327400,56031,6,4
"[1, 0, 0, 1, 1, 1, 0, 1, 1, 0]",14.605674049552900,6.281455819414980,10.130740511515400,2.231919282081070,17371,6,4
"[1, 0, 0, 1, 1, 1, 0, 1, 1, 1]",12.558285931281700,7.431798905913920,10.03968303237810,2.1737806367477400,3899,7,3
"[1, 0, 0, 1, 1, 1, 1, 0, 0, 0]",15.31465526143320,6.330390131251760,10.227771627391100,2.2097514981349400,35414,5,5
"[1, 0, 0, 1, 1, 1, 1, 0, 0, 1]",14.722658565564300,6.0547874729662900,10.120341102480800,2.2103943875910200,99796,6,4
"[1, 0, 0, 1, 1, 1, 1, 0, 1, 0]",13.700853383079000,6.357099884229050,10.015323971919700,2.1823665399600600,15562,6,4
"[1, 0, 0, 1, 1, 1, 1, 0, 1, 1]",13.449562516872400,7.412263911609050,10.089569382063100,2.1388746954327400,56031,7,3
"[1, 0, 0, 1, 1, 1, 1, 1, 0, 0]",14.4381466107622,6.639205622255860,10.130740511515400,2.231919282081070,17371,6,4
"[1, 0, 0, 1, 1, 1, 1, 1, 0, 1]",12.637830768930900,7.60008901920757,10.03968303237810,2.1737806367477400,3899,7,3
"[1, 0, 0, 1, 1, 1, 1, 1, 1, 0]",13.462279336276900,8.058141118286140,10.227771627391100,2.2097514981349400,35414,7,3
"[1, 0, 0, 1, 1, 1, 1, 1, 1, 1]",11.050699906837000,8.277439522136550,10.120341102480800,2.2103943875910200,99796,8,2
"[1, 0, 1, 0, 0, 0, 0, 0, 0, 0]",15.764301608859500,4.280211566155370,10.015323971919700,2.1823665399600600,15562,2,8
"[1, 0, 1, 0, 0, 0, 0, 0, 0, 1]",15.795853251482200,4.535563243580420,10.089569382063100,2.1388746954327400,56031,3,7
"[1, 0, 1, 0, 0, 0, 0, 0, 1, 0]",15.873469199891800,4.46711074038112,10.130740511515400,2.231919282081070,17371,3,7
"[1, 0, 1, 0, 0, 0, 0, 0, 1, 1]",15.638571846767500,5.025158463468640,10.03968303237810,2.1737806367477400,3899,4,6
"[1, 0, 1, 0, 0, 0, 0, 1, 0, 0]",16.046184202096800,4.75624535241486,10.227771627391100,2.2097514981349400,35414,3,7
"[1, 0, 1, 0, 0, 0, 0, 1, 0, 1]",15.55713961933670,4.697856705523060,10.120341102480800,2.2103943875910200,99796,4,6
"[1, 0, 1, 0, 0, 0, 0, 1, 1, 0]",15.376969825392400,5.19077977478757,10.015323971919700,2.1823665399600600,15562,4,6
"[1, 0, 1, 0, 0, 0, 0, 1, 1, 1]",15.442939112344100,5.326247711805120,10.089569382063100,2.1388746954327400,56031,5,5
"[1, 0, 1, 0, 0, 0, 1, 0, 0, 0]",15.843385369308500,4.467090765952730,10.130740511515400,2.231919282081070,17371,3,7
"[1, 0, 1, 0, 0, 0, 1, 0, 0, 1]",15.569509887862600,5.266903457377550,10.03968303237810,2.1737806367477400,3899,4,6
"[1, 0, 1, 0, 0, 0, 1, 0, 1, 0]",15.861568296796400,5.064684743143550,10.227771627391100,2.2097514981349400,35414,4,6
"[1, 0, 1, 0, 0, 0, 1, 0, 1, 1]",15.250974955287800,5.746321902008010,10.120341102480800,2.2103943875910200,99796,5,5
"[1, 0, 1, 0, 0, 0, 1, 1, 0, 0]",15.402074450462900,5.008581135743910,10.015323971919700,2.1823665399600600,15562,4,6
"[1, 0, 1, 0, 0, 0, 1, 1, 0, 1]",15.349622673339700,5.651967315322140,10.089569382063100,2.1388746954327400,56031,5,5
"[1, 0, 1, 0, 0, 0, 1, 1, 1, 0]",14.932742299596700,5.749628443531220,10.130740511515400,2.231919282081070,17371,5,5
"[1, 0, 1, 0, 0, 0, 1, 1, 1, 1]",14.598249630187700,6.670610086108100,10.03968303237810,2.1737806367477400,3899,6,4
"[1, 0, 1, 0, 0, 1, 0, 0, 0, 0]",16.06283093072360,4.7168749213127000,10.227771627391100,2.2097514981349400,35414,3,7
"[1, 0, 1, 0, 0, 1, 0, 0, 0, 1]",15.549191775531700,4.914381527721840,10.120341102480800,2.2103943875910200,99796,4,6
"[1, 0, 1, 0, 0, 1, 0, 0, 1, 0]",15.501269406680600,5.020734870369030,10.015323971919700,2.1823665399600600,15562,4,6
"[1, 0, 1, 0, 0, 1, 0, 0, 1, 1]",15.394921035473000,5.23703745618398,10.089569382063100,2.1388746954327400,56031,5,5
"[1, 0, 1, 0, 0, 1, 0, 1, 0, 0]",15.637724049930600,5.130412387220140,10.130740511515400,2.231919282081070,17371,4,6
"[1, 0, 1, 0, 0, 1, 0, 1, 0, 1]",14.96513941389570,5.833519064836470,10.03968303237810,2.1737806367477400,3899,5,5
"[1, 0, 1, 0, 0, 1, 0, 1, 1, 0]",15.475828499875900,5.858270140592100,10.227771627391100,2.2097514981349400,35414,5,5
"[1, 0, 1, 0, 0, 1, 0, 1, 1, 1]",14.536224192862100,6.3513141264853700,10.120341102480800,2.2103943875910200,99796,6,4
"[1, 0, 1, 0, 0, 1, 1, 0, 0, 0]",15.453037977108100,4.873642834139120,10.015323971919700,2.1823665399600600,15562,4,6
"[1, 0, 1, 0, 0, 1, 1, 0, 0, 1]",15.360188994435000,5.447120889053950,10.089569382063100,2.1388746954327400,56031,5,5
"[1, 0, 1, 0, 0, 1, 1, 0, 1, 0]",15.18200314968190,5.472254562328220,10.130740511515400,2.231919282081070,17371,5,5
"[1, 0, 1, 0, 0, 1, 1, 0, 1, 1]",14.213703694377900,6.51315639840971,10.03968303237810,2.1737806367477400,3899,6,4
"[1, 0, 1, 0, 0, 1, 1, 1, 0, 0]",15.398523692996100,5.781614108259900,10.227771627391100,2.2097514981349400,35414,5,5
"[1, 0, 1, 0, 0, 1, 1, 1, 0, 1]",14.34756113084100,6.372307503722600,10.120341102480800,2.2103943875910200,99796,6,4
"[1, 0, 1, 0, 0, 1, 1, 1, 1, 0]",14.263400069923500,6.501953318667860,10.015323971919700,2.1823665399600600,15562,6,4
"[1, 0, 1, 0, 0, 1, 1, 1, 1, 1]",13.92425881198010,7.223197702803720,10.089569382063100,2.1388746954327400,56031,7,3
"[1, 0, 1, 0, 1, 0, 0, 0, 0, 0]",15.82562369341490,4.632529411787700,10.130740511515400,2.231919282081070,17371,3,7
"[1, 0, 1, 0, 1, 0, 0, 0, 0, 1]",15.53535270466880,4.990042233666130,10.03968303237810,2.1737806367477400,3899,4,6
"[1, 0, 1, 0, 1, 0, 0, 0, 1, 0]",15.788132127147100,5.123324093787520,10.227771627391100,2.2097514981349400,35414,4,6
"[1, 0, 1, 0, 1, 0, 0, 0, 1, 1]",15.27137792936190,5.620016482316210,10.120341102480800,2.2103943875910200,99796,5,5
"[1, 0, 1, 0, 1, 0, 0, 1, 0, 0]",15.340719762250300,4.999438833621120,10.015323971919700,2.1823665399600600,15562,4,6
"[1, 0, 1, 0, 1, 0, 0, 1, 0, 1]",14.970199036940800,5.790616153678650,10.089569382063100,2.1388746954327400,56031,5,5
"[1, 0, 1, 0, 1, 0, 0, 1, 1, 0]",15.048116446265600,5.691718125764410,10.130740511515400,2.231919282081070,17371,5,5
"[1, 0, 1, 0, 1, 0, 0, 1, 1, 1]",14.439997933426700,6.309371602808030,10.03968303237810,2.1737806367477400,3899,6,4
"[1, 0, 1, 0, 1, 0, 1, 0, 0, 0]",15.668988878679300,5.201699688715550,10.227771627391100,2.2097514981349400,35414,4,6
"[1, 0, 1, 0, 1, 0, 1, 0, 0, 1]",15.314910533799400,5.198578640167060,10.120341102480800,2.2103943875910200,99796,5,5
"[1, 0, 1, 0, 1, 0, 1, 0, 1, 0]",14.944476059884800,5.472035504428960,10.015323971919700,2.1823665399600600,15562,5,5
"[1, 0, 1, 0, 1, 0, 1, 0, 1, 1]",14.373246465121500,6.4544119648723500,10.089569382063100,2.1388746954327400,56031,6,4
"[1, 0, 1, 0, 1, 0, 1, 1, 0, 0]",15.016153274881900,5.720939068226620,10.130740511515400,2.231919282081070,17371,5,5
"[1, 0, 1, 0, 1, 0, 1, 1, 0, 1]",14.443547349438400,6.503887226783730,10.03968303237810,2.1737806367477400,3899,6,4
"[1, 0, 1, 0, 1, 0, 1, 1, 1, 0]",14.691837198484600,6.546426993370870,10.227771627391100,2.2097514981349400,35414,6,4
"[1, 0, 1, 0, 1, 0, 1, 1, 1, 1]",12.893278359465500,7.368885439577540,10.120341102480800,2.2103943875910200,99796,7,3
"[1, 0, 1, 0, 1, 1, 0, 0, 0, 0]",15.34919314688830,4.682819714328520,10.015323971919700,2.1823665399600600,15562,4,6
"[1, 0, 1, 0, 1, 1, 0, 0, 0, 1]",14.850003422920200,5.7257378822905700,10.089569382063100,2.1388746954327400,56031,5,5
"[1, 0, 1, 0, 1, 1, 0, 0, 1, 0]",15.561218760887000,5.415990755362500,10.130740511515400,2.231919282081070,17371,5,5
"[1, 0, 1, 0, 1, 1, 0, 0, 1, 1]",14.170764043999800,6.270959303104030,10.03968303237810,2.1737806367477400,3899,6,4
"[1, 0, 1, 0, 1, 1, 0, 1, 0, 0]",15.19467038566540,5.8857140105389700,10.227771627391100,2.2097514981349400,35414,5,5
"[1, 0, 1, 0, 1, 1, 0, 1, 0, 1]",14.358614531914900,6.198014160339340,10.120341102480800,2.2103943875910200,99796,6,4
"[1, 0, 1, 0, 1, 1, 0, 1, 1, 0]",14.214529896520300,6.363509913486500,10.015323971919700,2.1823665399600600,15562,6,4
"[1, 0, 1, 0, 1, 1, 0, 1, 1, 1]",13.249607166787200,7.255152843892300,10.089569382063100,2.1388746954327400,56031,7,3
"[1, 0, 1, 0, 1, 1, 1, 0, 0, 0]",15.414388588876700,5.637459503227950,10.130740511515400,2.231919282081070,17371,5,5
"[1, 0, 1, 0, 1, 1, 1, 0, 0, 1]",14.32064169136530,6.334626942958750,10.03968303237810,2.1737806367477400,3899,6,4
"[1, 0, 1, 0, 1, 1, 1, 0, 1, 0]",14.695641314465300,6.483911887692810,10.227771627391100,2.2097514981349400,35414,6,4
"[1, 0, 1, 0, 1, 1, 1, 0, 1, 1]",13.180814166002500,7.6051092061636400,10.120341102480800,2.2103943875910200,99796,7,3
"[1, 0, 1, 0, 1, 1, 1, 1, 0, 0]",14.124460956483100,6.342988063488850,10.015323971919700,2.1823665399600600,15562,6,4
"[1, 0, 1, 0, 1, 1, 1, 1, 0, 1]",13.061357524490400,7.59800142539962,10.089569382063100,2.1388746954327400,56031,7,3
"[1, 0, 1, 0, 1, 1, 1, 1, 1, 0]",13.114247643175700,7.599291828780690,10.130740511515400,2.231919282081070,17371,7,3
"[1, 0, 1, 0, 1, 1, 1, 1, 1, 1]",10.61755954365020,8.291765478791740,10.03968303237810,2.1737806367477400,3899,8,2
"[1, 0, 1, 1, 0, 0, 0, 0, 0, 0]",15.943809935703600,4.7079993570743200,10.227771627391100,2.2097514981349400,35414,3,7
"[1, 0, 1, 1, 0, 0, 0, 0, 0, 1]",15.659963886472900,4.608074915718530,10.120341102480800,2.2103943875910200,99796,4,6
"[1, 0, 1, 1, 0, 0, 0, 0, 1, 0]",15.467035040158100,5.030970155304060,10.015323971919700,2.1823665399600600,15562,4,6
"[1, 0, 1, 1, 0, 0, 0, 0, 1, 1]",15.292077421636100,5.553975418171270,10.089569382063100,2.1388746954327400,56031,5,5
"[1, 0, 1, 1, 0, 0, 0, 1, 0, 0]",15.48675139776500,5.078718068590860,10.130740511515400,2.231919282081070,17371,4,6
"[1, 0, 1, 1, 0, 0, 0, 1, 0, 1]",14.993409601052800,6.113464475681810,10.03968303237810,2.1737806367477400,3899,5,5
"[1, 0, 1, 1, 0, 0, 0, 1, 1, 0]",15.442248713237600,5.887927616791250,10.227771627391100,2.2097514981349400,35414,5,5
"[1, 0, 1, 1, 0, 0, 0, 1, 1, 1]",14.598728375553800,6.1374120019815800,10.120341102480800,2.2103943875910200,99796,6,4
"[1, 0, 1, 1, 0, 0, 1, 0, 0, 0]",15.43718765036240,4.973681289850010,10.015323971919700,2.1823665399600600,15562,4,6
"[1, 0, 1, 1, 0, 0, 1, 0, 0, 1]",15.133848945867000,5.702543827175970,10.089569382063100,2.1388746954327400,56031,5,5
"[1, 0, 1, 1, 0, 0, 1, 0, 1, 0]",15.067287157525000,5.609032055706870,10.130740511515400,2.231919282081070,17371,5,5
"[1, 0, 1, 1, 0, 0, 1, 0, 1, 1]",14.614453182547200,6.326406446986610,10.03968303237810,2.1737806367477400,3899,6,4
"[1, 0, 1, 1, 0, 0, 1, 1, 0, 0]",15.327181380021600,5.723686607689000,10.227771627391100,2.2097514981349400,35414,5,5
"[1, 0, 1, 1, 0, 0, 1, 1, 0, 1]",14.44769178431050,5.922079135399700,10.120341102480800,2.2103943875910200,99796,6,4
"[1, 0, 1, 1, 0, 0, 1, 1, 1, 0]",14.250011593766700,6.522002175824420,10.015323971919700,2.1823665399600600,15562,6,4
"[1, 0, 1, 1, 0, 0, 1, 1, 1, 1]",13.406510459252100,7.366887890022800,10.089569382063100,2.1388746954327400,56031,7,3
"[1, 0, 1, 1, 0, 1, 0, 0, 0, 0]",15.83245739385320,4.689860947310200,10.130740511515400,2.231919282081070,17371,4,6
"[1, 0, 1, 1, 0, 1, 0, 0, 0, 1]",14.870898946894300,5.634127679338950,10.03968303237810,2.1737806367477400,3899,5,5
"[1, 0, 1, 1, 0, 1, 0, 0, 1, 0]",15.37911306031480,5.847829391013500,10.227771627391100,2.2097514981349400,35414,5,5
"[1, 0, 1, 1, 0, 1, 0, 0, 1, 1]",14.622738410273800,6.2434790210869400,10.120341102480800,2.2103943875910200,99796,6,4
"[1, 0, 1, 1, 0, 1, 0, 1, 0, 0]",14.959014083048300,5.783364619871200,10.015323971919700,2.1823665399600600,15562,5,5
"[1, 0, 1, 1, 0, 1, 0, 1, 0, 1]",14.405357655833600,6.575959646896580,10.089569382063100,2.1388746954327400,56031,6,4
"[1, 0, 1, 1, 0, 1, 0, 1, 1, 0]",14.651144301475300,6.273007104408340,10.130740511515400,2.231919282081070,17371,6,4
"[1, 0, 1, 1, 0, 1, 0, 1, 1, 1]",12.599689676869800,7.371300703846740,10.03968303237810,2.1737806367477400,3899,7,3
"[1, 0, 1, 1, 0, 1, 1, 0, 0, 0]",15.124650183467100,5.867027673860200,10.227771627391100,2.2097514981349400,35414,5,5
"[1, 0, 1, 1, 0, 1, 1, 0, 0, 1]",14.847916826861400,5.987611965895540,10.120341102480800,2.2103943875910200,99796,6,4
"[1, 0, 1, 1, 0, 1, 1, 0, 1, 0]",14.1279465336585,6.348610282447130,10.015323971919700,2.1823665399600600,15562,6,4
"[1, 0, 1, 1, 0, 1, 1, 0, 1, 1]",13.552729130908400,7.266691375966060,10.089569382063100,2.1388746954327400,56031,7,3
"[1, 0, 1, 1, 0, 1, 1, 1, 0, 0]",14.395391339791100,6.57895393061916,10.130740511515400,2.231919282081070,17371,6,4
"[1, 0, 1, 1, 0, 1, 1, 1, 0, 1]",12.971537509931400,7.52838337092264,10.03968303237810,2.1737806367477400,3899,7,3
"[1, 0, 1, 1, 0, 1, 1, 1, 1, 0]",13.42665795104100,7.695550401578130,10.227771627391100,2.2097514981349400,35414,7,3
"[1, 0, 1, 1, 0, 1, 1, 1, 1, 1]",10.953104762996300,8.301822921644150,10.120341102480800,2.2103943875910200,99796,8,2
"[1, 0, 1, 1, 1, 0, 0, 0, 0, 0]",15.401346044694800,4.894186624523260,10.015323971919700,2.1823665399600600,15562,4,6
"[1, 0, 1, 1, 1, 0, 0, 0, 0, 1]",14.888055161899200,5.874403033735040,10.089569382063100,2.1388746954327400,56031,5,5
"[1, 0, 1, 1, 1, 0, 0, 0, 1, 0]",15.239631802711000,5.503407027942070,10.130740511515400,2.231919282081070,17371,5,5
"[1, 0, 1, 1, 1, 0, 0, 0, 1, 1]",14.64761795203450,6.336209819874660,10.03968303237810,2.1737806367477400,3899,6,4
"[1, 0, 1, 1, 1, 0, 0, 1, 0, 0]",15.166680263855800,5.867686591711610,10.227771627391100,2.2097514981349400,35414,5,5
"[1, 0, 1, 1, 1, 0, 0, 1, 0, 1]",14.280046441093700,6.110858287610150,10.120341102480800,2.2103943875910200,99796,6,4
"[1, 0, 1, 1, 1, 0, 0, 1, 1, 0]",14.365622148450700,6.416878712609280,10.015323971919700,2.1823665399600600,15562,6,4
"[1, 0, 1, 1, 1, 0, 0, 1, 1, 1]",13.209118582488100,7.3319535743371400,10.089569382063100,2.1388746954327400,56031,7,3
"[1, 0, 1, 1, 1, 0, 1, 0, 0, 0]",15.260849768667800,5.689564667440370,10.130740511515400,2.231919282081070,17371,5,5
"[1, 0, 1, 1, 1, 0, 1, 0, 0, 1]",14.472968573617700,6.558079645728580,10.03968303237810,2.1737806367477400,3899,6,4
"[1, 0, 1, 1, 1, 0, 1, 0, 1, 0]",14.550706547939100,6.7665752695417500,10.227771627391100,2.2097514981349400,35414,6,4
"[1, 0, 1, 1, 1, 0, 1, 0, 1, 1]",13.25184653096010,7.329814120843210,10.120341102480800,2.2103943875910200,99796,7,3
"[1, 0, 1, 1, 1, 0, 1, 1, 0, 0]",14.389224865957700,6.492980543359340,10.015323971919700,2.1823665399600600,15562,6,4
"[1, 0, 1, 1, 1, 0, 1, 1, 0, 1]",12.941196370435800,7.566930268561830,10.089569382063100,2.1388746954327400,56031,7,3
"[1, 0, 1, 1, 1, 0, 1, 1, 1, 0]",12.695855355066900,7.642497894616390,10.130740511515400,2.231919282081070,17371,7,3
"[1, 0, 1, 1, 1, 0, 1, 1, 1, 1]",11.02408475294530,8.47748382683374,10.03968303237810,2.1737806367477400,3899,8,2
"[1, 0, 1, 1, 1, 1, 0, 0, 0, 0]",15.19867674706940,5.969966646874170,10.227771627391100,2.2097514981349400,35414,5,5
"[1, 0, 1, 1, 1, 1, 0, 0, 0, 1]",14.79404350785410,6.087724825176300,10.120341102480800,2.2103943875910200,99796,6,4
"[1, 0, 1, 1, 1, 1, 0, 0, 1, 0]",14.150301728485200,6.1396269146438900,10.015323971919700,2.1823665399600600,15562,6,4
"[1, 0, 1, 1, 1, 1, 0, 0, 1, 1]",13.044051471888300,7.419712174741210,10.089569382063100,2.1388746954327400,56031,7,3
"[1, 0, 1, 1, 1, 1, 0, 1, 0, 0]",14.631153511751800,6.384670461538010,10.130740511515400,2.231919282081070,17371,6,4
"[1, 0, 1, 1, 1, 1, 0, 1, 0, 1]",12.505235389426300,7.619696563969830,10.03968303237810,2.1737806367477400,3899,7,3
"[1, 0, 1, 1, 1, 1, 0, 1, 1, 0]",13.26919147545710,7.741226979054880,10.227771627391100,2.2097514981349400,35414,7,3
"[1, 0, 1, 1, 1, 1, 0, 1, 1, 1]",11.131964070923900,8.238284695868950,10.120341102480800,2.2103943875910200,99796,8,2
"[1, 0, 1, 1, 1, 1, 1, 0, 0, 0]",14.021488484855300,6.255356759925930,10.015323971919700,2.1823665399600600,15562,6,4
"[1, 0, 1, 1, 1, 1, 1, 0, 0, 1]",13.018329219714900,7.453618891244220,10.089569382063100,2.1388746954327400,56031,7,3
"[1, 0, 1, 1, 1, 1, 1, 0, 1, 0]",13.447964350480400,7.435335348095170,10.130740511515400,2.231919282081070,17371,7,3
"[1, 0, 1, 1, 1, 1, 1, 0, 1, 1]",10.842906103082100,8.119021461918500,10.03968303237810,2.1737806367477400,3899,8,2
"[1, 0, 1, 1, 1, 1, 1, 1, 0, 0]",13.208098087120800,7.686023086380640,10.227771627391100,2.2097514981349400,35414,7,3
"[1, 0, 1, 1, 1, 1, 1, 1, 0, 1]",10.882872500798200,8.255325680828950,10.120341102480800,2.2103943875910200,99796,8,2
"[1, 0, 1, 1, 1, 1, 1, 1, 1, 0]",10.601871516660700,8.159707115328480,10.015323971919700,2.1823665399600600,15562,8,2
"[1, 0, 1, 1, 1, 1, 1, 1, 1, 1]",7.005808978897310,8.481966083094510,10.089569382063100,2.1388746954327400,56031,9,1
"[1, 1, 0, 0, 0, 0, 0, 0, 0, 0]",16.023732324411500,4.362628258609850,9.965670952389680,2.2088437811063600,36920,2,8
"[1, 1, 0, 0, 0, 0, 0, 0, 0, 1]",16.159463594314700,4.522228868373750,10.12203504721860,2.168544930106450,74887,3,7
"[1, 1, 0, 0, 0, 0, 0, 0, 1, 0]",16.20661805378580,4.4848802828942200,10.19154285340710,2.156319433737970,37561,3,7
"[1, 1, 0, 0, 0, 0, 0, 0, 1, 1]",15.184085323232400,4.835405037894890,10.010898313173300,2.155338928855940,90603,4,6
"[1, 1, 0, 0, 0, 0, 0, 1, 0, 0]",16.132015046992000,4.783650853854350,10.392407735788100,2.1906300783435600,21768,3,7
"[1, 1, 0, 0, 0, 0, 0, 1, 0, 1]",15.49907707682510,5.062691961825620,10.099112747226100,2.120020929193030,38038,4,6
"[1, 1, 0, 0, 0, 0, 0, 1, 1, 0]",15.760585567697000,5.067144619536200,9.988328207718660,2.1782579770667100,46359,4,6
"[1, 1, 0, 0, 0, 0, 0, 1, 1, 1]",15.669626326755500,5.792505132189180,10.041658456154100,2.258546425313950,46084,5,5
"[1, 1, 0, 0, 0, 0, 1, 0, 0, 0]",15.84938451113140,4.403163094980440,10.076546104380700,2.204980848787590,52954,3,7
"[1, 1, 0, 0, 0, 0, 1, 0, 0, 1]",15.795842515363600,5.18282046839981,10.160299219054000,2.209553338318160,67549,4,6
"[1, 1, 0, 0, 0, 0, 1, 0, 1, 0]",15.837286682888000,5.28125777321546,10.124312603531900,2.2241781245408400,68950,4,6
"[1, 1, 0, 0, 0, 0, 1, 0, 1, 1]",15.152971100595500,5.8462610032352000,9.979466512093550,2.2604610465201300,25820,5,5
"[1, 1, 0, 0, 0, 0, 1, 1, 0, 0]",15.88177316513880,5.166077768930290,10.110210822321800,2.2222645598143500,32756,4,6
"[1, 1, 0, 0, 0, 0, 1, 1, 0, 1]",15.104278687606700,5.7487574378436800,10.063246693031800,2.2517269784455700,40353,5,5
"[1, 1, 0, 0, 0, 0, 1, 1, 1, 0]",15.344106203906100,5.370253327614060,10.119663727240600,2.24138124379688,83298,5,5
"[1, 1, 0, 0, 0, 0, 1, 1, 1, 1]",14.244122510087300,6.204243889924600,9.97853532652112,2.2230939863841200,19347,6,4
"[1, 1, 0, 0, 0, 1, 0, 0, 0, 0]",15.8280699682935,4.712180145744020,10.022030457976500,2.2607132615248800,82328,3,7
"[1, 1, 0, 0, 0, 1, 0, 0, 0, 1]",15.559602006315400,4.759524356814170,10.201227602716400,2.1579619576436800,44239,4,6
"[1, 1, 0, 0, 0, 1, 0, 0, 1, 0]",15.802057573311000,4.783729179903510,10.078290188114600,2.257526038765530,58145,4,6
"[1, 1, 0, 0, 0, 1, 0, 0, 1, 1]",15.249018117720200,5.596583449555120,10.015021539335600,2.162919667141920,95831,5,5
"[1, 1, 0, 0, 0, 1, 0, 1, 0, 0]",15.88348464340810,5.444630930650780,10.163507052701300,2.2255252989545900,34585,4,6
"[1, 1, 0, 0, 0, 1, 0, 1, 0, 1]",14.865483638088300,5.495686256511830,9.867751525356130,2.249967091767130,64091,5,5
"[1, 1, 0, 0, 0, 1, 0, 1, 1, 0]",15.151405682049300,5.566141280983290,10.129028704331600,2.0938893791722800,61456,5,5
"[1, 1, 0, 0, 0, 1, 0, 1, 1, 1]",14.451119612165900,6.136758546464490,9.802882200700380,2.2138886625622200,67058,6,4
"[1, 1, 0, 0, 0, 1, 1, 0, 0, 0]",15.660375287054900,4.681367483172500,9.930343663855770,2.1654501195256200,14649,4,6
"[1, 1, 0, 0, 0, 1, 1, 0, 0, 1]",15.245661836740200,5.624743799347310,9.934849115258180,2.1611045984563200,96418,5,5
"[1, 1, 0, 0, 0, 1, 1, 0, 1, 0]",15.55410333759820,5.332349770264390,10.107731453870400,2.2900563916234100,35709,5,5
"[1, 1, 0, 0, 0, 1, 1, 0, 1, 1]",14.635496133603800,6.526095450158210,10.02468970407180,2.158302325287550,76594,6,4
"[1, 1, 0, 0, 0, 1, 1, 1, 0, 0]",15.290569237784500,5.698168770028500,10.15615027900290,2.246920688527700,65446,5,5
"[1, 1, 0, 0, 0, 1, 1, 1, 0, 1]",14.528485129097600,6.606458166413020,10.14479847616600,2.2515742867601200,65494,6,4
"[1, 1, 0, 0, 0, 1, 1, 1, 1, 0]",14.43985685049010,6.444209286336970,9.984131438108500,2.1176380780234400,47030,6,4
"[1, 1, 0, 0, 0, 1, 1, 1, 1, 1]",12.785995170821000,7.485581755768580,9.888482998939020,2.236129252010150,131,7,3
"[1, 1, 0, 0, 1, 0, 0, 0, 0, 0]",15.790868977344800,4.515708529786370,10.059907349728900,2.2757823564911300,29904,3,7
"[1, 1, 0, 0, 1, 0, 0, 0, 0, 1]",15.775882210188100,4.839798818301630,10.069335508702100,2.297136561456610,84858,4,6
"[1, 1, 0, 0, 1, 0, 0, 0, 1, 0]",15.719154520571600,5.283789230868490,10.157041054677800,2.2300556459706900,23276,4,6
"[1, 1, 0, 0, 1, 0, 0, 0, 1, 1]",15.147191412534600,5.428756738710160,9.997305512323660,2.109378668087720,6470,5,5
"[1, 1, 0, 0, 1, 0, 0, 1, 0, 0]",15.825793228229800,4.936631624512000,10.158330338507700,2.257534797100530,51347,4,6
"[1, 1, 0, 0, 1, 0, 0, 1, 0, 1]",15.533139830495200,5.327127878700010,10.104802322804400,2.1623197152395900,85173,5,5
"[1, 1, 0, 0, 1, 0, 0, 1, 1, 0]",15.414868926220000,5.732698778742850,10.130740511515400,2.231919282081070,17371,5,5
"[1, 1, 0, 0, 1, 0, 0, 1, 1, 1]",14.523417690130700,6.567444114273990,10.03968303237810,2.1737806367477400,3899,6,4
"[1, 1, 0, 0, 1, 0, 1, 0, 0, 0]",16.136283086848900,5.266667709930610,10.227771627391100,2.2097514981349400,35414,4,6
"[1, 1, 0, 0, 1, 0, 1, 0, 0, 1]",15.270528848754800,5.304782845606290,10.120341102480800,2.2103943875910200,99796,5,5
"[1, 1, 0, 0, 1, 0, 1, 0, 1, 0]",15.315954424640500,5.371513153944860,10.015323971919700,2.1823665399600600,15562,5,5
"[1, 1, 0, 0, 1, 0, 1, 0, 1, 1]",15.003432720872500,6.163448203398180,10.089569382063100,2.1388746954327400,56031,6,4
"[1, 1, 0, 0, 1, 0, 1, 1, 0, 0]",15.368239191920500,5.779808207572480,10.130740511515400,2.231919282081070,17371,5,5
"[1, 1, 0, 0, 1, 0, 1, 1, 0, 1]",14.642149483027700,6.566327976269740,10.03968303237810,2.1737806367477400,3899,6,4
"[1, 1, 0, 0, 1, 0, 1, 1, 1, 0]",15.229521146448300,6.704023212870720,10.227771627391100,2.2097514981349400,35414,6,4
"[1, 1, 0, 0, 1, 0, 1, 1, 1, 1]",12.716683635560900,7.501014657647420,10.120341102480800,2.2103943875910200,99796,7,3
"[1, 1, 0, 0, 1, 1, 0, 0, 0, 0]",15.720816470774800,4.481159412110400,10.015323971919700,2.1823665399600600,15562,4,6
"[1, 1, 0, 0, 1, 1, 0, 0, 0, 1]",15.473353372842600,5.664847723844140,10.089569382063100,2.1388746954327400,56031,5,5
"[1, 1, 0, 0, 1, 1, 0, 0, 1, 0]",15.599760070778500,5.432751988977090,10.130740511515400,2.231919282081070,17371,5,5
"[1, 1, 0, 0, 1, 1, 0, 0, 1, 1]",14.288843416974200,6.484336367363920,10.03968303237810,2.1737806367477400,3899,6,4
"[1, 1, 0, 0, 1, 1, 0, 1, 0, 0]",15.703332064752400,5.791876889875480,10.227771627391100,2.2097514981349400,35414,5,5
"[1, 1, 0, 0, 1, 1, 0, 1, 0, 1]",14.289641834777000,6.239130980534480,10.120341102480800,2.2103943875910200,99796,6,4
"[1, 1, 0, 0, 1, 1, 0, 1, 1, 0]",14.652180723479600,6.348205327858600,10.015323971919700,2.1823665399600600,15562,6,4
"[1, 1, 0, 0, 1, 1, 0, 1, 1, 1]",13.66732050958620,7.377896335896740,10.089569382063100,2.1388746954327400,56031,7,3
"[1, 1, 0, 0, 1, 1, 1, 0, 0, 0]",15.563037219113900,5.6472921942739500,10.130740511515400,2.231919282081070,17371,5,5
"[1, 1, 0, 0, 1, 1, 1, 0, 0, 1]",14.615567312670300,6.329313912252990,10.03968303237810,2.1737806367477400,3899,6,4
"[1, 1, 0, 0, 1, 1, 1, 0, 1, 0]",15.122602166089200,6.645344439363780,10.227771627391100,2.2097514981349400,35414,6,4
"[1, 1, 0, 0, 1, 1, 1, 0, 1, 1]",13.472316979887600,7.361921943936450,10.120341102480800,2.2103943875910200,99796,7,3
"[1, 1, 0, 0, 1, 1, 1, 1, 0, 0]",14.889174679546800,6.146388701969680,10.015323971919700,2.1823665399600600,15562,6,4
"[1, 1, 0, 0, 1, 1, 1, 1, 0, 1]",13.553268663486800,7.470122384600300,10.089569382063100,2.1388746954327400,56031,7,3
"[1, 1, 0, 0, 1, 1, 1, 1, 1, 0]",13.566686563713500,7.592455031272610,10.130740511515400,2.231919282081070,17371,7,3
"[1, 1, 0, 0, 1, 1, 1, 1, 1, 1]",10.751804514133600,8.713202503232800,10.03968303237810,2.1737806367477400,3899,8,2
"[1, 1, 0, 1, 0, 0, 0, 0, 0, 0]",16.381201137824100,4.81316976867476,10.227771627391100,2.2097514981349400,35414,3,7
"[1, 1, 0, 1, 0, 0, 0, 0, 0, 1]",15.587216804652300,4.683107038398100,10.120341102480800,2.2103943875910200,99796,4,6
"[1, 1, 0, 1, 0, 0, 0, 0, 1, 0]",15.708016167072700,4.912458012612710,10.015323971919700,2.1823665399600600,15562,4,6
"[1, 1, 0, 1, 0, 0, 0, 0, 1, 1]",15.47782277774740,5.616985118840590,10.089569382063100,2.1388746954327400,56031,5,5
"[1, 1, 0, 1, 0, 0, 0, 1, 0, 0]",15.71172183702960,5.334654599550490,10.130740511515400,2.231919282081070,17371,4,6
"[1, 1, 0, 1, 0, 0, 0, 1, 0, 1]",15.425795337488700,5.935852889011080,10.03968303237810,2.1737806367477400,3899,5,5
"[1, 1, 0, 1, 0, 0, 0, 1, 1, 0]",15.849300075721400,5.993285004571000,10.227771627391100,2.2097514981349400,35414,5,5
"[1, 1, 0, 1, 0, 0, 0, 1, 1, 1]",14.422859709724200,6.332326063485840,10.120341102480800,2.2103943875910200,99796,6,4
"[1, 1, 0, 1, 0, 0, 1, 0, 0, 0]",15.818552253427700,4.771780884040250,10.015323971919700,2.1823665399600600,15562,4,6
"[1, 1, 0, 1, 0, 0, 1, 0, 0, 1]",15.28560991743590,5.614568610355240,10.089569382063100,2.1388746954327400,56031,5,5
"[1, 1, 0, 1, 0, 0, 1, 0, 1, 0]",15.336872216828500,5.677860506753880,10.130740511515400,2.231919282081070,17371,5,5
"[1, 1, 0, 1, 0, 0, 1, 0, 1, 1]",14.97422927550460,6.576766988492760,10.03968303237810,2.1737806367477400,3899,6,4
"[1, 1, 0, 1, 0, 0, 1, 1, 0, 0]",15.59927593849190,6.1783184355156000,10.227771627391100,2.2097514981349400,35414,5,5
"[1, 1, 0, 1, 0, 0, 1, 1, 0, 1]",14.413610006854900,6.0952822253154100,10.120341102480800,2.2103943875910200,99796,6,4
"[1, 1, 0, 1, 0, 0, 1, 1, 1, 0]",14.633295109855200,6.3561972163558300,10.015323971919700,2.1823665399600600,15562,6,4
"[1, 1, 0, 1, 0, 0, 1, 1, 1, 1]",13.452723801223400,7.389195969686990,10.089569382063100,2.1388746954327400,56031,7,3
"[1, 1, 0, 1, 0, 1, 0, 0, 0, 0]",15.987528918142600,4.8957783701703600,10.130740511515400,2.231919282081070,17371,4,6
"[1, 1, 0, 1, 0, 1, 0, 0, 0, 1]",15.135598544946200,5.5620251193965600,10.03968303237810,2.1737806367477400,3899,5,5
"[1, 1, 0, 1, 0, 1, 0, 0, 1, 0]",15.967584619170300,5.975212152267410,10.227771627391100,2.2097514981349400,35414,5,5
"[1, 1, 0, 1, 0, 1, 0, 0, 1, 1]",14.820963407767700,6.1735636114969000,10.120341102480800,2.2103943875910200,99796,6,4
"[1, 1, 0, 1, 0, 1, 0, 1, 0, 0]",15.500359485265500,5.419531325064260,10.015323971919700,2.1823665399600600,15562,5,5
"[1, 1, 0, 1, 0, 1, 0, 1, 0, 1]",14.41779428525430,6.860456423533590,10.089569382063100,2.1388746954327400,56031,6,4
"[1, 1, 0, 1, 0, 1, 0, 1, 1, 0]",14.773892641002300,6.542457850768060,10.130740511515400,2.231919282081070,17371,6,4
"[1, 1, 0, 1, 0, 1, 0, 1, 1, 1]",12.977152171026500,7.65816246536716,10.03968303237810,2.1737806367477400,3899,7,3
"[1, 1, 0, 1, 0, 1, 1, 0, 0, 0]",15.666445215749800,6.253561803543790,10.227771627391100,2.2097514981349400,35414,5,5
"[1, 1, 0, 1, 0, 1, 1, 0, 0, 1]",14.695488461392100,6.132481890297400,10.120341102480800,2.2103943875910200,99796,6,4
"[1, 1, 0, 1, 0, 1, 1, 0, 1, 0]",14.513671760012900,6.203299908183970,10.015323971919700,2.1823665399600600,15562,6,4
"[1, 1, 0, 1, 0, 1, 1, 0, 1, 1]",13.764942411309800,7.344084507967020,10.089569382063100,2.1388746954327400,56031,7,3
"[1, 1, 0, 1, 0, 1, 1, 1, 0, 0]",14.68221727440430,6.747941855899980,10.130740511515400,2.231919282081070,17371,6,4
"[1, 1, 0, 1, 0, 1, 1, 1, 0, 1]",13.288061425042100,7.6172721087818400,10.03968303237810,2.1737806367477400,3899,7,3
"[1, 1, 0, 1, 0, 1, 1, 1, 1, 0]",13.514122272262500,8.359936604621480,10.227771627391100,2.2097514981349400,35414,7,3
"[1, 1, 0, 1, 0, 1, 1, 1, 1, 1]",11.053044299671400,8.36146845847671,10.120341102480800,2.2103943875910200,99796,8,2
"[1, 1, 0, 1, 1, 0, 0, 0, 0, 0]",15.744110035099100,4.764225608949810,10.015323971919700,2.1823665399600600,15562,4,6
"[1, 1, 0, 1, 1, 0, 0, 0, 0, 1]",15.475529049739100,5.730249969512430,10.089569382063100,2.1388746954327400,56031,5,5
"[1, 1, 0, 1, 1, 0, 0, 0, 1, 0]",15.33494574519420,5.679249765857510,10.130740511515400,2.231919282081070,17371,5,5
"[1, 1, 0, 1, 1, 0, 0, 0, 1, 1]",14.97806808144340,6.4196682405986500,10.03968303237810,2.1737806367477400,3899,6,4
"[1, 1, 0, 1, 1, 0, 0, 1, 0, 0]",15.51549142194940,6.059054222837530,10.227771627391100,2.2097514981349400,35414,5,5
"[1, 1, 0, 1, 1, 0, 0, 1, 0, 1]",14.587087849759300,6.012872635774190,10.120341102480800,2.2103943875910200,99796,6,4
"[1, 1, 0, 1, 1, 0, 0, 1, 1, 0]",14.851976068168700,6.222254186008710,10.015323971919700,2.1823665399600600,15562,6,4
"[1, 1, 0, 1, 1, 0, 0, 1, 1, 1]",13.604498098899000,7.414297252424170,10.089569382063100,2.1388746954327400,56031,7,3
"[1, 1, 0, 1, 1, 0, 1, 0, 0, 0]",15.436865844134700,5.763518606398320,10.130740511515400,2.231919282081070,17371,5,5
"[1, 1, 0, 1, 1, 0, 1, 0, 0, 1]",14.79927960591840,6.688272759512770,10.03968303237810,2.1737806367477400,3899,6,4
"[1, 1, 0, 1, 1, 0, 1, 0, 1, 0]",15.300660431693200,6.855767346985000,10.227771627391100,2.2097514981349400,35414,6,4
"[1, 1, 0, 1, 1, 0, 1, 0, 1, 1]",13.227892107231800,7.444685138275580,10.120341102480800,2.2103943875910200,99796,7,3
"[1, 1, 0, 1, 1, 0, 1, 1, 0, 0]",14.822045363700600,6.404017983354610,10.015323971919700,2.1823665399600600,15562,6,4
"[1, 1, 0, 1, 1, 0, 1, 1, 0, 1]",13.285048621520100,7.524577969935940,10.089569382063100,2.1388746954327400,56031,7,3
"[1, 1, 0, 1, 1, 0, 1, 1, 1, 0]",13.264020987360700,7.6767985633884700,10.130740511515400,2.231919282081070,17371,7,3
"[1, 1, 0, 1, 1, 0, 1, 1, 1, 1]",11.504256985196500,8.793151102573180,10.03968303237810,2.1737806367477400,3899,8,2
"[1, 1, 0, 1, 1, 1, 0, 0, 0, 0]",15.818257104645500,6.041457928569880,10.227771627391100,2.2097514981349400,35414,5,5
"[1, 1, 0, 1, 1, 1, 0, 0, 0, 1]",14.87655833424820,6.0252566536102200,10.120341102480800,2.2103943875910200,99796,6,4
"[1, 1, 0, 1, 1, 1, 0, 0, 1, 0]",14.40032150376680,6.227544005841870,10.015323971919700,2.1823665399600600,15562,6,4
"[1, 1, 0, 1, 1, 1, 0, 0, 1, 1]",13.498012803886200,7.602986064099590,10.089569382063100,2.1388746954327400,56031,7,3
"[1, 1, 0, 1, 1, 1, 0, 1, 0, 0]",14.89143981621280,6.531693138350080,10.130740511515400,2.231919282081070,17371,6,4
"[1, 1, 0, 1, 1, 1, 0, 1, 0, 1]",13.114375549834400,7.41553051359622,10.03968303237810,2.1737806367477400,3899,7,3
"[1, 1, 0, 1, 1, 1, 0, 1, 1, 0]",13.753257594142200,7.954953437849940,10.227771627391100,2.2097514981349400,35414,7,3
"[1, 1, 0, 1, 1, 1, 0, 1, 1, 1]",11.356786597682200,8.203484349786300,10.120341102480800,2.2103943875910200,99796,8,2
"[1, 1, 0, 1, 1, 1, 1, 0, 0, 0]",14.509902386947400,6.203322546207460,10.015323971919700,2.1823665399600600,15562,6,4
"[1, 1, 0, 1, 1, 1, 1, 0, 0, 1]",13.518675779353600,7.515982815027910,10.089569382063100,2.1388746954327400,56031,7,3
"[1, 1, 0, 1, 1, 1, 1, 0, 1, 0]",13.413191514192700,7.562717603567210,10.130740511515400,2.231919282081070,17371,7,3
"[1, 1, 0, 1, 1, 1, 1, 0, 1, 1]",11.141622703747000,8.58358427126692,10.03968303237810,2.1737806367477400,3899,8,2
"[1, 1, 0, 1, 1, 1, 1, 1, 0, 0]",13.45995594602820,8.263743894521240,10.227771627391100,2.2097514981349400,35414,7,3
"[1, 1, 0, 1, 1, 1, 1, 1, 0, 1]",11.192707401681100,8.249107762885870,10.120341102480800,2.2103943875910200,99796,8,2
"[1, 1, 0, 1, 1, 1, 1, 1, 1, 0]",11.154959515895000,8.366854900403380,10.015323971919700,2.1823665399600600,15562,8,2
"[1, 1, 0, 1, 1, 1, 1, 1, 1, 1]",7.174058971375910,8.617187119351080,10.089569382063100,2.1388746954327400,56031,9,1
"[1, 1, 1, 0, 0, 0, 0, 0, 0, 0]",16.03883027104110,4.498245778323130,10.130740511515400,2.231919282081070,17371,3,7
"[1, 1, 1, 0, 0, 0, 0, 0, 0, 1]",15.852689096185700,5.286303041557850,10.03968303237810,2.1737806367477400,3899,4,6
"[1, 1, 1, 0, 0, 0, 0, 0, 1, 0]",16.11127834656040,5.101335986584770,10.227771627391100,2.2097514981349400,35414,4,6
"[1, 1, 1, 0, 0, 0, 0, 0, 1, 1]",15.433496342526700,5.7699960063266600,10.120341102480800,2.2103943875910200,99796,5,5
"[1, 1, 1, 0, 0, 0, 0, 1, 0, 0]",15.722866705508400,5.045511421401380,10.015323971919700,2.1823665399600600,15562,4,6
"[1, 1, 1, 0, 0, 0, 0, 1, 0, 1]",15.381898071700800,5.708961442703480,10.089569382063100,2.1388746954327400,56031,5,5
"[1, 1, 1, 0, 0, 0, 0, 1, 1, 0]",15.457742753550600,5.699768162720240,10.130740511515400,2.231919282081070,17371,5,5
"[1, 1, 1, 0, 0, 0, 0, 1, 1, 1]",14.922377105426000,6.58947411233752,10.03968303237810,2.1737806367477400,3899,6,4
"[1, 1, 1, 0, 0, 0, 1, 0, 0, 0]",15.909622349136000,5.323698363017800,10.227771627391100,2.2097514981349400,35414,4,6
"[1, 1, 1, 0, 0, 0, 1, 0, 0, 1]",15.416803203788500,5.496365799858540,10.120341102480800,2.2103943875910200,99796,5,5
"[1, 1, 1, 0, 0, 0, 1, 0, 1, 0]",15.386369542219500,5.63995216030961,10.015323971919700,2.1823665399600600,15562,5,5
"[1, 1, 1, 0, 0, 0, 1, 0, 1, 1]",14.889862679535500,6.182309084783780,10.089569382063100,2.1388746954327400,56031,6,4
"[1, 1, 1, 0, 0, 0, 1, 1, 0, 0]",15.449164547078200,5.680018383026220,10.130740511515400,2.231919282081070,17371,5,5
"[1, 1, 1, 0, 0, 0, 1, 1, 0, 1]",14.808057808488500,6.759586423997820,10.03968303237810,2.1737806367477400,3899,6,4
"[1, 1, 1, 0, 0, 0, 1, 1, 1, 0]",14.918629274998100,6.9017914262871800,10.227771627391100,2.2097514981349400,35414,6,4
"[1, 1, 1, 0, 0, 0, 1, 1, 1, 1]",13.286015149119800,7.498005028494030,10.120341102480800,2.2103943875910200,99796,7,3
"[1, 1, 1, 0, 0, 1, 0, 0, 0, 0]",15.732828655179000,4.853483016717480,10.015323971919700,2.1823665399600600,15562,4,6
"[1, 1, 1, 0, 0, 1, 0, 0, 0, 1]",15.322125729004300,5.595168886799540,10.089569382063100,2.1388746954327400,56031,5,5
"[1, 1, 1, 0, 0, 1, 0, 0, 1, 0]",15.57426670132330,5.376025421646190,10.130740511515400,2.231919282081070,17371,5,5
"[1, 1, 1, 0, 0, 1, 0, 0, 1, 1]",14.367550546822300,6.660300850328640,10.03968303237810,2.1737806367477400,3899,6,4
"[1, 1, 1, 0, 0, 1, 0, 1, 0, 0]",15.726700420313100,5.678909440369190,10.227771627391100,2.2097514981349400,35414,5,5
"[1, 1, 1, 0, 0, 1, 0, 1, 0, 1]",14.647910326579500,6.2415041857652600,10.120341102480800,2.2103943875910200,99796,6,4
"[1, 1, 1, 0, 0, 1, 0, 1, 1, 0]",14.621817387781800,6.736929348013890,10.015323971919700,2.1823665399600600,15562,6,4
"[1, 1, 1, 0, 0, 1, 0, 1, 1, 1]",13.92234670274980,7.289001868326330,10.089569382063100,2.1388746954327400,56031,7,3
"[1, 1, 1, 0, 0, 1, 1, 0, 0, 0]",15.448751773694200,5.50239408179251,10.130740511515400,2.231919282081070,17371,5,5
"[1, 1, 1, 0, 0, 1, 1, 0, 0, 1]",14.52665541135510,6.68980135109104,10.03968303237810,2.1737806367477400,3899,6,4
"[1, 1, 1, 0, 0, 1, 1, 0, 1, 0]",14.867533396788800,6.737893704779420,10.227771627391100,2.2097514981349400,35414,6,4
"[1, 1, 1, 0, 0, 1, 1, 0, 1, 1]",13.834140568487400,7.609655108937230,10.120341102480800,2.2103943875910200,99796,7,3
"[1, 1, 1, 0, 0, 1, 1, 1, 0, 0]",14.64344922847770,6.572026508851040,10.015323971919700,2.1823665399600600,15562,6,4
"[1, 1, 1, 0, 0, 1, 1, 1, 0, 1]",13.587475606035,7.469087760264970,10.089569382063100,2.1388746954327400,56031,7,3
"[1, 1, 1, 0, 0, 1, 1, 1, 1, 0]",13.665552542193200,7.4313451221027200,10.130740511515400,2.231919282081070,17371,7,3
"[1, 1, 1, 0, 0, 1, 1, 1, 1, 1]",11.053972330967700,8.595063137589260,10.03968303237810,2.1737806367477400,3899,8,2
"[1, 1, 1, 0, 1, 0, 0, 0, 0, 0]",15.998355031197500,5.10812801574023,10.227771627391100,2.2097514981349400,35414,4,6
"[1, 1, 1, 0, 1, 0, 0, 0, 0, 1]",15.34518892408640,5.448923629295000,10.120341102480800,2.2103943875910200,99796,5,5
"[1, 1, 1, 0, 1, 0, 0, 0, 1, 0]",15.118862965563300,5.542570313121840,10.015323971919700,2.1823665399600600,15562,5,5
"[1, 1, 1, 0, 1, 0, 0, 0, 1, 1]",14.79204731572670,6.455332770878980,10.089569382063100,2.1388746954327400,56031,6,4
"[1, 1, 1, 0, 1, 0, 0, 1, 0, 0]",15.215929519683300,5.818421008950350,10.130740511515400,2.231919282081070,17371,5,5
"[1, 1, 1, 0, 1, 0, 0, 1, 0, 1]",14.703220940150200,6.608694711616720,10.03968303237810,2.1737806367477400,3899,6,4
"[1, 1, 1, 0, 1, 0, 0, 1, 1, 0]",14.882928809642900,6.545470123124420,10.227771627391100,2.2097514981349400,35414,6,4
"[1, 1, 1, 0, 1, 0, 0, 1, 1, 1]",13.368539535534200,7.431148319502000,10.120341102480800,2.2103943875910200,99796,7,3
"[1, 1, 1, 0, 1, 0, 1, 0, 0, 0]",15.289155021629400,5.440900653255710,10.015323971919700,2.1823665399600600,15562,5,5
"[1, 1, 1, 0, 1, 0, 1, 0, 0, 1]",14.64413654013780,6.704590331260060,10.089569382063100,2.1388746954327400,56031,6,4
"[1, 1, 1, 0, 1, 0, 1, 0, 1, 0]",14.937786801682400,6.260140082912540,10.130740511515400,2.231919282081070,17371,6,4
"[1, 1, 1, 0, 1, 0, 1, 0, 1, 1]",14.218248207892400,7.293382795431450,10.03968303237810,2.1737806367477400,3899,7,3
"[1, 1, 1, 0, 1, 0, 1, 1, 0, 0]",14.741026460251700,6.761608537391580,10.227771627391100,2.2097514981349400,35414,6,4
"[1, 1, 1, 0, 1, 0, 1, 1, 0, 1]",13.458045943702000,7.1122128456948,10.120341102480800,2.2103943875910200,99796,7,3
"[1, 1, 1, 0, 1, 0, 1, 1, 1, 0]",13.42875855678490,7.5624687990141200,10.015323971919700,2.1823665399600600,15562,7,3
"[1, 1, 1, 0, 1, 0, 1, 1, 1, 1]",11.317896773388900,8.52444244569915,10.089569382063100,2.1388746954327400,56031,8,2
"[1, 1, 1, 0, 1, 1, 0, 0, 0, 0]",15.441945168253100,5.708251051695340,10.130740511515400,2.231919282081070,17371,5,5
"[1, 1, 1, 0, 1, 1, 0, 0, 0, 1]",14.471537238487800,6.4384894069329800,10.03968303237810,2.1737806367477400,3899,6,4
"[1, 1, 1, 0, 1, 1, 0, 0, 1, 0]",14.972434783862700,6.563103871058100,10.227771627391100,2.2097514981349400,35414,6,4
"[1, 1, 1, 0, 1, 1, 0, 0, 1, 1]",13.455257857797700,7.588483015651900,10.120341102480800,2.2103943875910200,99796,7,3
"[1, 1, 1, 0, 1, 1, 0, 1, 0, 0]",14.670070234545400,6.3204501655250700,10.015323971919700,2.1823665399600600,15562,6,4
"[1, 1, 1, 0, 1, 1, 0, 1, 0, 1]",13.191229105808000,7.55877722961943,10.089569382063100,2.1388746954327400,56031,7,3
"[1, 1, 1, 0, 1, 1, 0, 1, 1, 0]",13.562124123900600,7.615880643951720,10.130740511515400,2.231919282081070,17371,7,3
"[1, 1, 1, 0, 1, 1, 0, 1, 1, 1]",10.782157669879400,8.533419457601510,10.03968303237810,2.1737806367477400,3899,8,2
"[1, 1, 1, 0, 1, 1, 1, 0, 0, 0]",14.72226788261720,6.7182795232933100,10.227771627391100,2.2097514981349400,35414,6,4
"[1, 1, 1, 0, 1, 1, 1, 0, 0, 1]",13.76063397475860,7.384410797322760,10.120341102480800,2.2103943875910200,99796,7,3
"[1, 1, 1, 0, 1, 1, 1, 0, 1, 0]",13.276537685345100,7.178485046016250,10.015323971919700,2.1823665399600600,15562,7,3
"[1, 1, 1, 0, 1, 1, 1, 0, 1, 1]",11.522974910794600,8.422167600036940,10.089569382063100,2.1388746954327400,56031,8,2
"[1, 1, 1, 0, 1, 1, 1, 1, 0, 0]",13.475941720903400,7.789735510622290,10.130740511515400,2.231919282081070,17371,7,3
"[1, 1, 1, 0, 1, 1, 1, 1, 0, 1]",11.404037971910200,8.468338402164230,10.03968303237810,2.1737806367477400,3899,8,2
"[1, 1, 1, 0, 1, 1, 1, 1, 1, 0]",11.409520729340700,8.76278436933341,10.227771627391100,2.2097514981349400,35414,8,2
"[1, 1, 1, 0, 1, 1, 1, 1, 1, 1]",6.723944278870200,8.65201713877687,10.120341102480800,2.2103943875910200,99796,9,1
"[1, 1, 1, 1, 0, 0, 0, 0, 0, 0]",15.890183095919800,4.781932175433340,10.015323971919700,2.1823665399600600,15562,4,6
"[1, 1, 1, 1, 0, 0, 0, 0, 0, 1]",15.329425303570300,5.737324374065470,10.089569382063100,2.1388746954327400,56031,5,5
"[1, 1, 1, 1, 0, 0, 0, 0, 1, 0]",15.463164810333000,5.5039922743099100,10.130740511515400,2.231919282081070,17371,5,5
"[1, 1, 1, 1, 0, 0, 0, 0, 1, 1]",14.715651271070200,6.607854834790940,10.03968303237810,2.1737806367477400,3899,6,4
"[1, 1, 1, 1, 0, 0, 0, 1, 0, 0]",15.597533805355600,5.854001792094450,10.227771627391100,2.2097514981349400,35414,5,5
"[1, 1, 1, 1, 0, 0, 0, 1, 0, 1]",14.565447255772900,6.087731992175370,10.120341102480800,2.2103943875910200,99796,6,4
"[1, 1, 1, 1, 0, 0, 0, 1, 1, 0]",15.043927597733500,6.350304007182820,10.015323971919700,2.1823665399600600,15562,6,4
"[1, 1, 1, 1, 0, 0, 0, 1, 1, 1]",13.8886935832833,7.478681046014860,10.089569382063100,2.1388746954327400,56031,7,3
"[1, 1, 1, 1, 0, 0, 1, 0, 0, 0]",15.391780644775200,5.706737364839,10.130740511515400,2.231919282081070,17371,5,5
"[1, 1, 1, 1, 0, 0, 1, 0, 0, 1]",14.566011876820300,6.8033930481057300,10.03968303237810,2.1737806367477400,3899,6,4
"[1, 1, 1, 1, 0, 0, 1, 0, 1, 0]",14.87889643682450,6.954089280547080,10.227771627391100,2.2097514981349400,35414,6,4
"[1, 1, 1, 1, 0, 0, 1, 0, 1, 1]",13.44820852753980,7.574845300743460,10.120341102480800,2.2103943875910200,99796,7,3
"[1, 1, 1, 1, 0, 0, 1, 1, 0, 0]",15.028543540910000,6.349750213619960,10.015323971919700,2.1823665399600600,15562,6,4
"[1, 1, 1, 1, 0, 0, 1, 1, 0, 1]",12.966198174400900,7.780678369432660,10.089569382063100,2.1388746954327400,56031,7,3
"[1, 1, 1, 1, 0, 0, 1, 1, 1, 0]",13.164129233102800,7.755009469837960,10.130740511515400,2.231919282081070,17371,7,3
"[1, 1, 1, 1, 0, 0, 1, 1, 1, 1]",11.446703623578600,8.670428669179420,10.03968303237810,2.1737806367477400,3899,8,2
"[1, 1, 1, 1, 0, 1, 0, 0, 0, 0]",15.792310818952000,5.7670639546142600,10.227771627391100,2.2097514981349400,35414,5,5
"[1, 1, 1, 1, 0, 1, 0, 0, 0, 1]",14.860371142874100,6.142468912434220,10.120341102480800,2.2103943875910200,99796,6,4
"[1, 1, 1, 1, 0, 1, 0, 0, 1, 0]",14.84355334822720,6.279774621579630,10.015323971919700,2.1823665399600600,15562,6,4
"[1, 1, 1, 1, 0, 1, 0, 0, 1, 1]",13.557756557384400,7.659322262610970,10.089569382063100,2.1388746954327400,56031,7,3
"[1, 1, 1, 1, 0, 1, 0, 1, 0, 0]",14.916829597577400,6.448996807227300,10.130740511515400,2.231919282081070,17371,6,4
"[1, 1, 1, 1, 0, 1, 0, 1, 0, 1]",13.189839225368700,7.546444120831600,10.03968303237810,2.1737806367477400,3899,7,3
"[1, 1, 1, 1, 0, 1, 0, 1, 1, 0]",13.728760254243200,7.895928041839660,10.227771627391100,2.2097514981349400,35414,7,3
"[1, 1, 1, 1, 0, 1, 0, 1, 1, 1]",11.44546688264770,8.302704629528010,10.120341102480800,2.2103943875910200,99796,8,2
"[1, 1, 1, 1, 0, 1, 1, 0, 0, 0]",15.037997529799100,6.123416240451870,10.015323971919700,2.1823665399600600,15562,6,4
"[1, 1, 1, 1, 0, 1, 1, 0, 0, 1]",13.33378058594030,7.669983486740180,10.089569382063100,2.1388746954327400,56031,7,3
"[1, 1, 1, 1, 0, 1, 1, 0, 1, 0]",13.624372102218900,7.314198254341060,10.130740511515400,2.231919282081070,17371,7,3
"[1, 1, 1, 1, 0, 1, 1, 0, 1, 1]",10.883828198649200,8.505373770186500,10.03968303237810,2.1737806367477400,3899,8,2
"[1, 1, 1, 1, 0, 1, 1, 1, 0, 0]",13.393378634049800,7.8149389843696100,10.227771627391100,2.2097514981349400,35414,7,3
"[1, 1, 1, 1, 0, 1, 1, 1, 0, 1]",10.985192145911700,8.342177087439940,10.120341102480800,2.2103943875910200,99796,8,2
"[1, 1, 1, 1, 0, 1, 1, 1, 1, 0]",11.48026847975920,8.626715707590990,10.015323971919700,2.1823665399600600,15562,8,2
"[1, 1, 1, 1, 0, 1, 1, 1, 1, 1]",7.327716379219510,8.98422823279081,10.089569382063100,2.1388746954327400,56031,9,1
"[1, 1, 1, 1, 1, 0, 0, 0, 0, 0]",15.432806260336200,5.626910842979930,10.130740511515400,2.231919282081070,17371,5,5
"[1, 1, 1, 1, 1, 0, 0, 0, 0, 1]",14.685595644588900,6.819641753361410,10.03968303237810,2.1737806367477400,3899,6,4
"[1, 1, 1, 1, 1, 0, 0, 0, 1, 0]",14.86121017591460,6.675803158967620,10.227771627391100,2.2097514981349400,35414,6,4
"[1, 1, 1, 1, 1, 0, 0, 0, 1, 1]",13.607095578014700,7.5462753200110600,10.120341102480800,2.2103943875910200,99796,7,3
"[1, 1, 1, 1, 1, 0, 0, 1, 0, 0]",14.979805810388400,6.390979007960060,10.015323971919700,2.1823665399600600,15562,6,4
"[1, 1, 1, 1, 1, 0, 0, 1, 0, 1]",13.390828742569700,7.58283036409986,10.089569382063100,2.1388746954327400,56031,7,3
"[1, 1, 1, 1, 1, 0, 0, 1, 1, 0]",13.37542397269360,7.571710030955330,10.130740511515400,2.231919282081070,17371,7,3
"[1, 1, 1, 1, 1, 0, 0, 1, 1, 1]",11.332793203061800,8.79323427660164,10.03968303237810,2.1737806367477400,3899,8,2
"[1, 1, 1, 1, 1, 0, 1, 0, 0, 0]",14.866087230953200,6.932504367386390,10.227771627391100,2.2097514981349400,35414,6,4
"[1, 1, 1, 1, 1, 0, 1, 0, 0, 1]",13.958605180023700,7.15742602835776,10.120341102480800,2.2103943875910200,99796,7,3
"[1, 1, 1, 1, 1, 0, 1, 0, 1, 0]",13.428031561300200,7.3928268514761300,10.015323971919700,2.1823665399600600,15562,7,3
"[1, 1, 1, 1, 1, 0, 1, 0, 1, 1]",11.232834180151200,8.410766730969440,10.089569382063100,2.1388746954327400,56031,8,2
"[1, 1, 1, 1, 1, 0, 1, 1, 0, 0]",13.348418605860000,7.8008881647415700,10.130740511515400,2.231919282081070,17371,7,3
"[1, 1, 1, 1, 1, 0, 1, 1, 0, 1]",11.12148237091120,8.89707150442724,10.03968303237810,2.1737806367477400,3899,8,2
"[1, 1, 1, 1, 1, 0, 1, 1, 1, 0]",11.336860507146300,9.046673543284270,10.227771627391100,2.2097514981349400,35414,8,2
"[1, 1, 1, 1, 1, 0, 1, 1, 1, 1]",6.740926472843450,8.358871488838220,10.120341102480800,2.2103943875910200,99796,9,1
"[1, 1, 1, 1, 1, 1, 0, 0, 0, 0]",14.88630479039700,5.95453465125767,10.015323971919700,2.1823665399600600,15562,6,4
"[1, 1, 1, 1, 1, 1, 0, 0, 0, 1]",13.122301606375300,7.603742624025000,10.089569382063100,2.1388746954327400,56031,7,3
"[1, 1, 1, 1, 1, 1, 0, 0, 1, 0]",13.895984174105800,7.285039201583240,10.130740511515400,2.231919282081070,17371,7,3
"[1, 1, 1, 1, 1, 1, 0, 0, 1, 1]",10.63728341536620,8.590601638968740,10.03968303237810,2.1737806367477400,3899,8,2
"[1, 1, 1, 1, 1, 1, 0, 1, 0, 0]",13.438053379875300,7.8391625006622300,10.227771627391100,2.2097514981349400,35414,7,3
"[1, 1, 1, 1, 1, 1, 0, 1, 0, 1]",11.179164117609400,8.4777399100546,10.120341102480800,2.2103943875910200,99796,8,2
"[1, 1, 1, 1, 1, 1, 0, 1, 1, 0]",11.438399377261600,8.57604813394275,10.015323971919700,2.1823665399600600,15562,8,2
"[1, 1, 1, 1, 1, 1, 0, 1, 1, 1]",7.160970791818160,8.77083616174156,10.089569382063100,2.1388746954327400,56031,9,1
"[1, 1, 1, 1, 1, 1, 1, 0, 0, 0]",13.751627774917300,7.651231401979290,10.130740511515400,2.231919282081070,17371,7,3
"[1, 1, 1, 1, 1, 1, 1, 0, 0, 1]",11.240434595516000,8.700864921173910,10.03968303237810,2.1737806367477400,3899,8,2
"[1, 1, 1, 1, 1, 1, 1, 0, 1, 0]",11.30720552139600,9.01956551816788,10.227771627391100,2.2097514981349400,35414,8,2
"[1, 1, 1, 1, 1, 1, 1, 0, 1, 1]",8.32289737904573,9.27683276493989,10.120341102480800,2.2103943875910200,99796,9,1
"[1, 1, 1, 1, 1, 1, 1, 1, 0, 0]",11.567751932328200,8.593133036177680,10.015323971919700,2.1823665399600600,15562,8,2
"[1, 1, 1, 1, 1, 1, 1, 1, 0, 1]",6.682670774579680,8.627876833632640,10.089569382063100,2.1388746954327400,56031,9,1
"[1, 1, 1, 1, 1, 1, 1, 1, 1, 0]",7.308340324831880,9.127213729785770,10.130740511515400,2.231919282081070,17371,9,1
"[1, 1, 1, 1, 1, 1, 1, 1, 1, 1]",0.0,0.0,10.03968303237810,2.1737806367477400,3899,10,0