Generation,best_mate_1,best_mate_2,best_mate_3,best_mate_4,best_mate_5,best_mate_6,best_mate_7,best_mate_8,best_mate_9,best_mate_10,best_mate_11,best_mate_12,best_mate_13,best_mate_14,best_mate_15,best_mate_16,best_mate_17,best_mate_18,best_mate_19,best_mate_20,best_mate_21,best_mate_22,best_mate_23,best_mate_24,best_mate_25,best_mate_26,best_mate_27,best_mate_28,best_mate_29,best_mate_30,best_mate_31,best_mate_32,best_mate_33,best_mate_34,best_mate_35,best_mate_36,best_mate_37,best_mate_38,best_mate_39,best_mate_40,best_mate_41,best_mate_42,best_mate_43,best_mate_44,best_mate_45,best_mate_46,best_mate_47,best_mate_48,best_mate_49,best_mate_50,worst_mate_1,worst_mate_2,worst_mate_3,worst_mate_4,worst_mate_5,worst_mate_6,worst_mate_7,worst_mate_8,worst_mate_9,worst_mate_10,worst_mate_11,worst_mate_12,worst_mate_13,worst_mate_14,worst_mate_15,worst_mate_16,worst_mate_17,worst_mate_18,worst_mate_19,worst_mate_20,worst_mate_21,worst_mate_22,worst_mate_23,worst_mate_24,worst_mate_25,worst_mate_26,worst_mate_27,worst_mate_28,worst_mate_29,worst_mate_30,worst_mate_31,worst_mate_32,worst_mate_33,worst_mate_34,worst_mate_35,worst_mate_36,worst_mate_37,worst_mate_38,worst_mate_39,worst_mate_40,worst_mate_41,worst_mate_42,worst_mate_43,worst_mate_44,worst_mate_45,worst_mate_46,worst_mate_47,worst_mate_48,worst_mate_49,worst_mate_50
0,1,1,1,0,1,1,1,1,1,1,1,1,1,1,1,0,0,0,0,1,1,1,1,0,1,1,1,1,1,1,1,0,0,0,1,1,0,1,1,0,1,0,1,0,0,1,0,1,0,1,0,0,0,0,1,0,1,1,0,0,0,0,1,1,1,0,0,1,1,0,1,0,1,1,0,1,0,0,0,0,1,0,0,1,1,0,1,0,0,1,0,0,1,1,1,1,0,1,0,0
1,1,0,1,1,0,1,0,0,0,1,1,1,0,0,1,1,1,0,1,1,0,0,0,1,0,1,0,0,1,0,1,0,0,1,1,0,0,0,1,0,0,1,1,0,1,0,1,0,1,0,1,1,0,1,1,1,1,1,1,1,1,0,0,0,1,0,1,1,0,1,0,1,0,0,0,0,0,1,0,0,1,0,1,1,1,1,1,1,1,1,0,1,1,1,0,0,0,1,0,0
2,0,0,0,0,0,1,1,0,1,0,0,0,1,1,0,0,1,0,0,1,1,1,1,0,0,0,1,1,0,1,1,1,1,0,0,1,0,0,1,0,0,0,1,1,0,0,0,1,0,1,0,1,0,0,1,0,0,0,1,0,1,0,1,1,1,0,1,1,0,0,0,1,0,0,1,0,0,0,1,1,1,0,1,0,1,0,1,0,0,0,1,0,0,0,0,0,1,0,0,0
3,0,0,1,0,1,0,0,1,1,1,1,1,1,1,1,0,0,0,1,1,1,1,0,0,1,0,1,1,1,0,1,0,1,0,1,1,0,0,1,1,1,0,0,0,0,1,0,1,1,0,0,1,0,0,1,1,1,0,0,0,0,1,1,0,0,0,0,1,0,1,0,0,1,0,0,1,1,0,0,0,1,1,1,1,0,1,0,0,1,0,0,0,1,1,1,1,0,1,0,1
4,1,0,0,0,1,0,0,0,1,1,0,0,1,0,1,1,0,0,1,1,1,1,0,1,1,0,0,1,1,0,1,0,0,1,1,0,1,1,1,0,1,1,0,0,1,1,1,0,0,1,0,1,1,1,1,1,0,0,1,0,0,1,0,0,0,0,1,1,0,0,1,1,0,0,1,0,1,1,0,1,1,1,0,0,0,0,1,0,0,1,0,0,1,1,0,0,1,0,1,1
5,0,0,0,1,0,0,1,0,1,1,0,0,0,1,0,1,0,1,0,0,0,0,0,0,0,0,0,1,0,0,1,0,0,1,0,1,0,0,0,1,0,0,1,1,0,1,0,0,0,0,0,0,1,1,0,1,0,0,1,1,1,1,1,0,1,1,1,0,1,0,0,0,0,1,0,1,1,0,0,0,1,0,0,1,1,0,0,0,1,0,0,1,1,0,1,0,0,0,1,0
6,0,0,0,1,1,1,0,1,1,1,1,1,0,0,1,1,0,1,0,1,1,0,1,0,1,0,1,0,1,1,1,1,0,0,0,1,0,1,1,0,0,0,0,1,0,1,1,1,0,0,0,0,0,0,0,0,1,0,0,0,0,0,0,1,1,1,0,1,0,0,0,1,0,1,0,1,0,0,1,1,0,0,0,0,1,1,1,0,0,1,0,0,0,0,1,1,0,1,0,0
7,0,0,0,0,0,0,0,1,0,1,0,0,1,1,1,1,0,1,0,0,1,1,0,1,0,1,0,0,1,0,0,0,1,0,0,1,0,0,0,0,0,0,0,1,1,1,0,0,0,0,0,1,0,0,0,0,0,1,1,1,0,0,1,1,1,1,1,1,0,0,1,1,0,1,1,1,0,0,1,0,0,1,0,0,0,1,0,0,0,0,1,1,0,1,1,1,0,1,0,0
8,0,0,1,1,0,0,0,0,0,1,0,0,0,0,1,1,0,0,1,1,1,0,0,0,1,0,0,1,0,0,1,0,0,1,1,0,0,0,0,0,0,0,0,1,0,1,0,0,0,0,0,0,1,1,1,0,0,1,0,1,1,1,0,1,1,1,0,0,1,0,0,0,1,1,0,0,1,1,0,0,0,1,0,0,1,0,0,0,1,0,1,1,1,1,0,0,0,0,0,1
9,0,0,1,1,0,1,0,1,1,0,1,1,0,1,1,0,0,0,1,0,1,0,1,1,1,1,1,1,0,0,0,0,0,0,0,0,1,1,1,0,1,1,1,1,0,0,0,0,1,0,1,0,1,0,1,0,0,1,0,1,0,0,1,1,1,1,1,0,1,1,1,1,0,0,0,0,0,1,1,1,0,0,0,1,1,0,0,1,1,0,1,0,0,0,1,0,1,1,1,0
10,1,0,1,0,1,1,1,0,0,1,0,0,1,0,1,1,1,0,1,1,1,0,0,0,0,0,0,1,1,1,0,0,0,1,1,0,0,1,1,0,0,0,0,0,0,0,1,0,1,0,1,0,1,0,0,0,0,1,0,0,0,0,0,0,1,1,0,0,0,1,0,1,0,1,1,1,1,0,0,1,0,1,0,1,1,0,1,1,0,0,0,1,1,0,0,1,0,1,0,0
11,0,0,1,1,0,1,0,0,1,1,0,1,0,0,1,1,0,0,0,0,1,0,1,0,1,0,1,1,0,0,0,1,0,0,1,0,1,0,1,0,1,1,1,0,0,0,0,0,1,0,0,1,1,1,0,0,0,0,0,1,1,1,0,0,1,0,0,1,0,1,0,0,0,0,1,1,1,0,0,0,1,1,0,0,1,1,0,1,1,1,1,0,0,0,0,0,1,1,1,0
12,1,0,1,0,0,0,1,1,0,0,1,0,0,1,0,0,1,0,0,0,0,0,0,1,0,1,0,0,0,1,1,0,0,1,1,0,1,0,0,1,1,1,1,0,0,0,0,1,1,1,0,1,1,0,0,1,0,1,1,0,1,1,1,0,1,1,1,0,1,1,0,1,1,0,1,0,0,0,0,1,0,0,1,0,1,0,0,0,1,0,0,0,1,0,1,0,1,1,1,1
13,1,0,1,0,1,1,1,0,0,1,0,0,1,1,0,0,1,0,0,0,0,1,0,1,1,0,0,0,0,0,1,0,0,1,1,0,0,0,0,0,1,0,0,0,0,1,1,0,0,1,0,0,0,1,1,0,1,0,0,1,0,1,1,0,0,1,1,0,1,0,0,1,0,1,0,1,1,1,1,0,0,0,1,1,0,1,0,1,0,1,0,1,0,1,0,0,0,1,0,1
14,0,0,0,1,0,0,1,0,0,0,0,0,0,0,0,1,1,0,0,0,0,1,0,0,1,0,0,1,1,1,1,0,0,0,0,1,0,0,1,0,0,1,1,0,1,1,1,0,0,1,1,0,1,1,1,1,0,1,1,0,0,1,1,0,1,0,1,1,1,0,1,0,0,0,1,1,0,1,0,0,0,1,0,0,0,1,1,0,1,0,1,1,0,1,0,1,0,0,0,1
15,0,0,0,1,1,0,0,1,1,0,0,0,0,0,1,0,1,1,0,0,1,0,0,1,0,0,0,1,0,1,0,0,0,1,1,1,1,1,1,0,0,1,0,0,1,1,0,0,0,0,1,0,0,0,1,1,1,0,0,0,0,0,1,1,0,0,1,0,0,0,0,1,0,1,0,1,0,0,0,1,1,0,1,1,1,0,0,0,0,0,0,0,0,0,0,0,1,0,0,1
16,1,1,0,0,1,0,1,1,1,1,1,1,1,0,1,1,1,1,0,0,0,0,0,1,1,1,0,0,1,1,0,0,1,1,1,0,1,1,0,0,0,0,1,0,1,0,0,0,1,1,0,1,0,1,0,0,1,0,0,0,0,0,0,0,0,1,1,1,0,0,0,1,0,0,1,1,0,0,1,1,0,0,0,0,1,1,1,0,1,0,0,1,1,0,1,1,1,0,0,1
17,0,0,0,1,1,1,0,0,1,1,0,0,0,0,1,0,1,0,1,0,1,1,0,0,0,0,0,0,0,1,1,0,0,1,0,0,1,0,0,1,0,1,0,0,0,1,1,0,0,1,1,0,1,1,1,1,0,1,1,1,0,1,1,1,1,1,1,0,0,0,1,0,0,0,0,0,1,1,1,1,1,0,0,1,0,0,1,0,0,1,1,1,0,1,1,0,0,0,1,0
18,0,0,1,0,1,0,0,0,1,0,0,0,1,0,1,0,0,0,0,1,1,1,1,0,1,1,0,0,0,1,1,0,0,1,0,1,0,1,1,0,0,1,0,0,1,0,0,0,0,1,1,0,0,0,1,0,0,0,0,1,0,1,0,1,1,1,0,0,0,0,0,1,0,1,1,1,1,1,0,0,0,0,0,0,0,0,1,0,0,0,1,0,0,0,0,1,1,1,0,0
19,1,0,0,0,1,1,0,1,1,0,0,0,1,0,1,0,1,1,1,0,0,1,1,1,1,1,0,0,1,0,1,1,1,1,1,0,0,1,1,1,0,1,0,1,0,0,1,1,0,0,1,0,1,0,1,1,0,0,0,0,0,0,1,0,0,1,1,0,0,0,0,1,1,1,1,1,0,0,1,1,1,0,0,1,1,0,0,1,1,0,1,1,1,1,0,1,1,0,0,0
20,1,1,0,0,1,1,1,0,1,1,0,1,0,1,1,1,1,0,0,1,0,0,0,0,0,1,1,1,1,0,0,0,1,1,1,1,0,0,1,1,0,0,1,0,1,1,1,1,0,1,0,0,0,0,0,1,0,1,1,0,0,0,0,1,0,1,0,1,0,1,0,0,0,1,0,1,0,0,1,1,1,0,1,1,0,1,1,0,0,1,1,1,0,1,1,1,1,0,1,1
21,0,1,1,1,1,1,1,1,1,1,0,1,1,1,1,1,0,0,1,0,1,0,1,0,1,0,1,0,0,0,1,1,0,0,0,1,1,1,1,0,1,0,1,0,1,1,1,1,0,0,1,1,0,0,1,1,0,1,0,0,0,0,0,0,1,1,1,0,0,1,0,1,0,1,1,1,0,0,1,0,0,1,1,0,1,0,1,0,0,1,0,0,1,1,1,1,0,0,0,0
22,1,0,0,1,1,1,0,1,0,1,0,0,0,1,1,1,1,0,0,1,0,1,1,0,1,1,0,1,1,1,1,1,1,1,0,1,0,0,1,0,1,0,1,1,0,0,1,1,1,0,0,0,1,0,0,1,0,1,1,0,1,0,0,1,0,0,0,0,0,0,0,1,1,1,0,1,1,0,1,1,0,1,1,1,0,1,1,0,0,0,1,1,1,1,1,0,1,0,1,0
23,0,0,0,1,0,0,0,0,1,0,1,0,1,0,0,1,0,0,1,0,0,1,0,0,0,1,1,0,0,1,0,1,1,0,0,1,0,0,0,0,1,0,1,1,1,0,1,0,1,0,0,1,1,0,0,0,1,1,1,1,1,0,1,0,0,0,1,0,1,1,0,1,1,0,1,0,1,0,0,1,0,0,0,1,0,1,1,1,0,0,1,1,0,1,1,1,0,0,1,1
24,1,1,1,0,0,1,1,1,0,0,1,1,1,1,1,0,0,0,0,0,1,1,1,1,1,0,0,1,0,0,0,0,0,1,0,1,1,1,0,0,1,0,1,0,0,1,0,0,0,0,0,1,1,0,1,1,1,0,0,1,0,0,1,0,1,0,1,1,1,1,0,0,0,0,1,0,1,0,0,0,0,0,0,1,1,1,0,1,0,0,1,1,0,0,1,1,1,1,0,0
25,0,0,0,0,0,1,1,0,1,0,0,0,1,1,1,1,1,1,1,0,0,0,0,0,0,0,0,0,1,1,1,1,0,0,1,0,0,1,0,1,0,0,1,1,1,0,0,1,0,0,0,0,1,1,0,1,0,0,1,1,1,1,1,0,1,1,1,0,0,0,1,0,0,1,0,0,1,0,1,0,1,0,0,0,0,0,1,0,0,0,0,0,1,0,0,0,0,0,0,1
26,0,0,1,1,0,0,0,1,1,0,0,1,1,1,1,1,0,1,0,1,0,0,0,1,0,1,1,1,1,1,0,0,0,0,1,0,1,1,0,0,0,0,1,1,1,1,0,0,1,0,1,1,1,1,0,1,0,0,1,1,0,1,0,0,0,1,0,1,0,0,1,0,1,0,1,1,0,1,0,1,1,0,0,1,0,0,1,0,1,0,0,1,0,0,0,1,1,0,0,1
27,0,0,0,1,0,1,1,0,1,0,0,0,0,1,1,1,0,1,0,1,0,0,0,0,0,1,1,0,1,1,1,1,0,0,1,0,0,1,0,0,0,0,1,1,0,0,0,1,0,0,0,1,1,1,1,0,0,0,1,0,1,0,1,0,1,1,0,0,0,1,0,0,1,0,0,1,0,1,1,0,1,0,0,0,0,0,0,1,0,1,1,1,0,1,0,0,1,0,1,0
28,1,0,1,1,0,1,1,0,1,1,0,1,1,0,0,1,0,0,0,1,0,0,0,1,1,0,1,0,1,0,1,1,0,0,0,0,1,1,0,1,0,0,1,0,0,0,0,0,0,1,1,1,0,1,0,1,1,0,1,0,0,1,1,0,1,1,0,0,0,0,1,1,1,1,1,1,1,0,1,1,0,0,1,0,0,1,0,0,0,0,1,1,0,0,1,0,1,0,1,0
29,1,0,1,1,1,0,0,0,1,0,0,0,1,1,1,1,0,0,0,0,0,0,0,1,0,1,1,0,1,1,0,1,0,1,1,0,0,0,0,0,0,1,1,0,1,0,0,1,1,0,0,1,1,0,1,1,1,1,0,0,1,0,1,1,0,0,0,0,0,0,0,0,1,0,0,1,1,0,1,1,1,0,1,1,0,1,0,1,1,1,0,0,1,0,1,1,0,1,0,0
30,1,0,1,1,1,0,0,0,1,0,0,0,1,1,1,1,0,0,0,0,0,0,0,1,0,1,1,1,1,1,0,1,0,1,1,0,0,1,0,0,0,1,0,0,1,0,1,1,1,0,0,0,0,0,1,0,0,0,1,0,1,0,1,1,1,0,1,0,1,0,0,0,0,1,0,1,1,0,0,1,0,1,1,0,1,0,1,0,1,0,0,0,0,1,1,1,0,0,1,0
31,1,1,1,1,0,1,0,0,1,0,0,1,1,0,1,1,0,0,0,0,0,1,1,1,1,1,0,1,1,1,0,1,1,1,1,1,0,0,0,0,1,1,0,0,1,1,1,0,1,1,0,0,0,0,1,1,0,0,0,1,0,1,1,0,1,1,0,1,1,1,0,1,1,0,0,0,0,1,1,1,1,0,1,0,1,0,0,0,0,0,0,0,0,0,1,1,1,0,1,0
32,1,0,1,1,1,0,0,1,1,1,0,0,1,1,1,1,0,0,0,0,0,0,0,1,0,1,1,1,0,1,1,1,1,1,0,0,0,1,0,0,1,1,1,1,0,0,1,0,1,0,1,0,0,0,1,0,0,0,0,1,0,1,1,1,1,0,0,0,0,1,0,1,1,0,0,1,1,1,0,1,0,1,1,0,0,0,1,1,0,1,1,1,0,0,1,1,0,1,0,0
33,1,1,0,1,1,1,1,0,1,1,0,1,0,1,0,0,0,0,0,0,0,0,0,0,1,1,1,1,0,1,0,0,1,1,0,0,0,1,0,1,0,1,0,0,0,1,1,1,0,1,0,0,0,1,0,1,0,1,0,0,0,1,1,1,1,1,0,0,0,0,0,1,1,0,0,1,1,1,0,1,1,0,1,0,1,0,1,1,0,1,0,1,0,0,0,1,1,0,0,1
34,0,1,1,1,1,1,1,1,0,0,0,1,1,1,0,0,1,0,0,0,1,1,1,1,1,1,1,0,0,1,1,0,0,0,0,0,0,0,0,1,1,1,1,1,0,1,0,0,0,1,1,1,0,1,0,1,1,1,1,1,0,1,0,1,1,0,0,0,0,0,0,0,1,0,0,1,1,1,0,1,0,0,1,1,0,0,0,1,0,1,0,1,0,0,0,1,1,0,0,0
35,1,0,0,0,1,0,1,1,1,0,0,0,1,1,1,1,1,0,0,0,1,1,1,0,1,0,0,1,1,1,0,1,1,0,1,0,1,0,0,1,0,0,0,1,0,0,0,1,0,0,0,0,1,0,1,0,0,0,0,0,1,0,1,0,0,0,0,0,1,0,1,1,1,1,1,0,0,1,0,1,0,0,0,0,0,1,1,0,0,1,0,0,1,0,1,1,1,1,0,1
36,1,0,0,0,1,0,1,1,0,0,1,0,1,1,1,0,1,0,1,0,0,0,0,1,1,1,0,0,0,1,0,1,1,1,0,0,0,1,0,1,0,1,1,1,1,0,0,0,0,0,0,0,1,1,0,0,0,1,1,0,0,1,0,1,0,1,0,0,1,0,1,0,1,0,1,0,1,0,0,1,0,0,0,1,1,1,1,1,0,1,1,1,1,1,1,0,0,1,0,0
37,0,0,0,0,0,0,1,1,0,0,0,0,1,0,1,0,1,1,0,0,1,1,1,1,1,1,1,1,0,0,0,0,0,1,1,0,0,0,1,0,0,1,0,0,1,0,1,0,0,1,0,1,0,0,1,1,1,0,1,1,0,0,0,0,1,0,1,1,0,0,0,1,0,1,0,0,0,0,1,0,0,1,1,0,1,0,1,0,1,0,0,1,0,0,0,1,0,0,1,1
38,1,1,1,0,1,0,0,1,1,1,1,1,0,0,1,1,0,1,1,0,0,1,1,1,1,1,1,1,0,0,0,1,1,0,0,0,0,1,0,0,0,0,0,0,1,0,0,0,1,0,1,1,1,1,0,0,1,0,1,1,0,0,1,0,0,0,0,1,1,1,1,0,1,1,0,1,1,1,0,1,0,0,1,1,1,1,0,0,0,0,1,1,1,0,1,1,0,0,0,0
39,1,1,0,0,1,0,0,0,0,0,0,0,0,0,0,0,1,1,1,1,1,0,1,1,0,0,1,0,0,0,0,0,1,1,0,1,1,1,0,0,0,0,0,1,1,1,0,1,1,0,1,0,1,1,1,0,0,1,1,0,1,1,0,0,1,0,1,1,0,0,0,0,1,1,0,1,1,1,1,0,1,1,1,1,1,0,0,0,0,0,1,0,0,0,1,1,1,0,0,0
40,1,1,0,1,1,1,1,1,1,1,1,1,1,0,1,0,0,0,1,1,0,0,0,1,1,0,1,0,1,0,1,0,1,1,1,0,1,1,1,1,0,1,0,1,1,0,0,1,1,0,1,0,1,1,1,0,0,0,0,0,0,1,0,1,0,0,1,1,0,1,1,1,1,0,1,0,0,0,0,1,1,0,1,1,0,1,0,0,0,0,1,1,1,1,0,1,0,1,1,0
41,0,0,0,1,1,0,0,0,1,1,0,1,0,1,0,1,1,0,1,0,1,1,0,0,1,0,0,0,0,1,1,0,1,1,0,0,1,0,0,1,0,1,1,0,0,1,0,0,0,0,0,0,0,0,0,0,1,1,1,0,0,0,1,1,1,0,1,1,0,1,0,0,1,0,1,1,1,1,0,1,1,0,0,1,0,0,0,0,0,1,1,0,1,0,0,1,1,0,0,0
42,1,1,0,1,1,1,1,1,1,0,1,1,1,0,1,0,0,0,1,0,0,0,0,0,1,0,1,1,1,0,1,0,1,1,1,0,1,1,1,1,0,1,0,0,1,0,0,1,1,0,1,0,0,0,1,1,1,0,0,1,1,0,0,0,1,1,0,1,1,0,0,1,1,0,1,0,0,0,1,0,1,0,1,1,0,0,1,0,0,1,0,1,1,0,0,0,0,0,0,0
43,0,1,1,1,0,0,1,1,1,1,1,0,1,1,1,1,0,1,1,1,0,0,1,0,0,0,1,1,1,1,1,0,0,0,0,1,0,1,0,1,1,0,0,0,1,0,0,0,1,0,0,1,0,0,1,0,0,0,1,0,0,1,0,1,0,0,1,0,1,1,1,0,0,0,0,1,0,0,0,1,1,0,1,0,0,0,1,0,0,0,0,0,1,0,0,0,0,0,1,0
44,1,1,0,1,0,1,1,1,1,1,0,1,0,1,1,1,0,1,1,0,0,0,0,0,1,1,0,1,0,1,1,0,0,0,0,0,1,0,0,0,0,1,0,1,0,0,0,1,0,1,1,1,0,0,0,0,0,0,1,1,0,0,0,0,0,0,1,1,1,0,1,0,0,1,1,0,0,1,0,0,0,0,1,1,0,0,0,0,0,0,0,1,1,0,0,0,1,0,1,1
45,1,1,1,1,0,0,1,0,1,0,0,0,0,0,0,0,0,0,1,1,0,0,1,1,1,0,0,1,1,0,1,0,1,1,1,0,1,0,0,1,0,0,0,1,0,0,0,0,0,1,0,1,1,1,0,0,0,1,1,1,1,0,1,0,1,1,0,1,0,0,0,1,0,0,0,0,1,1,1,0,0,0,0,0,0,1,0,1,1,1,0,0,0,0,1,1,1,0,1,1
46,0,1,0,0,0,1,0,1,1,1,1,0,0,1,0,1,0,0,0,1,0,0,0,0,0,1,0,1,0,0,1,0,1,0,1,1,1,1,1,1,1,1,1,1,1,0,1,1,0,1,1,0,0,0,1,0,0,1,1,1,1,1,1,1,1,1,0,0,0,0,1,0,0,1,1,1,0,1,0,0,0,0,0,1,1,0,0,1,0,1,0,1,0,1,1,0,1,1,0,1
47,0,0,1,0,0,1,0,0,1,1,1,1,0,0,0,1,1,0,1,0,1,1,0,0,0,0,1,1,1,0,0,0,0,1,1,0,0,0,1,0,1,1,1,1,0,0,1,0,0,0,1,0,0,0,0,0,0,0,0,1,0,1,0,1,0,0,0,1,1,1,1,0,1,0,1,0,0,0,1,1,1,0,1,0,1,1,0,0,0,0,1,1,0,1,0,1,0,1,1,0
48,1,0,1,1,0,1,0,1,0,0,1,0,1,0,0,0,1,0,0,1,1,0,0,1,1,1,1,1,0,1,0,1,0,0,0,1,1,1,0,0,1,0,0,1,1,0,1,0,0,0,1,1,0,1,1,0,0,1,1,1,1,1,0,1,0,1,0,0,1,1,0,0,0,0,0,1,1,1,0,1,1,0,1,1,1,1,1,1,0,1,0,0,0,1,1,0,0,1,0,0
49,1,1,0,1,1,1,1,1,0,1,0,0,1,0,0,1,1,0,1,1,1,0,0,1,1,0,1,1,0,1,0,0,1,0,0,1,1,0,1,1,1,1,0,0,0,1,1,1,1,0,1,0,0,0,0,1,0,0,0,0,0,0,0,0,0,0,0,1,1,0,1,1,0,1,1,1,0,0,0,1,0,0,1,1,1,0,1,1,0,0,1,0,1,1,1,0,1,1,1,0
50,1,0,0,0,1,0,0,1,0,0,1,1,0,0,0,0,0,0,1,0,1,0,0,1,1,0,1,0,0,1,1,0,1,1,0,1,1,1,0,0,0,0,1,0,0,1,0,1,1,0,1,0,1,0,0,0,1,0,0,1,0,1,0,0,0,0,0,0,1,1,1,0,0,1,1,1,0,1,1,1,1,0,1,0,1,1,1,1,0,1,1,0,1,0,0,0,0,1,0,1
51,0,0,0,1,1,1,1,0,1,1,1,1,0,1,0,0,1,0,1,0,0,1,0,1,0,0,0,0,1,0,1,1,0,1,1,1,1,1,1,0,0,1,1,1,0,0,1,0,0,0,1,0,0,0,0,0,0,0,0,1,0,0,0,0,0,0,0,1,1,0,1,0,0,1,1,1,0,0,1,1,0,0,1,1,1,1,1,1,0,1,0,1,1,0,1,1,1,1,1,0
52,0,0,0,1,1,1,0,0,0,0,0,1,0,1,1,0,0,1,0,0,1,0,1,0,0,1,0,0,1,1,0,0,0,0,0,0,0,1,0,0,1,0,0,0,0,0,0,0,0,1,0,0,0,0,1,0,0,0,0,0,0,0,0,1,1,0,1,0,1,0,0,0,1,1,1,0,0,0,0,0,0,0,0,0,1,1,0,1,0,1,1,0,0,0,0,0,1,0,1,0
53,0,1,1,1,0,0,0,0,0,1,0,1,1,0,0,0,0,1,1,0,0,0,1,1,1,1,0,1,0,1,0,1,0,1,1,1,1,0,0,1,1,1,1,0,0,1,1,1,1,1,1,1,0,0,1,0,0,1,0,0,0,0,0,0,0,1,0,0,1,0,0,1,0,1,0,0,1,0,0,1,1,0,1,1,0,1,1,1,0,0,0,0,1,0,0,1,0,1,1,0
54,0,0,0,0,1,1,0,1,0,0,1,1,0,0,1,0,0,1,1,0,0,0,1,0,0,0,1,1,1,0,0,0,1,0,0,0,0,1,0,0,1,0,0,0,0,0,0,0,1,0,0,0,1,1,1,0,0,0,1,0,0,1,1,1,1,0,0,1,0,1,1,0,0,0,1,0,0,0,0,1,0,0,1,1,1,1,1,0,1,1,0,1,1,1,1,1,0,1,1,1
55,0,1,1,0,1,0,1,0,1,1,1,1,0,0,0,1,0,0,0,1,1,1,0,0,0,1,1,1,1,1,1,0,0,0,0,1,0,0,0,1,1,1,0,0,1,1,1,1,0,1,0,0,0,0,1,0,0,0,0,1,0,0,0,0,0,0,0,1,1,0,1,1,0,0,1,1,1,1,0,1,0,0,0,1,0,1,1,0,0,1,0,0,1,1,0,0,0,0,1,1
56,1,0,1,1,0,0,1,1,0,1,0,0,0,0,0,0,0,1,0,1,0,0,0,0,0,0,1,0,0,1,0,1,1,1,1,1,0,0,1,1,1,1,1,0,1,1,1,1,1,1,1,1,1,1,0,0,0,0,1,1,0,1,0,1,1,0,0,0,1,0,0,1,1,0,1,1,0,1,1,1,0,1,0,1,0,1,1,1,1,1,0,1,1,1,1,1,0,1,1,1
57,1,1,1,1,0,1,1,1,1,1,0,1,0,0,0,0,0,1,1,0,1,0,1,0,1,0,0,0,1,1,0,0,0,0,1,1,1,0,0,1,1,0,1,0,0,0,0,0,1,1,1,0,0,0,1,0,0,0,0,1,0,0,0,0,0,0,1,1,1,1,1,0,0,0,1,1,1,1,1,0,0,0,0,0,0,0,1,0,0,1,1,0,0,1,1,1,1,1,0,1
58,1,1,0,1,0,1,1,1,1,1,0,1,0,0,0,0,0,1,1,0,1,0,0,0,1,0,0,0,1,1,0,0,0,0,1,1,1,0,0,1,1,0,1,0,0,0,0,0,1,1,1,0,0,1,1,1,0,1,0,0,1,1,1,1,0,0,0,0,0,0,1,1,1,0,0,0,0,0,1,1,0,0,1,1,1,0,0,0,0,0,1,0,1,1,0,0,0,0,0,0
59,0,0,1,0,1,0,0,1,1,1,0,1,1,1,0,1,0,1,0,0,1,1,1,0,0,0,1,0,1,1,0,1,0,0,1,1,0,0,1,0,1,1,1,1,1,0,0,1,1,0,1,0,0,0,1,1,0,1,1,1,0,0,1,1,0,1,1,1,1,0,0,0,1,0,1,1,1,0,1,1,1,1,0,1,1,1,1,0,1,0,0,0,0,1,1,1,1,0,0,0
60,0,0,0,1,0,1,1,1,0,0,0,0,0,1,0,1,0,1,1,1,0,0,0,0,1,1,1,1,1,1,0,0,0,1,1,0,1,1,1,0,0,0,0,1,0,1,0,0,1,0,0,1,0,1,1,1,1,1,0,0,1,1,1,0,0,0,0,1,0,0,0,0,1,0,1,0,1,1,0,0,0,1,1,1,1,0,0,1,0,1,0,1,0,0,1,0,0,1,1,0
61,0,0,0,0,1,1,0,1,0,1,0,0,1,0,1,0,0,1,0,0,1,0,1,0,0,0,1,1,0,0,0,1,1,1,0,1,1,1,1,1,0,1,0,0,1,1,0,0,1,0,0,0,0,0,1,1,1,0,1,0,0,0,0,0,1,0,0,1,0,1,1,0,0,0,0,1,0,1,1,0,1,0,0,1,1,0,1,0,0,0,0,0,1,0,0,1,0,1,1,0
62,0,0,1,1,1,1,1,0,1,0,0,1,1,0,0,1,0,1,0,0,1,1,0,0,1,1,0,0,1,1,0,0,0,1,0,0,0,0,0,1,0,0,1,1,0,1,1,0,0,0,1,1,0,1,0,1,0,1,0,0,0,0,0,1,0,0,0,0,1,0,0,0,0,1,0,1,1,1,0,1,0,0,1,0,0,0,1,0,0,1,1,0,0,1,0,0,1,0,1,1
63,1,0,0,1,1,0,0,0,0,1,0,0,1,0,1,0,1,0,1,1,1,0,1,1,0,0,1,0,0,0,1,0,0,0,0,1,1,1,1,1,1,1,0,0,0,1,0,1,1,1,1,0,1,0,1,1,1,0,0,1,1,0,0,0,1,1,0,0,0,0,1,0,0,1,0,1,1,1,1,0,1,0,1,0,1,1,1,0,0,1,0,0,0,0,1,0,0,0,0,1
64,1,0,1,0,1,1,1,0,0,1,1,0,0,0,1,1,0,0,0,1,1,1,0,1,0,1,0,1,1,1,1,0,0,0,1,1,0,0,0,1,0,0,1,0,1,0,1,0,0,1,0,1,1,1,1,1,0,0,1,1,1,0,1,0,0,1,0,1,1,0,1,0,1,0,0,1,0,0,1,0,1,0,0,0,0,0,1,0,0,1,0,0,1,1,0,0,1,0,1,0
65,1,0,1,1,0,1,1,0,1,1,0,0,0,1,0,0,1,1,0,1,0,0,0,0,1,0,0,1,0,1,0,0,0,1,0,0,0,0,1,0,0,0,0,0,1,0,0,1,1,0,0,0,0,1,1,1,0,0,0,0,1,1,1,0,0,0,0,1,0,1,1,1,0,1,1,1,1,0,1,0,0,1,0,0,0,1,0,0,0,1,0,1,1,1,0,1,1,1,1,1
66,0,1,0,0,0,0,0,1,1,0,0,0,0,0,0,0,1,0,1,0,1,1,0,0,0,0,0,0,0,1,0,1,0,0,1,0,1,0,0,1,0,0,1,0,1,1,1,1,1,0,0,0,0,0,1,1,1,0,0,1,1,1,1,0,0,0,0,1,0,1,1,1,0,1,1,1,1,0,1,0,0,1,1,0,0,0,0,0,1,1,0,1,1,1,0,1,0,0,0,1
67,1,0,1,1,1,0,1,1,0,1,1,1,1,0,1,1,1,0,1,0,0,1,1,0,0,1,1,0,0,1,0,0,0,1,1,1,0,0,1,0,1,1,0,0,0,0,0,0,1,1,1,0,1,0,0,0,0,0,1,0,1,0,1,0,1,1,1,1,0,0,0,1,1,1,0,1,0,1,1,0,0,0,1,0,0,0,1,0,0,1,1,1,1,1,0,1,0,0,1,1
68,1,0,0,0,1,1,1,0,1,1,0,1,1,0,0,0,1,0,1,0,1,0,1,1,1,1,1,0,1,0,1,1,0,0,0,1,1,1,1,0,1,0,1,0,0,1,0,0,0,1,1,0,1,1,1,0,1,1,1,1,1,1,1,0,1,1,0,1,1,0,1,0,0,0,1,0,1,1,0,0,1,0,0,1,1,0,1,0,1,1,1,0,0,1,0,0,0,1,1,1
69,0,0,0,0,0,1,0,0,0,0,0,0,1,0,0,1,0,1,0,1,0,1,0,1,1,0,0,1,1,0,0,0,1,0,0,1,1,1,0,0,1,0,1,0,1,1,0,0,0,1,0,1,0,0,0,1,0,0,1,1,1,1,1,0,0,1,0,0,0,1,0,0,1,0,1,0,0,0,0,1,1,1,1,1,0,1,1,0,1,0,1,1,1,1,0,1,0,0,0,0
70,1,0,0,1,0,1,1,1,0,1,0,1,1,0,0,1,1,1,1,1,0,0,0,1,1,0,1,0,1,1,0,1,1,1,0,1,0,1,1,0,0,1,1,1,1,0,0,0,1,0,1,1,1,0,1,1,0,0,1,0,0,0,0,0,1,1,1,1,0,0,1,0,0,1,0,1,0,0,1,0,0,0,0,0,0,0,1,0,0,0,1,0,1,0,1,0,1,0,1,1
71,1,1,1,1,0,0,0,0,0,0,0,1,1,1,1,0,0,1,0,1,0,0,1,1,0,1,1,0,1,0,0,0,0,0,0,0,0,0,1,0,1,0,0,0,0,1,1,0,1,1,1,0,1,0,0,1,1,1,0,1,0,0,1,0,0,1,1,1,1,1,1,0,0,0,1,1,0,0,1,0,0,1,1,1,0,1,0,1,0,0,0,1,0,1,0,1,0,0,1,0
72,1,0,1,0,0,0,1,1,0,1,0,0,1,0,1,1,1,1,1,1,1,0,1,0,1,1,0,1,1,1,0,1,1,1,0,1,0,1,0,0,0,1,1,1,0,1,0,0,1,0,1,1,1,1,0,0,0,1,0,1,0,1,0,0,0,0,1,0,1,1,1,1,0,1,1,0,0,0,0,1,1,0,0,0,0,0,0,1,0,1,1,0,1,0,0,1,1,0,1,0
73,0,0,0,1,0,0,1,1,0,0,1,1,1,0,0,1,0,0,1,1,1,0,0,1,1,1,1,0,1,1,0,1,1,1,0,1,1,1,1,0,0,1,0,1,0,1,0,0,0,1,0,0,1,1,0,1,1,1,0,1,0,1,0,0,1,1,1,1,1,0,1,1,0,1,0,0,1,1,0,1,0,1,0,1,0,0,0,0,0,1,0,0,1,1,0,1,0,1,0,1
74,1,1,0,1,1,0,1,1,1,1,1,1,0,0,1,0,1,1,1,1,1,1,0,0,1,1,1,0,0,0,0,0,1,1,1,1,0,0,1,1,0,0,1,1,1,0,0,0,1,0,1,0,1,1,0,1,0,1,0,1,0,1,1,0,0,1,1,1,1,1,1,0,0,0,0,1,0,1,1,1,1,0,0,1,0,0,0,0,0,1,1,0,1,0,1,1,0,0,0,0
75,1,0,1,1,1,0,0,0,0,1,0,1,1,1,1,0,0,0,0,1,1,1,0,0,1,0,1,1,1,0,1,0,0,0,1,1,0,1,0,0,0,1,0,0,0,1,1,1,1,1,0,0,1,0,0,1,1,1,0,1,0,1,1,0,1,1,0,1,0,1,1,1,1,0,1,1,0,0,0,0,1,0,1,1,0,1,0,1,0,0,0,0,0,1,1,0,0,1,0,0
76,1,0,0,1,0,0,0,0,0,0,1,1,1,1,0,0,1,1,0,0,0,0,0,1,1,1,0,0,0,1,0,0,0,0,1,1,1,0,1,0,1,0,0,1,0,1,0,0,0,1,0,0,1,0,1,0,0,0,0,1,0,1,0,0,1,0,0,1,0,1,1,1,0,1,0,0,1,1,0,0,1,0,0,0,1,1,1,1,0,1,1,1,0,0,1,0,1,0,0,1
77,0,0,1,1,1,0,0,1,0,1,0,1,0,0,1,0,0,1,0,0,1,1,1,0,1,1,0,1,0,0,0,0,0,0,1,1,0,1,1,1,1,0,1,1,0,1,0,0,0,0,0,0,1,1,1,1,1,0,0,1,0,1,0,1,1,0,0,1,0,0,1,1,0,0,0,1,1,1,0,0,0,0,0,0,1,1,0,1,0,0,1,1,0,0,0,1,0,0,0,0
78,0,0,0,0,1,0,0,1,1,0,1,1,1,0,0,0,0,1,1,0,1,0,1,1,0,0,0,1,1,0,1,0,1,0,1,1,0,1,0,0,0,0,1,1,1,1,1,1,1,1,1,1,1,1,1,0,0,0,0,0,1,0,1,0,1,1,0,1,1,1,0,1,1,0,0,0,0,1,1,1,0,1,1,0,0,0,1,0,0,1,1,0,1,1,0,0,1,0,0,0
79,1,0,0,1,0,1,0,0,1,0,0,1,0,0,1,1,0,1,0,1,0,0,0,0,1,1,1,1,0,0,0,1,1,1,0,1,1,1,0,0,1,1,1,1,0,0,1,0,1,0,0,1,0,0,1,0,0,0,1,1,1,0,0,1,1,0,1,0,0,1,1,1,1,1,0,0,0,1,0,0,1,1,1,1,0,1,1,0,1,0,0,0,1,0,0,1,0,0,0,1
80,1,1,0,1,1,0,1,0,1,1,1,1,0,0,0,0,1,1,0,0,0,1,0,1,1,0,1,0,0,0,1,0,1,1,1,1,1,0,1,1,1,1,1,1,0,1,0,0,0,0,1,0,1,0,0,0,1,0,0,0,0,0,0,0,0,1,1,0,0,1,1,1,0,1,1,1,0,1,1,0,1,0,1,0,0,1,0,1,1,1,0,1,0,0,0,1,0,1,0,0
81,0,1,0,0,0,0,0,1,0,0,1,0,1,1,0,0,1,0,0,1,0,1,1,1,0,0,0,1,1,0,0,0,0,0,0,0,1,0,1,0,0,0,1,1,0,0,0,1,0,0,0,1,0,1,1,0,0,0,1,0,1,0,1,1,0,0,0,0,1,1,1,1,0,1,0,0,1,0,0,0,0,1,0,0,1,0,0,0,1,0,1,0,1,1,1,0,0,0,1,0
82,1,0,1,1,1,1,0,1,0,0,1,0,1,1,1,0,0,0,0,0,0,0,0,1,1,1,1,0,1,0,0,1,1,1,0,0,1,0,1,0,1,0,0,1,1,1,0,1,0,0,1,0,1,1,1,0,0,1,0,0,1,0,0,0,0,1,1,0,0,0,0,1,1,0,1,1,0,1,1,0,0,1,1,1,0,1,1,0,1,0,0,0,1,1,0,1,0,0,0,0
83,1,1,1,1,1,0,1,1,0,1,0,1,1,0,0,0,1,0,0,0,1,0,1,1,0,1,0,1,0,0,0,1,0,1,1,0,1,1,1,0,1,1,0,1,0,1,0,0,1,1,1,0,1,1,0,0,0,0,1,0,1,0,0,0,1,0,1,0,1,0,1,1,0,0,1,1,0,1,0,0,0,0,1,0,0,1,0,0,0,0,0,0,1,0,0,1,0,0,0,0
84,1,1,1,0,0,0,0,1,0,1,0,0,0,1,0,0,1,1,0,0,1,0,1,0,1,0,0,0,0,0,1,1,1,1,1,1,1,1,0,1,0,1,1,0,0,0,1,0,0,1,1,0,1,1,1,1,0,1,0,1,0,1,1,1,1,0,0,1,0,1,1,0,1,1,0,1,1,1,0,0,1,1,0,1,0,0,0,0,1,0,0,1,0,1,1,1,1,0,1,0
85,1,0,1,1,0,0,0,1,1,1,1,1,1,0,1,0,1,0,1,1,1,1,0,0,1,0,0,1,0,1,1,1,1,1,0,1,0,0,1,0,1,1,1,1,0,1,1,0,1,0,0,1,0,0,0,1,0,0,0,0,0,0,0,0,1,1,1,1,1,1,1,1,0,1,1,1,0,1,1,1,0,0,1,0,0,0,1,1,1,0,0,0,1,0,0,0,1,0,0,1
86,0,1,0,0,1,1,0,1,1,0,1,0,0,1,0,0,0,1,1,1,0,1,0,1,0,0,0,0,1,0,0,0,0,0,0,0,1,0,1,1,1,0,1,1,1,1,0,1,0,1,0,0,1,1,0,0,0,1,0,1,1,0,1,1,1,0,0,0,1,0,0,0,1,1,0,0,1,1,0,1,1,1,0,1,0,0,1,1,1,0,0,0,0,1,1,0,0,0,1,0
87,0,1,0,0,1,1,0,1,1,1,1,0,0,1,0,0,0,1,0,1,0,1,1,1,0,0,0,1,1,0,0,0,0,0,0,1,1,0,1,0,1,0,0,1,1,0,0,1,0,1,0,1,0,0,0,1,1,1,1,1,0,1,0,0,0,1,0,1,0,1,1,0,0,0,0,0,0,1,1,0,1,1,1,0,1,0,1,1,1,1,1,0,0,0,1,0,0,0,1,0
88,0,0,1,1,1,1,0,1,0,0,0,0,0,1,1,0,0,0,1,1,0,0,1,1,0,1,1,1,1,0,1,1,0,0,0,1,1,0,0,0,1,0,1,0,1,1,0,1,0,0,1,1,1,0,1,1,0,0,0,0,0,0,0,0,0,1,0,0,1,1,0,0,1,0,1,1,0,0,0,1,1,1,0,0,1,0,1,0,0,0,1,0,0,0,0,1,0,1,0,0
89,0,1,0,0,1,0,1,0,1,0,0,1,0,1,1,0,0,1,1,1,1,1,0,0,0,0,0,1,0,0,0,0,0,1,0,0,1,0,0,1,0,0,0,1,1,1,0,1,0,1,0,0,0,0,1,1,0,1,1,0,1,0,1,1,0,1,0,1,0,1,1,0,0,0,0,0,0,0,1,0,0,0,0,0,0,0,0,0,0,0,1,0,0,0,1,1,0,1,0,1
90,0,1,0,0,1,0,0,1,1,0,1,1,1,0,1,0,1,0,1,1,0,1,1,1,0,0,0,1,0,1,0,0,0,0,0,1,0,0,0,1,1,0,1,1,1,0,0,1,0,0,0,1,0,0,1,0,0,1,0,0,1,0,0,1,1,1,0,1,1,1,0,1,0,1,1,1,1,0,0,1,0,1,0,0,1,1,1,0,1,0,1,0,1,0,1,0,1,0,0,0
91,0,1,0,0,0,0,1,1,1,0,0,1,0,1,1,0,0,1,1,1,1,1,0,0,1,0,0,1,0,0,0,0,0,1,0,0,0,0,1,0,0,0,0,1,1,1,0,1,1,0,1,1,0,0,0,1,1,1,1,1,0,0,0,1,1,0,0,1,1,0,1,0,0,0,1,1,1,0,1,0,0,0,1,1,1,0,0,1,1,0,0,1,1,0,0,0,0,1,1,1
92,1,0,0,0,0,1,0,1,1,0,1,1,0,0,1,0,1,0,1,0,0,0,1,1,1,1,0,0,1,1,1,0,1,1,1,0,1,0,0,0,0,1,1,0,0,1,0,0,1,1,0,0,1,0,1,0,0,0,1,0,1,1,1,1,0,1,0,1,0,0,0,0,0,0,0,1,0,0,0,0,1,1,0,0,0,1,1,1,0,1,0,1,1,1,1,0,0,1,1,0
93,0,1,0,0,0,0,1,1,1,0,0,1,1,1,1,0,0,1,1,1,1,1,0,1,1,0,0,0,0,0,0,1,0,0,0,1,0,0,1,0,0,1,0,1,1,1,1,1,0,0,1,0,0,0,0,1,0,1,1,0,1,1,1,0,1,0,1,0,1,0,0,0,1,1,1,1,0,0,1,1,1,0,1,1,1,0,1,0,0,0,0,1,1,0,0,0,0,0,1,1
94,0,0,0,0,1,0,0,1,0,0,1,0,1,1,1,0,0,1,1,1,0,1,0,0,0,1,1,1,0,1,1,0,0,0,1,0,1,0,1,1,0,0,1,0,0,0,0,0,0,1,0,1,0,0,0,0,0,1,0,0,1,0,0,0,0,0,0,1,1,0,0,0,1,0,1,1,0,0,1,1,0,0,0,0,1,0,0,1,1,0,0,1,1,0,0,0,0,1,1,1
95,0,0,0,0,0,1,1,1,1,0,0,1,1,1,0,1,0,1,1,1,1,1,0,1,1,0,0,0,0,0,0,1,0,1,1,1,0,0,1,1,0,0,0,1,1,0,1,1,0,0,1,1,0,0,1,0,0,1,1,0,1,1,1,0,1,0,1,1,1,0,1,1,1,1,1,1,0,0,1,0,0,0,0,0,0,0,0,1,0,1,1,0,1,1,1,0,0,1,0,0
96,1,0,0,0,0,1,0,1,0,0,1,0,1,0,1,0,1,1,1,0,1,0,1,1,1,1,0,1,1,1,0,0,0,1,1,0,1,1,0,0,1,0,1,1,0,0,0,1,1,1,1,1,1,0,0,0,1,1,0,1,0,1,0,0,1,0,1,0,1,1,1,1,0,0,0,1,0,0,1,0,0,0,1,1,0,0,0,1,0,0,1,1,0,1,1,0,0,1,0,0
97,0,0,0,0,0,1,1,0,1,1,0,1,1,0,1,1,1,0,1,1,1,0,0,1,1,1,0,0,1,0,1,0,0,0,1,1,0,1,1,1,0,1,0,1,0,1,1,0,1,1,1,0,1,1,1,0,0,1,0,1,0,1,0,0,0,1,1,0,0,0,0,1,0,1,1,1,1,1,1,1,0,1,1,0,0,0,1,1,1,0,0,1,0,0,0,0,1,0,0,1
98,1,1,1,0,0,1,1,0,0,1,0,1,0,1,0,0,0,1,0,0,1,1,0,0,0,0,1,0,1,1,1,0,1,0,0,1,1,1,0,1,0,1,0,1,1,0,1,0,1,1,1,0,1,0,0,1,0,1,1,0,1,0,0,1,1,0,1,0,1,0,0,0,1,1,1,0,0,0,1,0,0,1,1,1,1,0,0,0,0,0,0,0,1,1,0,1,0,1,1,1
99,0,0,1,0,0,0,0,1,0,0,1,0,0,0,0,0,0,0,0,0,1,1,1,0,1,1,1,1,0,0,1,1,1,0,1,0,1,1,0,0,1,0,0,1,1,1,1,1,0,0,1,0,1,0,1,0,0,1,0,1,1,0,0,1,1,0,0,0,0,0,0,0,0,0,0,1,0,1,1,1,1,0,0,0,1,0,1,0,0,0,1,0,0,1,1,1,1,1,0,1
100,0,0,1,1,0,0,0,1,1,0,0,1,0,0,0,1,1,0,0,0,0,0,1,0,0,1,0,1,1,1,0,0,0,1,1,0,1,1,1,0,1,1,1,1,0,0,0,1,1,0,1,0,1,1,1,0,0,0,0,1,0,1,1,0,0,0,0,1,0,0,0,0,0,1,1,0,1,1,0,1,0,0,1,1,0,0,0,0,1,1,1,0,0,0,0,1,0,1,0,0
101,1,0,1,1,0,0,1,0,1,0,0,0,0,0,1,0,1,1,0,1,0,0,0,0,1,1,0,1,1,1,0,0,1,1,1,1,1,0,0,1,1,0,1,0,0,1,1,1,0,1,0,0,1,0,0,0,0,1,1,1,0,1,0,1,0,0,0,0,1,0,0,0,1,1,1,1,0,0,0,0,0,1,0,0,1,0,0,1,1,0,1,0,0,1,1,1,0,1,1,0
102,0,1,0,0,0,1,0,0,0,0,1,1,1,0,0,1,0,0,0,1,1,0,1,0,0,1,1,1,1,1,1,0,1,0,1,0,1,1,0,1,1,0,0,1,1,1,0,1,0,0,0,0,0,0,1,0,0,1,1,0,0,1,0,0,0,1,1,0,0,0,0,1,1,0,0,0,0,0,0,0,0,1,0,1,0,1,1,0,1,0,1,1,0,1,0,0,0,1,0,0
103,1,1,0,1,1,1,0,0,0,1,0,1,1,1,0,0,0,1,0,1,1,1,0,0,0,0,1,1,1,0,1,0,0,0,0,0,0,1,0,1,0,1,0,0,1,0,1,0,1,1,1,0,0,1,0,0,0,1,0,1,1,1,1,0,1,0,1,1,1,0,1,1,0,0,1,0,1,1,0,1,1,1,0,0,1,1,1,0,1,1,0,1,1,0,0,0,1,0,0,1
104,1,1,1,1,0,0,0,0,0,1,1,1,1,1,0,0,0,1,0,0,1,1,0,0,0,0,1,1,1,1,1,0,0,0,0,1,0,1,0,0,0,1,1,1,1,0,0,1,1,0,1,1,1,0,0,0,0,1,1,1,0,1,1,1,1,0,1,1,1,0,1,0,0,0,1,1,0,1,0,1,1,1,1,0,1,1,1,1,1,0,0,0,1,0,0,1,0,1,0,0
105,1,1,0,1,1,0,0,0,1,0,0,1,0,1,0,1,0,0,1,0,0,0,1,0,0,1,0,1,1,1,0,0,0,1,0,0,0,0,1,1,0,1,0,0,0,1,1,1,0,0,1,1,0,0,0,0,0,0,1,1,1,1,0,0,1,0,0,0,1,1,1,1,0,1,0,0,0,1,1,1,1,1,0,1,1,1,1,1,0,1,1,1,0,1,0,0,1,1,1,0
106,0,1,0,0,0,1,0,1,0,1,0,1,0,0,1,1,0,0,0,1,1,0,1,0,1,1,1,1,1,1,1,0,1,0,0,0,1,0,0,0,1,1,1,1,0,1,0,0,1,0,0,0,0,0,0,0,1,1,1,1,1,1,0,0,1,0,0,1,1,1,0,0,1,0,1,1,0,0,1,0,0,1,0,0,0,0,0,0,1,1,1,1,1,1,0,1,0,1,1,0
107,1,0,1,0,0,1,0,0,0,0,1,0,0,0,0,1,0,1,1,1,1,1,1,1,1,1,0,0,1,0,1,0,0,0,1,1,0,0,1,1,1,0,1,1,0,0,0,0,1,0,1,1,1,0,1,1,1,0,1,0,1,1,1,0,1,0,0,0,1,0,0,0,1,0,0,0,0,0,1,0,1,0,0,0,1,0,0,0,1,1,1,1,1,0,1,1,1,0,1,0
108,0,1,0,1,0,1,0,1,0,0,0,0,1,1,0,1,1,1,0,1,0,0,0,1,1,1,0,0,1,0,0,0,1,0,1,0,0,0,0,1,0,0,1,0,0,0,0,1,0,0,1,0,1,1,0,1,1,1,0,1,1,1,0,1,1,1,0,0,0,1,0,1,1,0,0,1,1,1,0,1,0,1,0,0,1,0,1,0,1,1,0,0,1,0,1,1,0,0,0,0
109,1,0,1,1,0,0,1,0,1,0,0,1,1,1,1,0,0,1,1,1,1,1,1,1,0,1,0,0,0,1,0,0,1,1,0,0,0,0,0,1,1,0,0,1,0,0,0,0,1,0,1,1,1,1,1,0,1,1,0,1,1,0,0,1,1,0,0,0,0,1,1,0,1,0,0,0,0,1,0,0,0,1,1,0,0,0,1,1,1,0,0,1,1,1,1,0,1,0,0,0
110,1,1,0,0,0,1,0,0,0,0,1,0,0,0,1,1,0,1,1,0,1,0,1,1,1,1,1,0,1,1,1,0,0,0,1,0,0,0,0,0,1,1,1,0,0,1,0,1,0,1,1,0,1,0,0,0,0,1,1,0,0,1,0,0,1,0,0,0,1,0,0,1,0,1,1,0,0,1,0,1,1,1,1,0,0,0,0,1,0,0,0,1,1,1,0,0,1,0,1,1
111,1,0,0,1,1,0,1,0,1,0,0,0,0,0,1,0,0,0,0,0,0,1,1,1,1,1,0,0,0,1,1,0,0,1,1,0,1,0,1,1,0,0,0,0,0,1,0,1,1,0,1,1,1,1,1,0,0,1,0,1,1,1,0,0,1,0,0,0,0,0,1,1,1,0,1,0,1,1,0,0,0,1,1,1,1,1,1,1,1,0,1,0,1,1,1,0,0,0,0,0
112,0,0,1,1,0,1,1,0,1,1,1,1,0,0,0,0,0,1,1,0,0,1,0,0,0,1,1,1,0,0,1,0,1,1,0,0,1,0,0,0,0,0,1,0,1,1,1,1,0,0,0,1,0,0,1,1,0,1,0,0,1,1,0,0,1,0,0,0,1,1,0,0,1,1,1,1,0,0,0,0,0,1,0,0,1,0,0,1,0,1,0,1,0,0,0,1,1,1,0,0
113,0,0,0,1,1,1,0,0,1,0,1,1,1,1,0,0,0,1,1,0,1,1,1,0,1,0,1,0,1,0,0,1,1,1,1,0,1,1,1,1,1,0,0,0,1,0,1,0,0,0,0,1,0,0,1,1,1,0,0,1,1,1,0,0,0,1,1,1,1,0,0,0,0,1,0,1,1,1,1,0,1,0,1,1,0,1,1,1,0,1,0,0,1,0,0,0,0,0,0,0
114,1,1,0,1,0,0,0,1,0,0,0,1,0,1,0,1,0,0,1,1,1,0,0,1,0,1,1,0,0,0,1,1,0,1,1,0,0,1,1,0,0,1,1,0,0,0,0,0,1,1,0,1,0,1,0,0,0,1,1,0,0,0,0,1,1,1,0,0,1,0,0,1,1,0,0,1,0,0,0,1,1,1,1,1,1,0,1,1,0,1,0,1,0,0,1,1,0,0,0,0
115,0,0,0,1,0,0,0,1,0,0,0,0,0,0,1,1,1,0,0,0,0,0,0,1,1,1,0,1,1,1,0,1,1,1,1,1,1,1,0,1,1,1,1,0,0,1,1,1,0,1,0,1,1,0,1,1,1,0,1,1,1,0,0,1,1,1,0,0,1,1,1,0,1,1,0,0,1,0,1,1,1,0,0,0,1,0,0,0,0,1,1,0,0,0,0,0,0,1,1,0
116,1,1,1,1,0,0,0,0,1,0,0,1,0,0,1,1,0,0,1,0,0,0,0,0,1,0,1,0,1,1,0,0,1,1,1,1,1,1,0,0,0,1,0,0,0,0,0,0,0,1,0,1,1,0,1,1,1,0,0,1,0,0,1,0,1,1,0,0,0,1,1,0,0,1,0,1,1,0,1,1,1,0,1,0,0,1,1,0,1,0,0,1,1,1,0,1,0,1,0,0
117,0,0,0,1,1,0,1,1,1,0,1,1,0,0,0,0,0,1,1,0,0,0,0,1,1,1,0,0,0,1,0,1,0,1,1,1,0,0,0,1,1,1,0,1,0,1,1,0,1,0,0,0,1,0,0,1,1,0,1,1,1,1,1,1,0,1,1,1,1,0,0,0,1,1,0,0,0,1,0,0,0,1,0,0,0,0,1,1,0,1,0,0,1,0,1,1,0,1,0,0
118,0,0,1,1,1,0,1,1,1,0,0,0,0,0,0,0,1,1,0,0,0,1,0,1,1,0,0,0,0,1,1,1,0,0,1,1,1,1,0,0,1,1,0,1,1,1,1,0,0,1,1,0,0,1,1,1,0,1,1,0,0,1,1,0,0,1,1,1,0,1,1,0,0,0,0,0,0,0,1,0,0,1,1,1,0,1,0,1,0,0,1,1,1,1,1,1,0,0,1,0
119,0,0,1,1,0,1,0,1,1,1,0,1,1,1,0,1,1,1,0,1,0,0,0,1,0,1,0,0,1,0,1,1,0,1,1,0,0,1,0,1,1,0,1,1,0,0,0,0,1,0,1,0,1,1,0,0,0,1,0,1,0,0,1,0,0,1,0,1,0,1,0,0,0,1,0,1,0,0,0,0,1,1,1,0,0,0,0,1,0,0,1,0,0,0,0,1,0,0,0,0
120,0,1,1,0,1,1,1,0,0,0,0,0,0,0,0,0,0,1,1,1,1,1,1,0,0,1,1,1,1,1,1,0,0,0,0,1,1,0,0,0,0,1,1,0,1,1,0,1,0,1,1,1,1,1,0,0,0,0,0,1,0,0,1,0,0,1,0,1,0,0,1,0,0,0,0,1,1,0,1,1,1,0,0,0,0,0,1,0,0,0,0,0,0,0,1,1,0,0,0,0
121,0,0,1,1,1,1,0,1,0,0,0,0,1,1,0,1,0,1,0,1,0,0,0,1,1,1,1,0,1,1,1,0,1,0,0,0,0,0,0,0,1,1,1,0,0,1,1,0,0,0,1,0,1,1,0,1,1,0,0,0,0,1,1,0,1,0,1,0,0,0,0,0,1,0,1,0,0,0,0,1,0,1,0,1,0,0,0,0,0,0,0,0,1,1,0,0,1,0,1,1
122,1,0,1,0,0,0,1,1,1,0,1,0,1,0,0,1,0,0,0,1,1,0,1,0,0,1,1,0,0,1,0,1,1,1,0,1,1,0,1,0,0,0,0,0,1,1,0,1,0,1,0,1,0,1,0,0,1,0,0,1,0,1,1,0,1,1,0,1,0,1,0,0,1,1,0,1,1,1,1,1,1,1,1,1,0,0,1,0,0,0,0,0,1,0,1,1,0,0,0,1
123,0,1,0,1,0,0,1,1,1,1,1,1,0,1,0,0,1,0,1,0,0,1,1,0,1,1,1,0,0,1,0,0,0,1,0,0,0,0,0,0,1,1,1,1,0,0,0,0,0,0,0,1,0,1,0,0,0,1,0,0,0,0,1,0,0,1,1,1,0,1,1,0,0,1,0,1,0,0,0,1,1,0,1,0,0,1,1,1,0,0,0,0,1,0,0,1,1,0,0,0
124,0,1,0,1,0,1,1,1,1,1,0,1,0,1,0,0,1,0,0,0,1,1,1,1,0,1,1,0,1,0,0,1,1,1,0,1,0,1,0,0,0,0,1,0,0,0,1,1,0,0,1,1,0,1,0,1,1,0,1,1,0,1,1,0,0,1,0,1,0,0,1,1,1,0,1,1,1,1,1,0,1,1,1,1,1,0,0,0,1,0,0,1,1,0,1,1,0,0,0,1
125,0,0,0,0,0,0,0,0,0,1,0,1,0,0,1,0,1,0,1,1,0,0,1,1,1,1,0,1,0,0,0,1,0,0,1,1,0,0,0,0,0,0,1,1,1,1,1,1,0,0,0,1,1,1,0,0,1,0,1,0,1,1,1,1,1,0,1,1,1,0,0,0,1,1,0,1,0,0,1,1,1,0,0,0,1,0,0,1,0,0,1,0,0,0,1,1,1,0,1,1
126,0,1,0,0,1,0,1,0,1,1,0,1,0,1,1,0,1,0,0,0,1,1,1,1,0,0,1,1,1,0,0,1,1,0,0,0,0,0,1,1,0,1,1,0,1,0,0,1,0,0,0,1,1,1,1,0,0,0,1,1,0,1,1,0,0,1,0,0,1,0,1,1,1,0,0,0,1,1,0,1,1,0,0,1,0,0,1,0,0,1,1,0,0,0,1,0,1,0,1,0
127,0,1,1,1,0,1,1,1,0,0,0,1,0,0,1,0,0,0,0,0,1,1,1,0,1,0,1,1,0,0,0,1,0,1,0,1,0,1,0,0,0,1,1,1,0,0,0,1,0,0,1,1,0,1,1,1,0,1,0,1,0,0,1,1,1,0,0,1,1,0,1,0,0,0,1,0,0,1,0,1,1,1,0,0,0,1,1,1,1,1,1,0,1,1,1,0,0,1,0,1
128,1,0,1,0,0,1,0,0,1,0,0,1,1,1,1,1,0,1,1,0,0,0,1,0,1,0,1,1,1,1,0,1,0,1,0,0,0,0,0,1,1,0,0,0,1,0,0,0,0,0,1,0,1,0,0,1,1,0,1,0,1,0,1,0,1,0,0,0,0,0,0,0,0,1,0,0,0,0,1,1,0,1,0,1,0,0,0,1,1,0,1,1,1,1,0,0,1,1,0,0
129,1,1,1,1,1,0,0,0,0,1,1,1,0,0,1,0,1,0,1,1,1,1,0,1,0,0,0,1,0,1,1,1,0,1,0,1,0,0,0,0,0,1,0,1,1,0,0,1,0,1,1,1,0,1,0,0,0,0,0,0,1,0,0,1,1,0,0,0,0,1,1,0,1,1,1,1,0,0,1,1,0,0,0,1,0,0,0,1,0,0,1,1,0,1,0,1,1,1,1,0
130,0,1,1,1,0,1,1,1,1,0,0,1,0,1,1,0,1,0,1,0,1,0,1,1,1,1,1,1,0,0,0,1,1,1,0,1,0,1,0,0,1,1,1,1,1,0,0,0,0,0,0,0,1,1,0,0,0,0,0,0,0,1,1,0,0,0,0,0,0,0,0,0,0,0,0,1,1,1,0,0,0,0,0,1,0,0,0,0,0,0,0,0,1,0,0,1,0,0,0,1
131,1,0,1,0,0,1,0,0,1,0,0,0,0,0,0,1,0,1,1,0,0,1,1,0,0,1,0,1,0,0,0,0,0,0,0,0,0,1,0,0,0,0,1,1,1,0,1,1,0,0,1,0,1,1,0,1,0,0,1,0,0,1,0,0,1,1,1,0,1,0,1,0,0,1,1,1,1,1,1,1,0,1,0,1,1,0,1,0,1,1,1,1,0,0,0,1,0,0,1,1
132,0,0,0,1,1,0,0,0,1,1,0,1,1,0,1,0,0,0,1,0,0,1,0,1,1,1,0,0,0,1,1,1,0,0,1,1,0,0,0,0,0,0,1,0,1,0,1,1,1,1,0,0,1,1,0,0,0,1,0,0,1,0,0,1,0,0,1,1,1,0,1,1,0,1,1,0,0,1,1,1,0,0,0,0,0,0,0,1,1,1,0,0,0,1,1,0,1,1,1,1
133,0,0,1,1,1,1,1,1,0,0,1,1,0,0,0,0,0,1,0,1,0,1,1,1,1,1,0,0,0,0,0,1,0,0,0,0,0,1,1,0,1,0,1,0,0,1,1,1,0,1,1,1,1,1,1,1,1,0,0,1,1,0,0,1,1,1,0,0,0,0,0,0,1,0,0,0,0,1,0,1,0,1,0,0,1,0,0,0,1,0,0,0,1,1,0,0,0,0,1,1
134,0,0,1,1,1,0,1,1,0,0,1,1,1,0,0,0,0,1,0,1,0,1,1,1,1,1,0,0,0,0,0,1,0,0,0,0,0,1,0,0,1,1,1,0,0,1,1,0,0,1,0,1,0,1,0,0,1,0,0,0,0,1,1,1,1,1,1,1,1,1,0,0,1,0,1,0,1,0,1,1,1,1,1,1,0,0,1,0,0,0,0,0,0,1,1,0,1,1,1,0
135,1,0,0,0,0,1,1,1,0,1,1,1,0,0,1,1,0,0,0,0,0,1,0,1,0,0,1,1,0,0,0,1,0,0,0,1,1,1,1,0,1,0,1,0,1,0,1,1,1,1,1,1,0,1,0,1,1,0,0,1,0,0,0,0,0,1,1,0,0,0,0,0,0,1,0,0,0,0,0,1,0,0,0,0,0,0,1,0,1,0,1,1,0,1,1,0,1,0,0,1
136,0,1,1,1,0,0,1,1,0,0,0,0,0,0,0,1,1,0,0,0,0,1,0,0,1,0,1,1,0,1,1,0,0,1,1,0,1,0,0,1,0,0,1,1,0,0,1,1,0,0,0,1,1,1,0,0,0,1,1,0,1,0,1,1,0,1,1,0,0,1,1,0,0,0,1,0,0,0,0,1,0,1,0,1,1,0,0,1,1,0,0,0,0,1,1,0,0,0,1,0
137,1,0,0,0,0,1,1,0,1,0,1,0,1,0,0,1,0,0,0,0,0,0,0,1,0,0,0,1,0,0,0,0,0,0,1,1,0,0,1,1,0,0,0,0,0,1,1,1,1,0,0,0,1,1,1,0,0,1,0,0,1,0,1,1,0,1,1,1,0,1,0,0,0,0,1,1,1,1,1,0,1,0,0,1,1,1,1,0,1,1,0,1,0,0,0,0,0,0,1,0
138,0,1,0,0,1,0,0,1,1,0,0,1,0,0,0,0,1,1,0,1,1,0,0,1,1,0,0,0,1,0,0,0,1,0,1,1,0,1,1,0,1,0,1,1,1,0,1,0,0,1,0,0,1,0,1,0,0,0,1,0,1,0,1,1,0,0,1,1,1,0,1,0,1,1,1,1,1,0,1,0,1,0,0,1,0,1,1,1,1,0,0,0,0,1,0,0,1,0,1,0
139,1,0,0,1,1,0,1,0,1,0,0,1,0,0,0,1,0,1,1,0,1,0,1,1,1,1,1,0,1,0,0,1,1,1,0,0,0,0,1,0,1,1,0,1,0,0,1,0,0,1,0,0,0,0,1,1,0,0,1,0,0,0,0,1,0,0,1,1,1,1,1,0,1,1,1,0,1,1,0,1,0,0,0,1,0,0,1,1,0,1,0,1,1,1,1,1,1,0,1,1
140,0,0,1,0,1,1,1,0,1,0,1,0,0,1,1,0,1,1,1,0,0,1,0,0,1,1,0,1,0,0,1,0,0,1,1,0,1,0,1,1,1,1,1,1,0,0,1,1,1,1,1,1,0,0,0,0,1,1,1,1,1,0,0,1,0,1,0,0,0,1,0,1,0,1,0,0,0,1,0,0,0,1,1,1,0,1,0,1,0,1,0,0,0,0,1,1,1,1,0,1
141,1,1,0,0,1,0,0,0,0,0,0,1,0,0,1,0,0,1,0,1,1,0,1,1,0,1,1,0,1,1,0,0,0,1,0,0,0,0,1,0,0,1,1,1,1,1,1,1,1,0,1,0,1,1,1,1,0,0,1,0,0,1,0,1,1,0,1,1,1,0,0,0,1,0,0,0,1,1,0,0,1,1,0,1,0,0,0,0,0,0,1,1,0,1,0,0,0,1,1,1
142,0,0,0,0,0,0,0,1,1,0,0,0,0,1,0,1,1,0,1,0,1,0,1,1,1,1,0,0,0,1,0,0,0,1,0,1,0,0,0,0,1,0,1,1,0,0,1,0,1,0,1,1,0,0,1,1,1,1,1,1,0,0,1,1,0,1,1,1,1,0,1,1,0,1,0,0,1,0,1,0,1,0,1,0,1,0,0,0,0,1,0,0,1,0,1,0,1,1,1,0
143,1,1,0,0,1,0,0,0,0,0,0,1,1,0,1,0,0,1,0,1,0,0,1,1,1,1,1,0,1,0,0,0,1,1,0,0,0,0,1,0,0,0,1,1,1,0,1,1,1,0,0,1,0,0,0,1,0,1,1,1,1,1,0,0,1,1,0,1,1,0,0,0,0,1,1,0,1,0,1,1,0,0,1,0,1,0,1,1,0,0,0,1,1,0,1,1,0,0,0,1
144,1,1,0,1,1,0,1,0,0,1,0,0,0,1,0,0,1,0,0,0,1,0,0,1,0,1,0,1,0,0,0,0,1,1,0,0,0,1,0,0,1,0,0,0,0,0,1,1,0,0,0,0,1,0,0,0,0,1,1,0,0,0,0,0,0,0,1,0,0,0,0,1,1,1,0,0,0,1,0,0,1,0,0,1,0,0,1,1,1,0,1,0,0,1,0,0,0,0,1,0
145,1,1,1,1,0,1,0,0,0,0,0,0,0,1,1,1,0,1,1,0,0,0,0,1,0,1,1,0,1,1,1,0,0,0,0,1,1,1,0,1,0,1,0,1,0,0,0,0,0,0,1,0,0,0,1,0,0,0,0,0,0,1,0,0,0,0,1,0,1,0,0,0,1,0,1,0,0,1,1,1,0,1,0,1,0,0,1,1,0,0,1,0,0,0,0,0,0,0,0,0
146,1,1,0,0,0,0,0,0,1,1,1,1,0,1,1,1,0,0,0,0,1,0,0,1,1,1,1,1,0,0,1,1,1,1,1,0,0,1,0,0,1,0,0,0,0,1,1,0,1,0,1,1,0,0,0,0,0,0,1,1,1,1,0,1,1,1,0,0,0,0,1,0,0,0,1,1,1,1,0,0,1,1,1,1,0,0,0,1,0,0,1,0,0,0,0,0,1,0,1,0
147,1,1,0,0,0,0,0,0,1,1,1,1,0,1,1,1,0,0,1,0,0,1,0,1,1,1,1,1,0,1,1,1,1,1,0,0,0,1,0,1,1,0,1,0,0,1,1,0,0,1,1,1,0,1,1,0,0,0,0,1,0,1,0,0,0,1,0,1,0,0,0,1,0,1,1,1,1,0,1,1,0,0,1,0,0,1,1,1,1,0,0,1,0,1,1,1,0,1,1,0
148,1,1,1,1,1,0,0,0,1,1,0,0,1,0,0,0,0,0,1,0,0,1,0,0,1,1,1,1,0,1,1,0,1,1,0,0,1,0,0,0,1,0,1,1,0,1,0,0,0,1,0,0,0,1,1,1,1,0,1,1,1,0,0,1,0,0,0,0,0,0,0,1,0,0,1,0,0,0,0,0,0,0,0,0,1,1,1,1,0,0,1,0,0,0,0,0,1,1,0,0
149,1,0,0,0,1,1,0,1,0,1,0,1,0,1,0,0,1,1,1,0,1,1,0,0,1,0,1,0,0,0,0,0,1,1,0,1,1,1,0,1,1,0,0,1,1,0,1,0,0,0,1,0,0,1,1,0,1,1,1,1,1,0,1,1,1,0,0,1,1,0,0,0,1,0,1,0,0,0,1,0,0,1,1,1,1,0,1,0,0,1,0,0,0,0,1,0,1,0,0,0
150,1,1,0,1,0,0,0,1,0,1,1,0,0,0,0,1,0,0,0,0,1,0,0,1,0,1,1,1,0,1,1,0,1,0,1,0,0,0,0,0,1,0,0,0,0,1,1,1,1,1,1,0,0,0,1,1,1,1,1,0,1,1,0,1,1,1,1,1,1,1,1,1,0,1,1,0,1,0,0,0,0,0,0,1,0,1,0,0,1,0,0,1,1,1,0,0,1,1,0,1
151,1,0,0,0,1,0,0,0,0,1,0,1,0,1,0,0,1,1,0,1,1,0,0,1,1,0,0,1,1,0,0,1,1,1,0,1,0,1,1,0,1,0,0,1,0,0,1,1,0,0,1,1,1,1,0,0,1,0,0,0,1,1,0,1,1,0,1,0,0,0,0,1,0,1,1,1,1,1,1,0,0,1,0,0,1,1,1,1,0,1,1,1,1,1,0,0,1,0,0,0
152,1,1,0,1,0,0,0,0,1,0,0,0,1,1,0,0,0,1,1,1,1,1,1,1,0,1,1,0,0,1,0,0,0,0,0,1,0,0,0,0,0,1,1,1,1,1,1,1,0,0,1,0,1,0,0,0,0,1,1,0,1,1,0,0,1,1,0,0,0,0,1,1,0,1,0,1,1,0,0,0,0,0,1,1,1,1,0,1,0,1,1,0,0,0,0,0,1,0,1,1
153,0,1,0,0,0,1,0,1,1,1,0,1,1,0,1,0,1,0,0,0,1,0,0,0,1,1,0,0,0,1,1,1,1,0,1,0,1,0,0,0,0,1,1,0,1,1,1,0,0,1,0,0,0,1,1,0,1,1,1,1,0,1,0,0,1,0,0,1,0,0,1,0,1,0,1,1,1,0,1,1,1,0,0,0,1,0,0,0,0,0,1,0,0,0,0,0,1,0,1,1
154,0,0,0,1,0,0,1,1,1,0,1,1,0,1,0,0,0,0,1,0,0,1,1,1,0,1,0,0,1,1,0,0,1,1,1,1,0,1,0,0,1,0,0,1,1,1,1,0,1,1,0,1,0,0,0,1,1,0,1,0,1,0,1,1,0,1,1,1,1,1,1,1,1,0,1,1,1,0,0,1,0,1,0,1,0,1,1,1,0,1,0,0,0,0,1,1,1,0,0,0
155,1,1,1,1,0,1,1,0,0,1,0,1,0,0,0,1,0,1,0,1,0,1,0,0,1,1,1,1,1,0,0,0,1,0,0,1,0,0,1,0,0,1,1,0,1,0,1,1,0,0,1,1,1,1,0,1,1,1,0,0,0,0,1,1,1,1,0,1,0,1,1,0,0,1,1,0,1,0,0,1,0,0,0,1,0,0,1,0,1,0,0,1,0,1,1,1,1,1,1,1
156,0,0,0,1,0,0,0,0,1,0,1,1,1,1,1,0,1,0,1,0,0,0,1,1,1,0,0,0,0,1,1,0,1,1,1,0,0,0,0,0,0,1,0,1,0,1,1,0,0,0,0,1,0,0,0,0,0,1,0,1,0,0,1,0,1,1,0,0,0,0,1,1,0,1,1,0,1,1,0,0,0,1,1,0,1,0,0,1,0,0,1,0,1,1,1,1,1,1,1,1
157,0,0,1,1,1,1,0,1,1,0,0,1,0,1,1,0,0,1,1,0,1,1,1,0,1,1,0,0,0,0,0,0,0,0,1,1,0,0,1,1,1,0,1,1,0,1,1,1,1,0,1,0,1,0,0,1,1,0,0,0,1,1,0,1,1,1,1,1,0,0,1,1,1,1,1,1,1,1,0,0,1,1,1,0,0,1,1,1,0,0,0,0,1,0,1,0,1,0,0,1
158,1,1,1,1,0,1,0,0,0,0,1,1,0,0,1,1,1,0,1,1,1,0,0,1,0,0,0,0,1,0,0,0,1,0,1,1,0,1,1,1,1,1,1,0,1,0,0,1,1,0,0,1,1,0,0,1,0,1,1,0,0,1,1,0,1,0,0,0,0,1,1,1,1,0,1,1,0,0,1,0,1,1,0,1,0,1,1,1,1,0,0,1,1,0,0,1,0,0,0,0
159,0,0,0,1,0,0,1,1,0,1,0,0,1,0,1,1,1,0,0,1,0,0,1,0,0,1,0,0,1,1,1,1,0,0,1,0,0,0,1,0,0,0,0,0,1,1,1,1,0,1,0,0,0,0,0,1,1,1,0,0,0,0,1,1,1,0,1,0,1,1,0,0,1,0,0,1,0,0,1,1,0,1,0,0,1,0,0,0,1,0,0,0,0,0,1,1,1,1,0,1
160,1,0,0,1,0,0,1,0,1,1,0,1,1,0,0,0,1,0,1,1,1,1,0,1,0,0,1,0,0,1,1,1,1,0,0,1,0,0,1,1,1,0,1,0,0,0,0,0,0,1,0,0,0,1,1,0,1,1,0,0,0,0,0,0,0,0,0,0,0,0,1,0,0,1,1,0,1,1,0,0,0,0,0,1,0,1,0,0,1,0,1,1,1,0,0,1,0,1,1,0
161,0,1,1,0,0,0,1,1,0,1,1,1,1,1,0,0,1,0,0,0,1,0,0,1,0,1,0,1,1,1,0,1,1,1,1,1,1,1,0,1,0,1,1,1,1,0,0,0,0,0,0,1,0,0,0,0,0,1,0,1,1,1,0,1,1,0,0,0,0,1,1,0,1,1,1,1,0,1,1,0,1,1,1,1,0,0,0,1,1,1,0,1,1,0,1,1,0,0,0,1
162,1,1,1,0,0,0,0,1,1,1,0,1,1,0,1,0,1,1,1,0,1,0,0,1,1,0,0,1,1,0,1,0,1,0,1,0,1,0,1,0,1,1,0,1,0,1,0,1,0,0,0,1,1,1,0,1,0,0,1,0,1,0,1,0,1,0,1,0,1,1,0,0,1,1,1,1,0,1,1,0,0,0,1,0,1,0,1,0,1,1,0,1,0,0,1,1,0,1,1,0
163,0,1,1,0,1,0,1,1,0,1,1,0,1,1,1,0,1,0,1,0,1,1,1,0,0,1,0,1,0,1,0,1,0,0,1,1,0,0,0,1,1,1,0,0,0,0,0,1,1,0,0,0,1,1,0,0,0,1,1,0,0,0,0,0,0,0,1,1,1,0,1,0,0,1,1,0,1,0,1,1,1,1,1,0,1,1,0,0,0,0,1,0,1,1,0,1,0,0,1,1
164,0,0,0,1,1,0,0,1,0,0,1,0,1,0,1,0,1,0,0,1,0,0,0,0,0,0,0,1,1,0,1,0,1,0,1,0,1,1,0,0,0,1,0,1,0,0,0,0,0,1,0,1,0,0,0,1,1,0,1,1,1,1,0,1,0,0,1,0,1,1,0,0,1,0,1,1,1,1,0,1,1,0,0,1,0,0,0,1,0,0,0,1,0,1,0,0,0,1,0,1
165,0,1,0,1,1,1,0,1,0,0,1,0,0,0,1,0,1,0,0,0,0,0,0,1,0,0,0,1,1,0,0,1,1,0,1,0,1,0,0,1,1,0,1,1,0,0,0,0,0,1,0,0,1,1,0,0,0,1,1,0,0,0,0,0,1,0,1,0,1,0,1,1,0,0,0,0,1,1,0,0,1,1,1,0,1,1,1,0,0,0,1,1,0,1,0,1,0,1,1,1
166,1,1,1,0,0,1,0,0,0,1,1,0,0,0,1,0,0,0,0,0,1,0,0,0,1,1,0,0,0,1,0,1,0,0,0,1,0,1,1,0,1,0,0,1,1,1,0,1,1,1,0,1,1,0,0,0,0,1,0,1,0,1,1,1,0,0,1,0,1,0,0,0,1,1,0,1,0,1,0,1,1,0,0,0,1,1,0,0,0,1,0,1,1,1,1,1,0,1,1,0
167,0,1,1,0,0,1,1,1,1,0,0,0,1,0,1,0,0,1,1,0,0,0,0,0,0,1,0,1,0,0,0,0,0,0,0,1,0,1,1,0,0,0,0,0,1,0,0,0,0,0,0,1,1,1,0,1,1,0,1,1,1,0,1,0,1,1,0,0,0,0,0,1,0,1,0,0,0,0,1,1,1,1,0,0,0,0,1,1,0,1,0,1,0,1,1,1,0,0,1,1
168,1,1,0,1,0,0,0,0,0,1,0,1,1,0,1,1,1,0,1,1,1,1,1,1,0,1,0,1,0,1,0,0,1,0,1,1,1,1,0,1,0,0,1,0,0,1,1,1,1,1,0,0,0,0,0,1,0,0,1,0,1,1,0,0,1,0,0,0,0,0,0,0,0,0,1,1,0,0,0,1,1,1,0,1,0,1,0,1,1,0,1,0,0,1,1,1,1,0,1,0
169,0,1,0,1,0,1,0,0,0,1,0,0,0,0,1,1,0,0,0,0,1,0,0,0,1,0,1,1,1,1,0,0,1,1,1,0,0,1,1,0,1,1,0,1,1,1,0,1,0,1,0,1,1,1,0,1,0,0,1,1,1,0,1,1,1,0,0,1,1,0,0,0,1,0,0,1,0,1,1,1,1,1,0,0,1,1,0,0,1,0,1,1,1,1,1,0,1,1,0,0
170,0,1,0,1,0,1,1,0,1,0,0,1,0,0,1,0,0,1,0,1,0,0,1,1,0,1,0,0,0,0,1,0,0,0,0,0,1,1,0,0,0,0,0,0,1,1,0,1,1,1,0,0,0,0,0,1,1,1,1,1,0,0,0,1,1,0,1,1,0,0,1,1,1,1,0,1,0,1,1,1,0,0,1,0,0,0,1,0,1,0,1,1,1,0,1,0,1,1,0,1
171,1,1,1,0,0,1,0,0,1,1,0,0,1,1,1,1,0,0,0,1,0,1,0,0,1,1,1,0,1,0,1,1,0,1,0,1,1,1,0,0,0,0,1,1,1,1,0,0,1,1,0,1,1,1,1,1,1,0,0,1,0,1,0,1,0,1,1,0,1,0,1,0,1,0,1,0,1,1,0,1,1,1,1,1,0,1,1,0,1,1,0,1,0,1,1,1,0,0,0,0
172,0,0,1,0,1,0,0,0,0,1,1,0,0,0,0,0,0,1,1,1,0,1,1,0,1,1,0,0,0,0,0,1,0,1,0,1,1,1,1,0,1,1,1,0,1,0,1,0,1,0,0,0,1,0,0,1,0,1,1,0,1,1,1,0,1,0,0,0,0,0,0,0,1,1,1,0,0,1,0,1,1,0,0,0,1,1,1,0,1,1,0,1,0,0,1,1,1,1,0,0
173,0,1,1,1,1,0,1,0,0,0,0,1,0,1,0,0,0,0,0,1,0,1,0,0,0,1,0,0,0,0,1,0,1,0,1,0,0,0,0,1,0,1,1,0,1,0,0,1,0,0,1,0,0,1,0,1,1,1,1,1,1,1,1,0,1,0,1,0,1,0,1,1,0,1,0,1,0,1,1,1,0,0,1,0,0,0,0,0,0,0,0,1,0,0,1,0,0,0,0,0
174,0,0,1,0,1,0,1,1,1,0,1,1,0,0,1,1,1,0,0,0,1,1,0,1,0,0,0,1,1,1,0,1,1,0,1,1,1,0,1,0,0,0,0,1,0,1,1,1,0,1,0,0,0,1,0,0,0,1,1,1,1,1,1,0,1,0,1,0,1,0,0,0,0,1,1,1,0,1,0,0,0,1,1,0,0,1,1,0,0,0,0,0,0,1,1,0,0,0,0,0
175,1,0,0,0,0,1,0,0,1,1,0,0,1,1,1,1,0,0,0,0,0,0,0,1,1,0,0,1,1,1,0,1,1,0,0,1,0,1,0,1,0,0,0,0,0,1,1,1,0,0,0,0,0,0,1,0,1,0,0,1,0,0,1,0,1,0,1,1,1,0,1,1,1,1,0,1,0,1,1,0,0,0,1,0,1,0,1,0,1,0,1,1,1,0,1,0,1,0,0,1
176,0,1,0,0,0,0,1,1,1,0,0,0,0,0,1,1,0,0,0,1,1,1,0,1,1,0,0,0,0,1,0,0,0,0,0,0,1,0,1,1,0,0,0,0,1,0,0,0,0,0,1,0,1,0,1,0,0,1,1,0,1,1,1,0,1,1,1,0,0,1,1,1,0,1,0,0,1,1,1,0,0,0,1,0,1,0,1,0,1,1,0,0,0,0,0,0,1,1,0,0
177,0,1,0,0,0,0,1,1,1,0,0,0,0,0,0,1,0,0,1,1,1,1,0,1,1,0,0,0,0,0,0,0,0,0,0,1,1,0,1,1,0,0,0,0,1,0,0,0,0,0,1,1,0,1,1,0,0,1,1,0,0,1,0,1,1,1,0,0,0,1,0,1,1,0,0,0,1,1,1,1,0,1,1,1,1,0,1,0,0,1,0,1,0,0,1,1,0,1,1,0
178,0,0,0,1,1,0,1,0,1,1,0,1,0,0,1,1,1,0,0,0,1,1,0,1,0,1,1,1,0,1,1,0,0,1,0,0,0,1,1,1,0,0,1,0,1,1,1,0,0,0,1,0,1,0,0,1,1,0,1,0,1,0,1,0,1,1,0,0,1,1,0,1,1,0,0,1,1,0,0,0,1,0,0,1,0,0,1,1,1,1,0,0,0,1,1,1,1,0,0,1
179,0,1,1,1,0,1,0,1,1,0,0,1,0,1,0,0,1,0,1,0,0,0,1,1,0,1,0,1,0,1,0,1,0,1,1,0,1,1,0,0,0,1,0,0,0,1,0,1,0,0,1,0,1,0,1,1,0,1,1,1,0,0,0,1,0,1,0,0,0,1,1,0,0,1,0,1,1,1,1,1,1,0,1,0,0,0,0,0,1,0,1,1,1,1,1,1,1,0,0,1
180,0,0,1,1,0,1,0,0,0,1,0,1,1,1,1,1,1,0,0,1,1,1,1,1,1,0,0,1,1,1,0,0,0,1,0,0,1,1,0,0,1,1,0,0,0,0,1,1,1,0,0,0,0,1,0,1,1,1,1,1,0,1,0,0,1,0,0,0,0,0,1,0,0,1,0,1,1,0,1,1,0,1,0,1,0,0,0,0,0,1,0,1,1,1,1,0,0,1,1,0
181,0,0,1,1,0,1,1,1,0,1,0,1,0,0,0,0,1,1,1,0,0,0,1,0,1,1,1,0,1,1,1,1,1,0,0,1,0,1,0,1,1,1,0,1,0,1,1,1,1,1,0,1,1,1,1,0,0,0,1,1,0,1,0,0,1,1,1,0,1,0,1,0,1,0,1,0,0,1,1,0,0,0,0,0,1,0,1,1,1,1,1,1,0,0,1,0,1,1,0,1
182,0,0,1,1,0,0,0,1,1,1,1,0,0,1,0,0,0,1,1,0,0,1,1,0,1,0,0,0,0,1,0,0,0,0,0,1,0,1,1,1,1,1,0,0,1,1,1,1,1,1,0,0,0,0,0,0,1,0,0,1,1,1,1,1,0,0,1,1,0,1,1,1,1,1,1,1,0,0,0,1,0,0,0,1,0,0,1,1,0,1,1,1,0,0,0,1,1,0,1,0
183,0,0,0,0,1,0,0,1,1,1,0,1,1,0,1,0,1,1,0,0,0,1,0,0,0,1,1,1,1,0,1,0,1,0,0,1,0,0,0,1,0,0,1,0,0,0,0,1,0,0,0,0,0,1,0,0,1,0,1,1,0,0,0,1,1,0,1,1,1,0,0,0,0,0,0,1,1,0,0,0,0,1,0,1,1,0,0,0,1,0,0,0,1,0,0,1,0,1,1,1
184,1,1,0,1,1,1,1,0,0,1,1,0,0,0,1,1,0,1,0,0,1,0,1,1,0,0,0,0,1,0,1,0,0,0,0,0,0,0,0,1,1,0,0,1,0,0,0,1,0,1,1,0,0,1,1,0,0,1,0,1,0,0,1,1,0,1,0,0,1,0,0,1,1,0,0,1,0,0,0,0,1,1,1,0,1,0,0,0,1,1,0,1,0,1,1,1,1,0,0,0
185,1,1,1,1,1,1,0,1,1,1,1,0,0,0,0,1,0,1,1,1,0,1,0,0,0,0,0,0,0,1,1,0,1,0,0,0,0,0,0,1,1,0,1,0,1,1,1,0,1,1,1,0,0,0,1,0,1,0,1,0,1,1,1,1,1,0,0,0,0,0,0,1,0,0,0,1,1,0,0,0,0,1,1,0,0,0,0,0,0,1,0,0,1,0,0,0,1,0,0,1
186,1,1,1,0,1,1,0,0,0,0,1,1,0,1,1,0,1,0,1,1,0,1,1,0,1,1,0,1,1,1,0,1,1,0,1,1,1,0,0,0,1,0,1,0,0,0,1,0,1,0,1,0,0,0,1,0,0,0,1,0,0,0,0,0,1,0,0,0,0,0,1,0,1,1,1,1,1,0,0,0,0,1,0,0,0,0,0,0,1,0,0,1,1,0,1,0,0,0,0,1
187,0,1,1,0,1,0,1,1,0,0,0,1,0,0,1,0,0,1,1,0,0,0,1,1,0,1,0,0,1,1,0,0,0,0,1,0,1,0,0,0,1,1,0,0,0,1,1,1,0,0,1,1,0,1,1,1,0,1,0,1,0,0,1,0,1,0,1,1,1,0,1,1,1,0,0,0,0,0,0,0,0,0,0,0,1,0,0,0,0,0,1,1,0,0,0,1,1,1,0,0
188,1,0,0,1,0,0,0,1,0,1,0,0,0,1,0,0,0,0,1,0,0,0,1,0,1,1,0,0,1,0,0,1,1,0,1,0,0,0,0,0,0,0,0,0,0,0,0,0,1,0,1,0,0,0,0,1,1,0,1,0,0,1,0,1,1,0,0,0,0,0,1,0,1,1,0,0,1,1,0,0,0,0,1,0,0,0,1,1,0,0,0,1,1,1,1,0,0,0,1,1
189,0,0,0,0,0,1,1,0,0,1,1,0,0,1,0,0,0,0,0,1,0,0,1,1,0,1,1,1,0,0,1,0,1,1,1,1,1,0,1,0,0,1,0,1,1,0,0,0,0,1,1,0,0,0,0,0,1,0,1,1,0,1,0,0,0,0,0,0,0,0,1,1,0,1,1,1,0,0,0,1,1,0,1,0,1,1,0,1,0,1,0,1,1,1,1,1,1,0,1,1
190,0,0,0,0,1,1,1,0,1,1,0,0,0,1,1,0,1,0,1,0,1,1,0,1,0,1,1,1,0,0,0,0,0,0,1,0,0,0,0,0,0,0,1,1,1,0,0,1,1,1,0,0,0,0,0,1,0,1,0,1,0,0,1,0,0,0,0,1,1,0,1,0,1,1,0,1,0,1,0,1,1,0,0,1,1,1,0,1,1,1,0,1,0,0,0,0,1,1,1,1
191,0,0,1,0,0,0,0,1,1,0,1,1,0,1,1,0,0,1,1,0,1,0,1,0,0,1,1,0,0,0,0,1,1,0,0,0,1,1,1,0,0,1,1,1,0,1,0,0,0,1,1,0,0,1,1,1,0,0,1,1,0,1,1,0,1,1,0,0,0,1,1,1,0,1,0,0,1,0,1,0,0,0,1,0,1,1,0,1,0,1,1,1,1,0,1,1,1,1,1,1
192,1,0,0,0,0,1,1,1,0,1,0,1,1,1,1,0,1,0,0,0,1,1,1,1,0,1,1,0,0,0,0,0,0,1,1,1,0,1,0,1,1,1,1,1,0,0,1,1,1,1,1,0,0,0,1,1,0,0,1,1,0,1,1,1,0,0,1,1,1,0,0,0,0,0,0,1,0,1,1,1,0,1,0,0,1,1,1,1,1,0,0,1,1,0,0,1,1,1,0,0
193,1,0,1,0,0,0,0,0,1,0,0,0,0,1,1,0,1,1,1,0,1,0,1,0,0,0,1,0,0,0,0,1,1,0,0,1,1,0,1,0,0,1,1,0,0,1,0,1,0,1,0,0,0,0,1,0,0,1,1,0,1,1,0,0,0,0,0,1,1,0,1,1,1,0,0,1,1,0,0,1,1,1,1,0,0,0,0,1,1,0,1,1,1,1,0,1,0,0,0,1
194,1,1,0,0,0,0,0,1,1,0,0,1,0,1,0,1,0,1,0,1,0,1,0,0,1,0,1,1,1,1,0,0,1,1,0,0,1,1,1,1,1,1,1,0,1,1,0,1,0,1,0,1,0,1,0,0,1,0,0,1,1,1,1,1,1,0,0,1,1,1,0,0,0,0,1,1,0,1,1,1,0,1,1,1,1,0,0,0,0,0,1,1,0,0,0,1,0,0,1,0
195,1,0,1,1,0,0,0,0,0,1,1,1,1,1,0,0,0,0,0,0,0,1,0,0,1,0,1,1,1,0,1,1,0,1,1,0,0,1,1,0,0,1,1,0,0,0,0,0,0,0,1,0,1,0,0,0,0,0,1,1,1,0,1,0,0,1,0,0,0,0,1,0,1,1,0,0,0,0,1,1,1,0,1,1,0,0,0,1,1,0,1,0,1,0,1,1,1,1,0,0
196,1,0,0,0,1,1,0,1,0,1,0,1,1,0,1,0,0,0,1,0,1,0,0,1,1,0,1,0,1,1,1,0,1,0,0,0,0,0,0,0,0,0,0,0,1,1,1,0,1,0,0,0,1,0,1,0,1,0,0,0,0,0,0,0,0,1,0,0,0,0,0,1,0,1,0,0,0,0,0,1,0,1,0,1,1,0,1,1,1,0,0,0,0,0,0,1,0,1,0,0
197,0,0,1,0,1,1,0,0,1,0,1,0,1,1,1,1,0,0,1,0,0,0,0,0,1,0,0,1,0,0,0,0,1,0,0,0,0,1,1,1,0,1,0,0,0,1,0,1,0,1,1,0,0,0,0,0,0,0,1,1,1,1,1,1,0,1,0,0,0,1,1,0,0,0,0,0,1,0,0,0,0,1,0,0,0,0,1,1,1,1,0,1,1,0,0,1,1,0,1,0
198,1,1,0,1,0,1,0,0,0,1,0,1,1,1,0,0,1,0,0,0,1,1,1,1,0,1,0,0,0,0,0,0,1,1,1,1,0,1,0,0,0,1,0,0,0,0,0,1,1,1,0,1,0,0,1,1,1,0,1,1,0,1,1,1,1,1,0,0,0,1,1,0,0,1,0,0,0,0,0,0,0,1,1,0,0,0,1,0,1,1,1,0,0,0,1,0,1,0,0,1
199,1,0,1,0,0,1,1,0,0,1,0,1,1,1,1,0,1,0,0,1,1,1,1,1,0,0,0,0,1,0,0,1,1,1,1,0,0,1,1,0,0,0,1,1,0,0,1,1,0,0,1,0,1,1,0,1,1,1,0,0,0,0,1,0,0,0,1,1,0,1,0,0,1,0,1,0,1,0,0,1,1,0,1,0,1,0,0,0,1,1,1,0,0,1,1,1,1,1,1,0
